P	PDB	-	files/pdb/1aky.pdb	A	8	Val	Ile
P	PDB	-	files/pdb/1aky.pdb	A	48	Gln	Glu
P	PDB	-	files/pdb/1aky.pdb	A	77	Thr	His
P	PDB	-	files/pdb/1aky.pdb	A	110	Thr	His
P	PDB	-	files/pdb/1aky.pdb	A	169	Asn	Asp
P	PDB	-	files/pdb/1aky.pdb	A	213	Ile	Phe
P	PDB	-	files/pdb/1am7.pdb	A	31	His	Asp
P	PDB	-	files/pdb/1ank.pdb	A	84	Asp	His
P	PDB	-	files/pdb/1ank.pdb	A	85	Gly	Val
P	PDB	-	files/pdb/1ank.pdb	A	86	Phe	Leu
P	PDB	-	files/pdb/1ank.pdb	A	88	Arg	Gly
P	PDB	-	files/pdb/1ayf.pdb	A	54	Thr	Ala
P	PDB	-	files/pdb/1ayf.pdb	A	54	Thr	Ser
P	PDB	-	files/pdb/1ayf.pdb	A	56	His	Gln
P	PDB	-	files/pdb/1ayf.pdb	A	56	His	Arg
P	PDB	-	files/pdb/1ayf.pdb	A	56	His	Thr
P	PDB	-	files/pdb/1ayf.pdb	A	76	Asp	Glu
P	PDB	-	files/pdb/1ayf.pdb	A	82	Tyr	Phe
P	PDB	-	files/pdb/1ayf.pdb	A	82	Tyr	Leu
P	PDB	-	files/pdb/1ayf.pdb	A	82	Tyr	Ser
P	PDB	-	files/pdb/1ayf.pdb	A	95	Cys	Ser
P	PDB	-	files/pdb/1azp.pdb	A	24	Trp	Ala
P	PDB	-	files/pdb/1azp.pdb	A	30	Val	Ile
P	PDB	-	files/pdb/1bni.pdb	A	8	Asp	Ala
P	PDB	-	files/pdb/1bni.pdb	A	8	Asp	Gly
P	PDB	-	files/pdb/1bni.pdb	A	12	Asp	Gly
P	PDB	-	files/pdb/1bni.pdb	A	14	Leu	Ala
P	PDB	-	files/pdb/1bni.pdb	A	16	Thr	Arg
P	PDB	-	files/pdb/1bni.pdb	A	22	Asp	Met
P	PDB	-	files/pdb/1bni.pdb	A	26	Thr	Gly
P	PDB	-	files/pdb/1bni.pdb	A	51	Ile	Val
P	PDB	-	files/pdb/1bni.pdb	A	52	Gly	Ala
P	PDB	-	files/pdb/1bni.pdb	A	53	Gly	Ala
P	PDB	-	files/pdb/1bni.pdb	A	53	Gly	Val
P	PDB	-	files/pdb/1bni.pdb	A	54	Asp	Asn
P	PDB	-	files/pdb/1bni.pdb	A	69	Arg	Met
P	PDB	-	files/pdb/1bni.pdb	A	83	Arg	Gln
P	PDB	-	files/pdb/1bni.pdb	A	88	Ile	Ala
P	PDB	-	files/pdb/1bni.pdb	A	88	Ile	Val
P	PDB	-	files/pdb/1bni.pdb	A	91	Ser	Ala
P	PDB	-	files/pdb/1bni.pdb	A	92	Ser	Ala
P	PDB	-	files/pdb/1bni.pdb	A	96	Ile	Ala
P	PDB	-	files/pdb/1bni.pdb	A	96	Ile	Val
P	PDB	-	files/pdb/1bvc.pdb	A	9	Leu	Ala
P	PDB	-	files/pdb/1bvc.pdb	A	11	Leu	Ala
P	PDB	-	files/pdb/1bvc.pdb	A	13	Val	Ala
P	PDB	-	files/pdb/1bvc.pdb	A	23	Gly	Ala
P	PDB	-	files/pdb/1bvc.pdb	A	28	Ile	Ala
P	PDB	-	files/pdb/1bvc.pdb	A	28	Ile	Leu
P	PDB	-	files/pdb/1bvc.pdb	A	28	Ile	Met
P	PDB	-	files/pdb/1bvc.pdb	A	28	Ile	Val
P	PDB	-	files/pdb/1bvc.pdb	A	29	Leu	Ala
P	PDB	-	files/pdb/1bvc.pdb	A	29	Leu	Ile
P	PDB	-	files/pdb/1bvc.pdb	A	29	Leu	Met
P	PDB	-	files/pdb/1bvc.pdb	A	29	Leu	Val
P	PDB	-	files/pdb/1bvc.pdb	A	49	Leu	Ile
P	PDB	-	files/pdb/1bvc.pdb	A	51	Thr	Ala
P	PDB	-	files/pdb/1bvc.pdb	A	66	Val	Ala
P	PDB	-	files/pdb/1bvc.pdb	A	67	Thr	Ala
P	PDB	-	files/pdb/1bvc.pdb	A	69	Leu	Ala
P	PDB	-	files/pdb/1bvc.pdb	A	69	Leu	Ile
P	PDB	-	files/pdb/1bvc.pdb	A	69	Leu	Met
P	PDB	-	files/pdb/1bvc.pdb	A	69	Leu	Val
P	PDB	-	files/pdb/1bvc.pdb	A	88	Pro	Ala
P	PDB	-	files/pdb/1bvc.pdb	A	111	Ile	Ala
P	PDB	-	files/pdb/1bvc.pdb	A	111	Ile	Leu
P	PDB	-	files/pdb/1bvc.pdb	A	111	Ile	Met
P	PDB	-	files/pdb/1bvc.pdb	A	114	Val	Ala
P	PDB	-	files/pdb/1bvc.pdb	A	116	His	Ala
P	PDB	-	files/pdb/1bvc.pdb	A	117	Ser	Ala
P	PDB	-	files/pdb/1bvc.pdb	A	129	Gly	Ala
P	PDB	-	files/pdb/1bvc.pdb	A	135	Leu	Ile
P	PDB	-	files/pdb/1bvc.pdb	A	135	Leu	Met
P	PDB	-	files/pdb/1bvc.pdb	A	135	Leu	Val
P	PDB	-	files/pdb/1bvc.pdb	A	137	Leu	Ala
P	PDB	-	files/pdb/1bvc.pdb	A	142	Ile	Ala
P	PDB	-	files/pdb/1bvc.pdb	A	142	Ile	Leu
P	PDB	-	files/pdb/1bvc.pdb	A	142	Ile	Met
P	PDB	-	files/pdb/1bvc.pdb	A	142	Ile	Val
P	PDB	-	files/pdb/1bvc.pdb	A	149	Leu	Ala
P	PDB	-	files/pdb/1c52.pdb	A	69	Met	Ala
P	PDB	-	files/pdb/1c52.pdb	A	69	Met	His
P	PDB	-	files/pdb/1c8c.pdb	A	24	Trp	Ala
P	PDB	-	files/pdb/1c8c.pdb	A	30	Ile	Val
P	PDB	-	files/pdb/1c8c.pdb	A	32	Phe	Tyr
P	PDB	-	files/pdb/1c9o.pdb	A	2	Gln	Leu
P	PDB	-	files/pdb/1c9o.pdb	A	3	Arg	Ala
P	PDB	-	files/pdb/1c9o.pdb	A	3	Arg	Glu
P	PDB	-	files/pdb/1c9o.pdb	A	3	Arg	Lys
P	PDB	-	files/pdb/1c9o.pdb	A	3	Arg	Leu
P	PDB	-	files/pdb/1c9o.pdb	A	11	Asn	Ser
P	PDB	-	files/pdb/1c9o.pdb	A	12	Glu	Lys
P	PDB	-	files/pdb/1c9o.pdb	A	15	Tyr	Phe
P	PDB	-	files/pdb/1c9o.pdb	A	21	Glu	Ala
P	PDB	-	files/pdb/1c9o.pdb	A	21	Glu	Lys
P	PDB	-	files/pdb/1c9o.pdb	A	23	Gly	Gln
P	PDB	-	files/pdb/1c9o.pdb	A	24	Ser	Asp
P	PDB	-	files/pdb/1c9o.pdb	A	29	His	Glu
P	PDB	-	files/pdb/1c9o.pdb	A	31	Thr	Ser
P	PDB	-	files/pdb/1c9o.pdb	A	36	Glu	Lys
P	PDB	-	files/pdb/1c9o.pdb	A	46	Glu	Ala
P	PDB	-	files/pdb/1c9o.pdb	A	46	Glu	Lys
P	PDB	-	files/pdb/1c9o.pdb	A	50	Glu	Lys
P	PDB	-	files/pdb/1c9o.pdb	A	53	Gln	Glu
P	PDB	-	files/pdb/1c9o.pdb	A	55	Asn	Lys
P	PDB	-	files/pdb/1c9o.pdb	A	56	Arg	Glu
P	PDB	-	files/pdb/1c9o.pdb	A	64	Val	Thr
P	PDB	-	files/pdb/1c9o.pdb	A	66	Leu	Glu
P	PDB	-	files/pdb/1chk.pdb	A	28	Trp	Phe
P	PDB	-	files/pdb/1chk.pdb	A	101	Trp	Phe
P	PDB	-	files/pdb/1chk.pdb	A	227	Trp	Phe
P	PDB	-	files/pdb/1csp.pdb	A	1	Met	Arg
P	PDB	-	files/pdb/1csp.pdb	A	2	Leu	Arg
P	PDB	-	files/pdb/1csp.pdb	A	3	Glu	Lys
P	PDB	-	files/pdb/1csp.pdb	A	3	Glu	Leu
P	PDB	-	files/pdb/1csp.pdb	A	3	Glu	Gln
P	PDB	-	files/pdb/1csp.pdb	A	3	Glu	Arg
P	PDB	-	files/pdb/1csp.pdb	A	3	Glu	Val
P	PDB	-	files/pdb/1csp.pdb	A	10	Asn	Asp
P	PDB	-	files/pdb/1csp.pdb	A	15	Phe	Ala
P	PDB	-	files/pdb/1csp.pdb	A	17	Phe	Ala
P	PDB	-	files/pdb/1csp.pdb	A	25	Asp	Gln
P	PDB	-	files/pdb/1csp.pdb	A	27	Phe	Ala
P	PDB	-	files/pdb/1csp.pdb	A	38	Phe	Ala
P	PDB	-	files/pdb/1csp.pdb	A	43	Glu	Ser
P	PDB	-	files/pdb/1csp.pdb	A	46	Ala	Glu
P	PDB	-	files/pdb/1csp.pdb	A	46	Ala	Lys
P	PDB	-	files/pdb/1csp.pdb	A	46	Ala	Leu
P	PDB	-	files/pdb/1csp.pdb	A	48	Ser	Glu
P	PDB	-	files/pdb/1csp.pdb	A	48	Ser	Lys
P	PDB	-	files/pdb/1csp.pdb	A	48	Ser	Arg
P	PDB	-	files/pdb/1csp.pdb	A	50	Glu	Gln
P	PDB	-	files/pdb/1csp.pdb	A	56	Arg	Gln
P	PDB	-	files/pdb/1csp.pdb	A	64	Thr	Arg
P	PDB	-	files/pdb/1csp.pdb	A	65	Lys	Ile
P	PDB	-	files/pdb/1csp.pdb	A	66	Glu	Lys
P	PDB	-	files/pdb/1csp.pdb	A	66	Glu	Leu
P	PDB	-	files/pdb/1csp.pdb	A	66	Glu	Val
P	PDB	-	files/pdb/1cyo.pdb	A	35	Phe	His
P	PDB	-	files/pdb/1cyo.pdb	A	35	Phe	Leu
P	PDB	-	files/pdb/1cyo.pdb	A	35	Phe	Tyr
P	PDB	-	files/pdb/1cyo.pdb	A	45	Val	Glu
P	PDB	-	files/pdb/1cyo.pdb	A	45	Val	His
P	PDB	-	files/pdb/1cyo.pdb	A	45	Val	Tyr
P	PDB	-	files/pdb/1cyo.pdb	A	61	Val	Glu
P	PDB	-	files/pdb/1cyo.pdb	A	61	Val	His
P	PDB	-	files/pdb/1cyo.pdb	A	61	Val	Lys
P	PDB	-	files/pdb/1cyo.pdb	A	61	Val	Tyr
P	PDB	-	files/pdb/1e0w.pdb	A	85	Trp	Ala
P	PDB	-	files/pdb/1e0w.pdb	A	85	Trp	Phe
P	PDB	-	files/pdb/1e0w.pdb	A	85	Trp	His
P	PDB	-	files/pdb/1e0w.pdb	A	172	Tyr	Ala
P	PDB	-	files/pdb/1e0w.pdb	A	172	Tyr	Phe
P	PDB	-	files/pdb/1e0w.pdb	A	172	Tyr	Ser
P	PDB	-	files/pdb/1e0w.pdb	A	266	Trp	Ala
P	PDB	-	files/pdb/1e0w.pdb	A	266	Trp	Phe
P	PDB	-	files/pdb/1e0w.pdb	A	266	Trp	His
P	PDB	-	files/pdb/1e0w.pdb	A	274	Trp	Ala
P	PDB	-	files/pdb/1e0w.pdb	A	274	Trp	Phe
P	PDB	-	files/pdb/1e0w.pdb	A	274	Trp	His
P	PDB	-	files/pdb/1ey0.pdb	A	18	Ile	Met
P	PDB	-	files/pdb/1ey0.pdb	A	21	Asp	Lys
P	PDB	-	files/pdb/1ey0.pdb	A	21	Asp	Asn
P	PDB	-	files/pdb/1ey0.pdb	A	23	Val	Ala
P	PDB	-	files/pdb/1ey0.pdb	A	24	Lys	Gly
P	PDB	-	files/pdb/1ey0.pdb	A	25	Leu	Ala
P	PDB	-	files/pdb/1ey0.pdb	A	29	Gly	Cys
P	PDB	-	files/pdb/1ey0.pdb	A	29	Gly	Phe
P	PDB	-	files/pdb/1ey0.pdb	A	32	Met	Ile
P	PDB	-	files/pdb/1ey0.pdb	A	32	Met	Leu
P	PDB	-	files/pdb/1ey0.pdb	A	33	Thr	Val
P	PDB	-	files/pdb/1ey0.pdb	A	41	Thr	Ile
P	PDB	-	files/pdb/1ey0.pdb	A	46	His	Tyr
P	PDB	-	files/pdb/1ey0.pdb	A	50	Gly	Cys
P	PDB	-	files/pdb/1ey0.pdb	A	50	Gly	Phe
P	PDB	-	files/pdb/1ey0.pdb	A	57	Glu	Cys
P	PDB	-	files/pdb/1ey0.pdb	A	57	Glu	Phe
P	PDB	-	files/pdb/1ey0.pdb	A	59	Ser	Ala
P	PDB	-	files/pdb/1ey0.pdb	A	60	Ala	Cys
P	PDB	-	files/pdb/1ey0.pdb	A	66	Val	Ala
P	PDB	-	files/pdb/1ey0.pdb	A	66	Val	Leu
P	PDB	-	files/pdb/1ey0.pdb	A	66	Val	Trp
P	PDB	-	files/pdb/1ey0.pdb	A	69	Ala	Thr
P	PDB	-	files/pdb/1ey0.pdb	A	70	Lys	Cys
P	PDB	-	files/pdb/1ey0.pdb	A	70	Lys	Phe
P	PDB	-	files/pdb/1ey0.pdb	A	78	Lys	Cys
P	PDB	-	files/pdb/1ey0.pdb	A	78	Lys	Phe
P	PDB	-	files/pdb/1ey0.pdb	A	79	Gly	Ser
P	PDB	-	files/pdb/1ey0.pdb	A	88	Gly	Val
P	PDB	-	files/pdb/1ey0.pdb	A	89	Leu	Phe
P	PDB	-	files/pdb/1ey0.pdb	A	90	Ala	Ser
P	PDB	-	files/pdb/1ey0.pdb	A	105	Arg	Cys
P	PDB	-	files/pdb/1ey0.pdb	A	105	Arg	Phe
P	PDB	-	files/pdb/1ey0.pdb	A	112	Ala	Cys
P	PDB	-	files/pdb/1ey0.pdb	A	112	Ala	Phe
P	PDB	-	files/pdb/1ey0.pdb	A	117	Pro	Gly
P	PDB	-	files/pdb/1ey0.pdb	A	124	His	Leu
P	PDB	-	files/pdb/1ey0.pdb	A	128	Ser	Ala
P	PDB	-	files/pdb/1ey0.pdb	A	134	Lys	Cys
P	PDB	-	files/pdb/1ey0.pdb	A	134	Lys	Phe
P	PDB	-	files/pdb/1f6r.pdb	A	32	His	Ala
P	PDB	-	files/pdb/1f6r.pdb	A	32	His	Tyr
P	PDB	-	files/pdb/1f6r.pdb	A	42	Val	Ala
P	PDB	-	files/pdb/1f6r.pdb	A	42	Val	Gly
P	PDB	-	files/pdb/1f6r.pdb	A	42	Val	Asn
P	PDB	-	files/pdb/1f6r.pdb	A	54	Gln	Ala
P	PDB	-	files/pdb/1f6r.pdb	A	59	Ile	Trp
P	PDB	-	files/pdb/1f6r.pdb	A	103	Tyr	Ala
P	PDB	-	files/pdb/1f6r.pdb	A	103	Tyr	Pro
P	PDB	-	files/pdb/1f6r.pdb	A	104	Trp	Tyr
P	PDB	-	files/pdb/1f6r.pdb	A	106	Ala	Ser
P	PDB	-	files/pdb/1f6r.pdb	A	107	His	Ala
P	PDB	-	files/pdb/1f6r.pdb	A	107	His	Trp
P	PDB	-	files/pdb/1f6r.pdb	A	107	His	Tyr
P	PDB	-	files/pdb/1f6r.pdb	A	110	Leu	Glu
P	PDB	-	files/pdb/1f6r.pdb	A	110	Leu	His
P	PDB	-	files/pdb/1f6r.pdb	A	110	Leu	Arg
P	PDB	-	files/pdb/1f6r.pdb	A	114	Lys	Glu
P	PDB	-	files/pdb/1f6r.pdb	A	114	Lys	Asn
P	PDB	-	files/pdb/1f6r.pdb	A	114	Lys	Gln
P	PDB	-	files/pdb/1f6r.pdb	A	117	Gln	Ala
P	PDB	-	files/pdb/1f6r.pdb	A	118	Trp	His
P	PDB	-	files/pdb/1f6r.pdb	A	118	Trp	Tyr
P	PDB	-	files/pdb/1fvk.pdb	A	151	Pro	Ala
P	PDB	-	files/pdb/1gv5.pdb	A	103	Val	Ile
P	PDB	-	files/pdb/1h7m.pdb	A	2	Asp	Ala
P	PDB	-	files/pdb/1h7m.pdb	A	6	Glu	Ala
P	PDB	-	files/pdb/1h7m.pdb	A	8	Arg	Ala
P	PDB	-	files/pdb/1h7m.pdb	A	9	Lys	Ala
P	PDB	-	files/pdb/1h7m.pdb	A	9	Lys	Met
P	PDB	-	files/pdb/1h7m.pdb	A	12	Asp	Ala
P	PDB	-	files/pdb/1h7m.pdb	A	15	Lys	Ala
P	PDB	-	files/pdb/1h7m.pdb	A	21	Arg	Ala
P	PDB	-	files/pdb/1h7m.pdb	A	22	Lys	Ala
P	PDB	-	files/pdb/1h7m.pdb	A	28	Lys	Ala
P	PDB	-	files/pdb/1h7m.pdb	A	33	Lys	Ala
P	PDB	-	files/pdb/1h7m.pdb	A	39	Arg	Ala
P	PDB	-	files/pdb/1h7m.pdb	A	42	Arg	Ala
P	PDB	-	files/pdb/1h7m.pdb	A	44	Asp	Ala
P	PDB	-	files/pdb/1h7m.pdb	A	46	Lys	Ala
P	PDB	-	files/pdb/1h7m.pdb	A	47	Glu	Ala
P	PDB	-	files/pdb/1h7m.pdb	A	48	Asp	Ala
P	PDB	-	files/pdb/1h7m.pdb	A	50	Glu	Ala
P	PDB	-	files/pdb/1h7m.pdb	A	54	Arg	Ala
P	PDB	-	files/pdb/1h7m.pdb	A	62	Glu	Ala
P	PDB	-	files/pdb/1h7m.pdb	A	64	Glu	Ala
P	PDB	-	files/pdb/1h7m.pdb	A	69	Glu	Ala
P	PDB	-	files/pdb/1h7m.pdb	A	76	Arg	Ala
P	PDB	-	files/pdb/1h7m.pdb	A	78	His	Ala
P	PDB	-	files/pdb/1h7m.pdb	A	87	Asp	Ala
P	PDB	-	files/pdb/1h7m.pdb	A	90	Glu	Ala
P	PDB	-	files/pdb/1h7m.pdb	A	92	Arg	Ala
P	PDB	-	files/pdb/1h7m.pdb	A	92	Arg	Met
P	PDB	-	files/pdb/1hfy.pdb	A	38	Thr	Ala
P	PDB	-	files/pdb/1ihb.pdb	A	37	Phe	His
P	PDB	-	files/pdb/1ihb.pdb	A	55	Arg	Val
P	PDB	-	files/pdb/1ihb.pdb	A	71	Phe	Asn
P	PDB	-	files/pdb/1ihb.pdb	A	82	Phe	Gln
P	PDB	-	files/pdb/1ihb.pdb	A	92	Phe	Asn
P	PDB	-	files/pdb/1io2.pdb	A	6	Ile	Ala
P	PDB	-	files/pdb/1io2.pdb	A	7	Asp	Asn
P	PDB	-	files/pdb/1io2.pdb	A	8	Glu	Ala
P	PDB	-	files/pdb/1io2.pdb	A	8	Glu	Gln
P	PDB	-	files/pdb/1io2.pdb	A	15	Ile	Ala
P	PDB	-	files/pdb/1io2.pdb	A	20	Ile	Ala
P	PDB	-	files/pdb/1io2.pdb	A	33	Leu	Ala
P	PDB	-	files/pdb/1io2.pdb	A	56	Ile	Ala
P	PDB	-	files/pdb/1io2.pdb	A	92	Leu	Ala
P	PDB	-	files/pdb/1io2.pdb	A	102	Ile	Ala
P	PDB	-	files/pdb/1io2.pdb	A	105	Asp	Ala
P	PDB	-	files/pdb/1io2.pdb	A	118	Leu	Ala
P	PDB	-	files/pdb/1io2.pdb	A	135	Asp	Ala
P	PDB	-	files/pdb/1io2.pdb	A	147	Leu	Ala
P	PDB	-	files/pdb/1ke4.pdb	A	150	Tyr	Phe
P	PDB	-	files/pdb/1kf2.pdb	A	47	Val	Ala
P	PDB	-	files/pdb/1kf2.pdb	A	54	Val	Ala
P	PDB	-	files/pdb/1kf2.pdb	A	54	Val	Gly
P	PDB	-	files/pdb/1kf2.pdb	A	54	Val	Ile
P	PDB	-	files/pdb/1kf2.pdb	A	54	Val	Leu
P	PDB	-	files/pdb/1kf2.pdb	A	57	Val	Ala
P	PDB	-	files/pdb/1kf2.pdb	A	57	Val	Gly
P	PDB	-	files/pdb/1kf2.pdb	A	57	Val	Ile
P	PDB	-	files/pdb/1kf2.pdb	A	57	Val	Leu
P	PDB	-	files/pdb/1kf2.pdb	A	63	Val	Ala
P	PDB	-	files/pdb/1kf2.pdb	A	63	Val	Gly
P	PDB	-	files/pdb/1kf2.pdb	A	64	Ala	Gly
P	PDB	-	files/pdb/1kf2.pdb	A	81	Ile	Ala
P	PDB	-	files/pdb/1kf2.pdb	A	81	Ile	Gly
P	PDB	-	files/pdb/1kf2.pdb	A	81	Ile	Val
P	PDB	-	files/pdb/1kf2.pdb	A	97	Tyr	Phe
P	PDB	-	files/pdb/1kf2.pdb	A	106	Ile	Ala
P	PDB	-	files/pdb/1kf2.pdb	A	106	Ile	Leu
P	PDB	-	files/pdb/1kf2.pdb	A	106	Ile	Val
P	PDB	-	files/pdb/1kf2.pdb	A	107	Ile	Ala
P	PDB	-	files/pdb/1kf2.pdb	A	107	Ile	Leu
P	PDB	-	files/pdb/1kf2.pdb	A	107	Ile	Val
P	PDB	-	files/pdb/1kf2.pdb	A	108	Val	Ala
P	PDB	-	files/pdb/1kf2.pdb	A	108	Val	Ile
P	PDB	-	files/pdb/1kf2.pdb	A	108	Val	Leu
P	PDB	-	files/pdb/1kf2.pdb	A	109	Ala	Gly
P	PDB	-	files/pdb/1kf2.pdb	A	116	Val	Ala
P	PDB	-	files/pdb/1kf2.pdb	A	116	Val	Gly
P	PDB	-	files/pdb/1kf2.pdb	A	118	Val	Ala
P	PDB	-	files/pdb/1kf2.pdb	A	118	Val	Gly
P	PDB	-	files/pdb/1kf3.pdb	A	46	Phe	Leu
P	PDB	-	files/pdb/1kf3.pdb	A	46	Phe	Val
P	PDB	-	files/pdb/1kf3.pdb	A	67	Asn	Asp
P	PDB	-	files/pdb/1kf3.pdb	A	75	Ser	Ala
P	PDB	-	files/pdb/1kf3.pdb	A	75	Ser	Thr
P	PDB	-	files/pdb/1kf3.pdb	A	93	Pro	Gly
P	PDB	-	files/pdb/1kf3.pdb	A	114	Pro	Gly
P	PDB	-	files/pdb/1kf5.pdb	A	4	Ala	Ser
P	PDB	-	files/pdb/1kf5.pdb	A	5	Ala	Ser
P	PDB	-	files/pdb/1kf5.pdb	A	123	Ser	Ala
P	PDB	-	files/pdb/1kfw.pdb	A	92	Gly	Pro
P	PDB	-	files/pdb/1kfw.pdb	A	197	Asn	Lys
P	PDB	-	files/pdb/1kfw.pdb	A	405	Gly	Gln
P	PDB	-	files/pdb/1l63.pdb	A	6	Met	Ala
P	PDB	-	files/pdb/1l63.pdb	A	6	Met	Leu
P	PDB	-	files/pdb/1l63.pdb	A	7	Leu	Ala
P	PDB	-	files/pdb/1l63.pdb	A	11	Glu	His
P	PDB	-	files/pdb/1l63.pdb	A	11	Glu	Asn
P	PDB	-	files/pdb/1l63.pdb	A	14	Arg	Lys
P	PDB	-	files/pdb/1l63.pdb	A	17	Ile	Ala
P	PDB	-	files/pdb/1l63.pdb	A	17	Ile	Met
P	PDB	-	files/pdb/1l63.pdb	A	20	Asp	Ala
P	PDB	-	files/pdb/1l63.pdb	A	20	Asp	Asn
P	PDB	-	files/pdb/1l63.pdb	A	20	Asp	Ser
P	PDB	-	files/pdb/1l63.pdb	A	20	Asp	Thr
P	PDB	-	files/pdb/1l63.pdb	A	22	Glu	Lys
P	PDB	-	files/pdb/1l63.pdb	A	26	Thr	Ser
P	PDB	-	files/pdb/1l63.pdb	A	27	Ile	Ala
P	PDB	-	files/pdb/1l63.pdb	A	27	Ile	Met
P	PDB	-	files/pdb/1l63.pdb	A	28	Gly	Ala
P	PDB	-	files/pdb/1l63.pdb	A	29	Ile	Ala
P	PDB	-	files/pdb/1l63.pdb	A	33	Leu	Ala
P	PDB	-	files/pdb/1l63.pdb	A	33	Leu	Met
P	PDB	-	files/pdb/1l63.pdb	A	38	Ser	Asn
P	PDB	-	files/pdb/1l63.pdb	A	39	Leu	Ala
P	PDB	-	files/pdb/1l63.pdb	A	40	Asn	Ala
P	PDB	-	files/pdb/1l63.pdb	A	40	Asn	Asp
P	PDB	-	files/pdb/1l63.pdb	A	41	Ala	Asp
P	PDB	-	files/pdb/1l63.pdb	A	41	Ala	Ser
P	PDB	-	files/pdb/1l63.pdb	A	42	Ala	Phe
P	PDB	-	files/pdb/1l63.pdb	A	42	Ala	Ile
P	PDB	-	files/pdb/1l63.pdb	A	42	Ala	Leu
P	PDB	-	files/pdb/1l63.pdb	A	42	Ala	Lys
P	PDB	-	files/pdb/1l63.pdb	A	42	Ala	Val
P	PDB	-	files/pdb/1l63.pdb	A	42	Ala	Ser
P	PDB	-	files/pdb/1l63.pdb	A	43	Lys	Ala
P	PDB	-	files/pdb/1l63.pdb	A	44	Ser	Ala
P	PDB	-	files/pdb/1l63.pdb	A	44	Ser	Cys
P	PDB	-	files/pdb/1l63.pdb	A	44	Ser	Asp
P	PDB	-	files/pdb/1l63.pdb	A	44	Ser	Glu
P	PDB	-	files/pdb/1l63.pdb	A	44	Ser	Phe
P	PDB	-	files/pdb/1l63.pdb	A	44	Ser	Gly
P	PDB	-	files/pdb/1l63.pdb	A	44	Ser	His
P	PDB	-	files/pdb/1l63.pdb	A	44	Ser	Ile
P	PDB	-	files/pdb/1l63.pdb	A	44	Ser	Lys
P	PDB	-	files/pdb/1l63.pdb	A	44	Ser	Leu
P	PDB	-	files/pdb/1l63.pdb	A	44	Ser	Met
P	PDB	-	files/pdb/1l63.pdb	A	44	Ser	Asn
P	PDB	-	files/pdb/1l63.pdb	A	44	Ser	Pro
P	PDB	-	files/pdb/1l63.pdb	A	44	Ser	Gln
P	PDB	-	files/pdb/1l63.pdb	A	44	Ser	Arg
P	PDB	-	files/pdb/1l63.pdb	A	44	Ser	Thr
P	PDB	-	files/pdb/1l63.pdb	A	44	Ser	Val
P	PDB	-	files/pdb/1l63.pdb	A	44	Ser	Trp
P	PDB	-	files/pdb/1l63.pdb	A	44	Ser	Tyr
P	PDB	-	files/pdb/1l63.pdb	A	45	Glu	Ala
P	PDB	-	files/pdb/1l63.pdb	A	46	Leu	Ala
P	PDB	-	files/pdb/1l63.pdb	A	47	Asp	Ala
P	PDB	-	files/pdb/1l63.pdb	A	48	Lys	Ala
P	PDB	-	files/pdb/1l63.pdb	A	49	Ala	Ser
P	PDB	-	files/pdb/1l63.pdb	A	50	Ile	Ala
P	PDB	-	files/pdb/1l63.pdb	A	50	Ile	Met
P	PDB	-	files/pdb/1l63.pdb	A	58	Ile	Ala
P	PDB	-	files/pdb/1l63.pdb	A	58	Ile	Thr
P	PDB	-	files/pdb/1l63.pdb	A	59	Thr	Ala
P	PDB	-	files/pdb/1l63.pdb	A	59	Thr	Asp
P	PDB	-	files/pdb/1l63.pdb	A	59	Thr	Gly
P	PDB	-	files/pdb/1l63.pdb	A	59	Thr	Asn
P	PDB	-	files/pdb/1l63.pdb	A	59	Thr	Ser
P	PDB	-	files/pdb/1l63.pdb	A	59	Thr	Val
P	PDB	-	files/pdb/1l63.pdb	A	60	Lys	His
P	PDB	-	files/pdb/1l63.pdb	A	66	Leu	Ala
P	PDB	-	files/pdb/1l63.pdb	A	66	Leu	Met
P	PDB	-	files/pdb/1l63.pdb	A	67	Phe	Ala
P	PDB	-	files/pdb/1l63.pdb	A	69	Gln	Pro
P	PDB	-	files/pdb/1l63.pdb	A	71	Val	Ala
P	PDB	-	files/pdb/1l63.pdb	A	72	Asp	Pro
P	PDB	-	files/pdb/1l63.pdb	A	73	Ala	Ser
P	PDB	-	files/pdb/1l63.pdb	A	74	Ala	Pro
P	PDB	-	files/pdb/1l63.pdb	A	75	Val	Thr
P	PDB	-	files/pdb/1l63.pdb	A	78	Ile	Ala
P	PDB	-	files/pdb/1l63.pdb	A	78	Ile	Met
P	PDB	-	files/pdb/1l63.pdb	A	78	Ile	Val
P	PDB	-	files/pdb/1l63.pdb	A	80	Arg	Lys
P	PDB	-	files/pdb/1l63.pdb	A	82	Ala	Ser
P	PDB	-	files/pdb/1l63.pdb	A	83	Lys	His
P	PDB	-	files/pdb/1l63.pdb	A	84	Leu	Ala
P	PDB	-	files/pdb/1l63.pdb	A	84	Leu	Met
P	PDB	-	files/pdb/1l63.pdb	A	87	Val	Ala
P	PDB	-	files/pdb/1l63.pdb	A	87	Val	Ile
P	PDB	-	files/pdb/1l63.pdb	A	87	Val	Met
P	PDB	-	files/pdb/1l63.pdb	A	87	Val	Thr
P	PDB	-	files/pdb/1l63.pdb	A	90	Ser	His
P	PDB	-	files/pdb/1l63.pdb	A	91	Leu	Ala
P	PDB	-	files/pdb/1l63.pdb	A	91	Leu	Met
P	PDB	-	files/pdb/1l63.pdb	A	92	Asp	Asn
P	PDB	-	files/pdb/1l63.pdb	A	93	Ala	Ser
P	PDB	-	files/pdb/1l63.pdb	A	93	Ala	Thr
P	PDB	-	files/pdb/1l63.pdb	A	94	Val	Ala
P	PDB	-	files/pdb/1l63.pdb	A	98	Ala	Ser
P	PDB	-	files/pdb/1l63.pdb	A	98	Ala	Cys
P	PDB	-	files/pdb/1l63.pdb	A	98	Ala	Met
P	PDB	-	files/pdb/1l63.pdb	A	98	Ala	Val
P	PDB	-	files/pdb/1l63.pdb	A	99	Leu	Ala
P	PDB	-	files/pdb/1l63.pdb	A	99	Leu	Phe
P	PDB	-	files/pdb/1l63.pdb	A	99	Leu	Ile
P	PDB	-	files/pdb/1l63.pdb	A	99	Leu	Met
P	PDB	-	files/pdb/1l63.pdb	A	99	Leu	Val
P	PDB	-	files/pdb/1l63.pdb	A	100	Ile	Ala
P	PDB	-	files/pdb/1l63.pdb	A	100	Ile	Met
P	PDB	-	files/pdb/1l63.pdb	A	100	Ile	Val
P	PDB	-	files/pdb/1l63.pdb	A	101	Asn	Ala
P	PDB	-	files/pdb/1l63.pdb	A	102	Met	Ala
P	PDB	-	files/pdb/1l63.pdb	A	102	Met	Leu
P	PDB	-	files/pdb/1l63.pdb	A	103	Val	Ala
P	PDB	-	files/pdb/1l63.pdb	A	103	Val	Ile
P	PDB	-	files/pdb/1l63.pdb	A	103	Val	Met
P	PDB	-	files/pdb/1l63.pdb	A	104	Phe	Ala
P	PDB	-	files/pdb/1l63.pdb	A	104	Phe	Met
P	PDB	-	files/pdb/1l63.pdb	A	105	Gln	Met
P	PDB	-	files/pdb/1l63.pdb	A	106	Met	Ala
P	PDB	-	files/pdb/1l63.pdb	A	106	Met	Ile
P	PDB	-	files/pdb/1l63.pdb	A	106	Met	Lys
P	PDB	-	files/pdb/1l63.pdb	A	106	Met	Leu
P	PDB	-	files/pdb/1l63.pdb	A	108	Glu	Val
P	PDB	-	files/pdb/1l63.pdb	A	109	Thr	Asp
P	PDB	-	files/pdb/1l63.pdb	A	109	Thr	Asn
P	PDB	-	files/pdb/1l63.pdb	A	111	Val	Ala
P	PDB	-	files/pdb/1l63.pdb	A	111	Val	Phe
P	PDB	-	files/pdb/1l63.pdb	A	111	Val	Ile
P	PDB	-	files/pdb/1l63.pdb	A	111	Val	Met
P	PDB	-	files/pdb/1l63.pdb	A	113	Gly	Glu
P	PDB	-	files/pdb/1l63.pdb	A	115	Thr	Ala
P	PDB	-	files/pdb/1l63.pdb	A	116	Asn	Ala
P	PDB	-	files/pdb/1l63.pdb	A	117	Ser	Ala
P	PDB	-	files/pdb/1l63.pdb	A	117	Ser	Phe
P	PDB	-	files/pdb/1l63.pdb	A	118	Leu	Ala
P	PDB	-	files/pdb/1l63.pdb	A	118	Leu	Ile
P	PDB	-	files/pdb/1l63.pdb	A	118	Leu	Met
P	PDB	-	files/pdb/1l63.pdb	A	119	Arg	Ala
P	PDB	-	files/pdb/1l63.pdb	A	119	Arg	His
P	PDB	-	files/pdb/1l63.pdb	A	120	Met	Ala
P	PDB	-	files/pdb/1l63.pdb	A	120	Met	Lys
P	PDB	-	files/pdb/1l63.pdb	A	120	Met	Leu
P	PDB	-	files/pdb/1l63.pdb	A	120	Met	Tyr
P	PDB	-	files/pdb/1l63.pdb	A	121	Leu	Ala
P	PDB	-	files/pdb/1l63.pdb	A	121	Leu	Met
P	PDB	-	files/pdb/1l63.pdb	A	122	Gln	Ala
P	PDB	-	files/pdb/1l63.pdb	A	123	Gln	Ala
P	PDB	-	files/pdb/1l63.pdb	A	129	Ala	Leu
P	PDB	-	files/pdb/1l63.pdb	A	129	Ala	Met
P	PDB	-	files/pdb/1l63.pdb	A	129	Ala	Phe
P	PDB	-	files/pdb/1l63.pdb	A	129	Ala	Trp
P	PDB	-	files/pdb/1l63.pdb	A	130	Ala	Ser
P	PDB	-	files/pdb/1l63.pdb	A	133	Leu	Asp
P	PDB	-	files/pdb/1l63.pdb	A	133	Leu	Phe
P	PDB	-	files/pdb/1l63.pdb	A	133	Leu	Met
P	PDB	-	files/pdb/1l63.pdb	A	134	Ala	Ser
P	PDB	-	files/pdb/1l63.pdb	A	144	Asn	His
P	PDB	-	files/pdb/1l63.pdb	A	144	Asn	Glu
P	PDB	-	files/pdb/1l63.pdb	A	149	Val	Ala
P	PDB	-	files/pdb/1l63.pdb	A	149	Val	Cys
P	PDB	-	files/pdb/1l63.pdb	A	149	Val	Gly
P	PDB	-	files/pdb/1l63.pdb	A	149	Val	Ile
P	PDB	-	files/pdb/1l63.pdb	A	149	Val	Met
P	PDB	-	files/pdb/1l63.pdb	A	149	Val	Ser
P	PDB	-	files/pdb/1l63.pdb	A	149	Val	Thr
P	PDB	-	files/pdb/1l63.pdb	A	151	Thr	Ser
P	PDB	-	files/pdb/1l63.pdb	A	152	Thr	Ala
P	PDB	-	files/pdb/1l63.pdb	A	152	Thr	Cys
P	PDB	-	files/pdb/1l63.pdb	A	152	Thr	Ile
P	PDB	-	files/pdb/1l63.pdb	A	152	Thr	Ser
P	PDB	-	files/pdb/1l63.pdb	A	152	Thr	Val
P	PDB	-	files/pdb/1l63.pdb	A	153	Phe	Ala
P	PDB	-	files/pdb/1l63.pdb	A	153	Phe	Ile
P	PDB	-	files/pdb/1l63.pdb	A	153	Phe	Leu
P	PDB	-	files/pdb/1l63.pdb	A	153	Phe	Met
P	PDB	-	files/pdb/1l63.pdb	A	153	Phe	Val
P	PDB	-	files/pdb/1lhm.pdb	A	2	Val	Ala
P	PDB	-	files/pdb/1lhm.pdb	A	23	Ile	Val
P	PDB	-	files/pdb/1lhm.pdb	A	56	Ile	Val
P	PDB	-	files/pdb/1lhm.pdb	A	59	Ile	Ala
P	PDB	-	files/pdb/1lhm.pdb	A	59	Ile	Val
P	PDB	-	files/pdb/1lhm.pdb	A	74	Val	Ala
P	PDB	-	files/pdb/1lhm.pdb	A	89	Ile	Val
P	PDB	-	files/pdb/1lhm.pdb	A	93	Val	Ala
P	PDB	-	files/pdb/1lhm.pdb	A	99	Val	Ala
P	PDB	-	files/pdb/1lhm.pdb	A	100	Val	Ala
P	PDB	-	files/pdb/1lhm.pdb	A	106	Ile	Val
P	PDB	-	files/pdb/1lhm.pdb	A	110	Val	Ala
P	PDB	-	files/pdb/1lhm.pdb	A	121	Val	Ala
P	PDB	-	files/pdb/1lhm.pdb	A	125	Val	Ala
P	PDB	-	files/pdb/1lhm.pdb	A	130	Val	Ala
P	PDB	-	files/pdb/1lni.pdb	A	2	Val	Thr
P	PDB	-	files/pdb/1lni.pdb	A	5	Thr	Val
P	PDB	-	files/pdb/1lni.pdb	A	16	Thr	Val
P	PDB	-	files/pdb/1lni.pdb	A	18	Thr	Val
P	PDB	-	files/pdb/1lni.pdb	A	25	Asp	Lys
P	PDB	-	files/pdb/1lni.pdb	A	33	Asp	Ala
P	PDB	-	files/pdb/1lni.pdb	A	36	Val	Thr
P	PDB	-	files/pdb/1lni.pdb	A	38	Gln	Ala
P	PDB	-	files/pdb/1lni.pdb	A	39	Asn	Ala
P	PDB	-	files/pdb/1lni.pdb	A	39	Asn	Asp
P	PDB	-	files/pdb/1lni.pdb	A	39	Asn	Ser
P	PDB	-	files/pdb/1lni.pdb	A	41	Glu	Lys
P	PDB	-	files/pdb/1lni.pdb	A	43	Val	Thr
P	PDB	-	files/pdb/1lni.pdb	A	54	Glu	Gln
P	PDB	-	files/pdb/1lni.pdb	A	56	Thr	Val
P	PDB	-	files/pdb/1lni.pdb	A	57	Val	Thr
P	PDB	-	files/pdb/1lni.pdb	A	59	Thr	Val
P	PDB	-	files/pdb/1lni.pdb	A	65	Arg	Ala
P	PDB	-	files/pdb/1lni.pdb	A	67	Thr	Val
P	PDB	-	files/pdb/1lni.pdb	A	72	Thr	Val
P	PDB	-	files/pdb/1lni.pdb	A	74	Glu	Lys
P	PDB	-	files/pdb/1lni.pdb	A	79	Asp	Ala
P	PDB	-	files/pdb/1lni.pdb	A	79	Asp	Glu
P	PDB	-	files/pdb/1lni.pdb	A	79	Asp	Phe
P	PDB	-	files/pdb/1lni.pdb	A	79	Asp	His
P	PDB	-	files/pdb/1lni.pdb	A	79	Asp	Ile
P	PDB	-	files/pdb/1lni.pdb	A	79	Asp	Lys
P	PDB	-	files/pdb/1lni.pdb	A	79	Asp	Leu
P	PDB	-	files/pdb/1lni.pdb	A	79	Asp	Asn
P	PDB	-	files/pdb/1lni.pdb	A	79	Asp	Arg
P	PDB	-	files/pdb/1lni.pdb	A	79	Asp	Trp
P	PDB	-	files/pdb/1lni.pdb	A	79	Asp	Tyr
P	PDB	-	files/pdb/1lni.pdb	A	82	Thr	Val
P	PDB	-	files/pdb/1lni.pdb	A	85	His	Gln
P	PDB	-	files/pdb/1lni.pdb	A	94	Gln	Lys
P	PDB	-	files/pdb/1lz1.pdb	A	1	Lys	Ala
P	PDB	-	files/pdb/1lz1.pdb	A	1	Lys	Met
P	PDB	-	files/pdb/1lz1.pdb	A	2	Val	Ala
P	PDB	-	files/pdb/1lz1.pdb	A	2	Val	Asp
P	PDB	-	files/pdb/1lz1.pdb	A	2	Val	Phe
P	PDB	-	files/pdb/1lz1.pdb	A	2	Val	Gly
P	PDB	-	files/pdb/1lz1.pdb	A	2	Val	Ile
P	PDB	-	files/pdb/1lz1.pdb	A	2	Val	Leu
P	PDB	-	files/pdb/1lz1.pdb	A	2	Val	Met
P	PDB	-	files/pdb/1lz1.pdb	A	2	Val	Asn
P	PDB	-	files/pdb/1lz1.pdb	A	2	Val	Arg
P	PDB	-	files/pdb/1lz1.pdb	A	2	Val	Ser
P	PDB	-	files/pdb/1lz1.pdb	A	2	Val	Tyr
P	PDB	-	files/pdb/1lz1.pdb	A	7	Glu	Gln
P	PDB	-	files/pdb/1lz1.pdb	A	8	Leu	Thr
P	PDB	-	files/pdb/1lz1.pdb	A	9	Ala	Ser
P	PDB	-	files/pdb/1lz1.pdb	A	11	Thr	Ala
P	PDB	-	files/pdb/1lz1.pdb	A	11	Thr	Val
P	PDB	-	files/pdb/1lz1.pdb	A	16	Gly	Ala
P	PDB	-	files/pdb/1lz1.pdb	A	18	Asp	Asn
P	PDB	-	files/pdb/1lz1.pdb	A	19	Gly	Ala
P	PDB	-	files/pdb/1lz1.pdb	A	20	Tyr	Phe
P	PDB	-	files/pdb/1lz1.pdb	A	21	Arg	Ala
P	PDB	-	files/pdb/1lz1.pdb	A	21	Arg	Gly
P	PDB	-	files/pdb/1lz1.pdb	A	22	Gly	Ala
P	PDB	-	files/pdb/1lz1.pdb	A	23	Ile	Ala
P	PDB	-	files/pdb/1lz1.pdb	A	23	Ile	Val
P	PDB	-	files/pdb/1lz1.pdb	A	24	Ser	Ala
P	PDB	-	files/pdb/1lz1.pdb	A	32	Ala	Leu
P	PDB	-	files/pdb/1lz1.pdb	A	32	Ala	Ser
P	PDB	-	files/pdb/1lz1.pdb	A	35	Glu	Leu
P	PDB	-	files/pdb/1lz1.pdb	A	36	Ser	Ala
P	PDB	-	files/pdb/1lz1.pdb	A	37	Gly	Ala
P	PDB	-	files/pdb/1lz1.pdb	A	37	Gly	Gln
P	PDB	-	files/pdb/1lz1.pdb	A	38	Tyr	Ala
P	PDB	-	files/pdb/1lz1.pdb	A	38	Tyr	Phe
P	PDB	-	files/pdb/1lz1.pdb	A	38	Tyr	Gly
P	PDB	-	files/pdb/1lz1.pdb	A	40	Thr	Ala
P	PDB	-	files/pdb/1lz1.pdb	A	40	Thr	Val
P	PDB	-	files/pdb/1lz1.pdb	A	43	Thr	Ala
P	PDB	-	files/pdb/1lz1.pdb	A	43	Thr	Val
P	PDB	-	files/pdb/1lz1.pdb	A	45	Tyr	Phe
P	PDB	-	files/pdb/1lz1.pdb	A	47	Ala	Pro
P	PDB	-	files/pdb/1lz1.pdb	A	48	Gly	Ala
P	PDB	-	files/pdb/1lz1.pdb	A	49	Asp	Asn
P	PDB	-	files/pdb/1lz1.pdb	A	50	Arg	Ala
P	PDB	-	files/pdb/1lz1.pdb	A	50	Arg	Gly
P	PDB	-	files/pdb/1lz1.pdb	A	51	Ser	Ala
P	PDB	-	files/pdb/1lz1.pdb	A	52	Thr	Ala
P	PDB	-	files/pdb/1lz1.pdb	A	52	Thr	Val
P	PDB	-	files/pdb/1lz1.pdb	A	54	Tyr	Phe
P	PDB	-	files/pdb/1lz1.pdb	A	56	Ile	Ala
P	PDB	-	files/pdb/1lz1.pdb	A	56	Ile	Phe
P	PDB	-	files/pdb/1lz1.pdb	A	56	Ile	Leu
P	PDB	-	files/pdb/1lz1.pdb	A	56	Ile	Met
P	PDB	-	files/pdb/1lz1.pdb	A	56	Ile	Thr
P	PDB	-	files/pdb/1lz1.pdb	A	56	Ile	Val
P	PDB	-	files/pdb/1lz1.pdb	A	58	Gln	Ala
P	PDB	-	files/pdb/1lz1.pdb	A	58	Gln	Gly
P	PDB	-	files/pdb/1lz1.pdb	A	59	Ile	Ala
P	PDB	-	files/pdb/1lz1.pdb	A	59	Ile	Phe
P	PDB	-	files/pdb/1lz1.pdb	A	59	Ile	Gly
P	PDB	-	files/pdb/1lz1.pdb	A	59	Ile	Leu
P	PDB	-	files/pdb/1lz1.pdb	A	59	Ile	Met
P	PDB	-	files/pdb/1lz1.pdb	A	59	Ile	Ser
P	PDB	-	files/pdb/1lz1.pdb	A	59	Ile	Thr
P	PDB	-	files/pdb/1lz1.pdb	A	59	Ile	Val
P	PDB	-	files/pdb/1lz1.pdb	A	59	Ile	Tyr
P	PDB	-	files/pdb/1lz1.pdb	A	61	Ser	Ala
P	PDB	-	files/pdb/1lz1.pdb	A	63	Tyr	Phe
P	PDB	-	files/pdb/1lz1.pdb	A	67	Asp	Asn
P	PDB	-	files/pdb/1lz1.pdb	A	68	Gly	Ala
P	PDB	-	files/pdb/1lz1.pdb	A	70	Thr	Ala
P	PDB	-	files/pdb/1lz1.pdb	A	70	Thr	Val
P	PDB	-	files/pdb/1lz1.pdb	A	71	Pro	Gly
P	PDB	-	files/pdb/1lz1.pdb	A	72	Gly	Ala
P	PDB	-	files/pdb/1lz1.pdb	A	74	Val	Ala
P	PDB	-	files/pdb/1lz1.pdb	A	74	Val	Asp
P	PDB	-	files/pdb/1lz1.pdb	A	74	Val	Phe
P	PDB	-	files/pdb/1lz1.pdb	A	74	Val	Gly
P	PDB	-	files/pdb/1lz1.pdb	A	74	Val	Ile
P	PDB	-	files/pdb/1lz1.pdb	A	74	Val	Leu
P	PDB	-	files/pdb/1lz1.pdb	A	74	Val	Met
P	PDB	-	files/pdb/1lz1.pdb	A	74	Val	Asn
P	PDB	-	files/pdb/1lz1.pdb	A	74	Val	Arg
P	PDB	-	files/pdb/1lz1.pdb	A	74	Val	Ser
P	PDB	-	files/pdb/1lz1.pdb	A	74	Val	Tyr
P	PDB	-	files/pdb/1lz1.pdb	A	78	His	Ala
P	PDB	-	files/pdb/1lz1.pdb	A	78	His	Gly
P	PDB	-	files/pdb/1lz1.pdb	A	80	Ser	Ala
P	PDB	-	files/pdb/1lz1.pdb	A	82	Ser	Ala
P	PDB	-	files/pdb/1lz1.pdb	A	89	Ile	Ala
P	PDB	-	files/pdb/1lz1.pdb	A	89	Ile	Val
P	PDB	-	files/pdb/1lz1.pdb	A	91	Asp	Pro
P	PDB	-	files/pdb/1lz1.pdb	A	92	Ala	Ser
P	PDB	-	files/pdb/1lz1.pdb	A	93	Val	Ala
P	PDB	-	files/pdb/1lz1.pdb	A	93	Val	Thr
P	PDB	-	files/pdb/1lz1.pdb	A	96	Ala	Met
P	PDB	-	files/pdb/1lz1.pdb	A	96	Ala	Ser
P	PDB	-	files/pdb/1lz1.pdb	A	99	Val	Ala
P	PDB	-	files/pdb/1lz1.pdb	A	99	Val	Thr
P	PDB	-	files/pdb/1lz1.pdb	A	100	Val	Ala
P	PDB	-	files/pdb/1lz1.pdb	A	100	Val	Phe
P	PDB	-	files/pdb/1lz1.pdb	A	100	Val	Thr
P	PDB	-	files/pdb/1lz1.pdb	A	102	Asp	Asn
P	PDB	-	files/pdb/1lz1.pdb	A	103	Pro	Gly
P	PDB	-	files/pdb/1lz1.pdb	A	105	Gly	Ala
P	PDB	-	files/pdb/1lz1.pdb	A	106	Ile	Ala
P	PDB	-	files/pdb/1lz1.pdb	A	106	Ile	Val
P	PDB	-	files/pdb/1lz1.pdb	A	110	Val	Ala
P	PDB	-	files/pdb/1lz1.pdb	A	110	Val	Asp
P	PDB	-	files/pdb/1lz1.pdb	A	110	Val	Phe
P	PDB	-	files/pdb/1lz1.pdb	A	110	Val	Gly
P	PDB	-	files/pdb/1lz1.pdb	A	110	Val	Ile
P	PDB	-	files/pdb/1lz1.pdb	A	110	Val	Leu
P	PDB	-	files/pdb/1lz1.pdb	A	110	Val	Met
P	PDB	-	files/pdb/1lz1.pdb	A	110	Val	Asn
P	PDB	-	files/pdb/1lz1.pdb	A	110	Val	Pro
P	PDB	-	files/pdb/1lz1.pdb	A	110	Val	Arg
P	PDB	-	files/pdb/1lz1.pdb	A	110	Val	Tyr
P	PDB	-	files/pdb/1lz1.pdb	A	118	Asn	Ala
P	PDB	-	files/pdb/1lz1.pdb	A	118	Asn	Gly
P	PDB	-	files/pdb/1lz1.pdb	A	120	Asp	Asn
P	PDB	-	files/pdb/1lz1.pdb	A	121	Val	Ala
P	PDB	-	files/pdb/1lz1.pdb	A	124	Tyr	Phe
P	PDB	-	files/pdb/1lz1.pdb	A	125	Val	Ala
P	PDB	-	files/pdb/1lz1.pdb	A	127	Gly	Ala
P	PDB	-	files/pdb/1lz1.pdb	A	129	Gly	Ala
P	PDB	-	files/pdb/1lz1.pdb	A	130	Val	Ala
P	PDB	-	files/pdb/1mjc.pdb	A	42	Tyr	Trp
P	PDB	-	files/pdb/1mjc.pdb	A	52	Ser	Trp
P	PDB	-	files/pdb/1mjc.pdb	A	68	Thr	Trp
P	PDB	-	files/pdb/1onc.pdb	A	23	Met	Leu
P	PDB	-	files/pdb/1onc.pdb	A	28	Phe	Ala
P	PDB	-	files/pdb/1onc.pdb	A	28	Phe	Thr
P	PDB	-	files/pdb/1onc.pdb	A	36	Phe	Tyr
P	PDB	-	files/pdb/1pga.pdb	A	2	Thr	Pro
P	PDB	-	files/pdb/1pga.pdb	A	6	Ile	Asn
P	PDB	-	files/pdb/1pga.pdb	A	6	Ile	Thr
P	PDB	-	files/pdb/1pga.pdb	A	9	Gly	Pro
P	PDB	-	files/pdb/1pga.pdb	A	10	Lys	Pro
P	PDB	-	files/pdb/1pga.pdb	A	21	Val	Pro
P	PDB	-	files/pdb/1pga.pdb	A	23	Ala	Pro
P	PDB	-	files/pdb/1pga.pdb	A	24	Ala	Pro
P	PDB	-	files/pdb/1pga.pdb	A	48	Ala	Pro
P	PDB	-	files/pdb/1pga.pdb	A	53	Thr	Phe
P	PDB	-	files/pdb/1pga.pdb	A	53	Thr	Ile
P	PDB	-	files/pdb/1pga.pdb	A	53	Thr	Val
P	PDB	-	files/pdb/1pga.pdb	A	53	Thr	Tyr
P	PDB	-	files/pdb/1poh.pdb	A	49	Lys	Ala
P	PDB	-	files/pdb/1poh.pdb	A	49	Lys	Asp
P	PDB	-	files/pdb/1poh.pdb	A	49	Lys	Glu
P	PDB	-	files/pdb/1poh.pdb	A	49	Lys	Gly
P	PDB	-	files/pdb/1poh.pdb	A	49	Lys	Met
P	PDB	-	files/pdb/1poh.pdb	A	49	Lys	Asn
P	PDB	-	files/pdb/1poh.pdb	A	49	Lys	Gln
P	PDB	-	files/pdb/1poh.pdb	A	49	Lys	Arg
P	PDB	-	files/pdb/1poh.pdb	A	49	Lys	Ser
P	PDB	-	files/pdb/1rbp.pdb	A	24	Trp	Phe
P	PDB	-	files/pdb/1rbp.pdb	A	24	Trp	Leu
P	PDB	-	files/pdb/1rbp.pdb	A	24	Trp	Tyr
P	PDB	-	files/pdb/1rbp.pdb	A	91	Trp	His
P	PDB	-	files/pdb/1rbp.pdb	A	105	Trp	Phe
P	PDB	-	files/pdb/1rbp.pdb	A	139	Arg	Gln
P	PDB	-	files/pdb/1rn1.pdb	A	16	Val	Ala
P	PDB	-	files/pdb/1rn1.pdb	A	16	Val	Cys
P	PDB	-	files/pdb/1rn1.pdb	A	16	Val	Ser
P	PDB	-	files/pdb/1rn1.pdb	A	16	Val	Thr
P	PDB	-	files/pdb/1rn1.pdb	A	24	Tyr	Trp
P	PDB	-	files/pdb/1rn1.pdb	A	25	Gln	Lys
P	PDB	-	files/pdb/1rn1.pdb	A	40	His	Thr
P	PDB	-	files/pdb/1rn1.pdb	A	42	Tyr	Trp
P	PDB	-	files/pdb/1rn1.pdb	A	44	Asn	Ala
P	PDB	-	files/pdb/1rn1.pdb	A	44	Asn	Asp
P	PDB	-	files/pdb/1rn1.pdb	A	44	Asn	Ser
P	PDB	-	files/pdb/1rn1.pdb	A	49	Asp	Ala
P	PDB	-	files/pdb/1rn1.pdb	A	49	Asp	Phe
P	PDB	-	files/pdb/1rn1.pdb	A	49	Asp	His
P	PDB	-	files/pdb/1rn1.pdb	A	49	Asp	Tyr
P	PDB	-	files/pdb/1rn1.pdb	A	49	Asp	Trp
P	PDB	-	files/pdb/1rn1.pdb	A	58	Glu	Ala
P	PDB	-	files/pdb/1rn1.pdb	A	59	Trp	Tyr
P	PDB	-	files/pdb/1rn1.pdb	A	76	Asp	Ala
P	PDB	-	files/pdb/1rn1.pdb	A	76	Asp	Asn
P	PDB	-	files/pdb/1rn1.pdb	A	76	Asp	Ser
P	PDB	-	files/pdb/1rn1.pdb	A	78	Val	Ala
P	PDB	-	files/pdb/1rn1.pdb	A	78	Val	Ser
P	PDB	-	files/pdb/1rn1.pdb	A	78	Val	Thr
P	PDB	-	files/pdb/1rn1.pdb	A	89	Val	Cys
P	PDB	-	files/pdb/1rn1.pdb	A	89	Val	Thr
P	PDB	-	files/pdb/1rn1.pdb	A	92	His	Ala
P	PDB	-	files/pdb/1rro.pdb	A	21	Pro	Ala
P	PDB	-	files/pdb/1rro.pdb	A	26	Pro	Ala
P	PDB	-	files/pdb/1shf.pdb	A	87	Phe	Ala
P	PDB	-	files/pdb/1shf.pdb	A	87	Phe	Leu
P	PDB	-	files/pdb/1shf.pdb	A	87	Phe	Val
P	PDB	-	files/pdb/1shf.pdb	A	89	Ala	Gly
P	PDB	-	files/pdb/1shf.pdb	A	89	Ala	Ser
P	PDB	-	files/pdb/1shf.pdb	A	101	Leu	Phe
P	PDB	-	files/pdb/1shf.pdb	A	101	Leu	Ile
P	PDB	-	files/pdb/1shf.pdb	A	101	Leu	Val
P	PDB	-	files/pdb/1shf.pdb	A	103	Phe	Leu
P	PDB	-	files/pdb/1shf.pdb	A	103	Phe	Val
P	PDB	-	files/pdb/1shf.pdb	A	107	Glu	Ala
P	PDB	-	files/pdb/1shf.pdb	A	107	Glu	Asp
P	PDB	-	files/pdb/1shf.pdb	A	107	Glu	Phe
P	PDB	-	files/pdb/1shf.pdb	A	107	Glu	His
P	PDB	-	files/pdb/1shf.pdb	A	107	Glu	Lys
P	PDB	-	files/pdb/1shf.pdb	A	107	Glu	Pro
P	PDB	-	files/pdb/1shf.pdb	A	107	Glu	Gln
P	PDB	-	files/pdb/1shf.pdb	A	107	Glu	Ser
P	PDB	-	files/pdb/1shf.pdb	A	107	Glu	Thr
P	PDB	-	files/pdb/1shf.pdb	A	107	Glu	Val
P	PDB	-	files/pdb/1shf.pdb	A	107	Glu	Tyr
P	PDB	-	files/pdb/1shf.pdb	A	109	Phe	Ile
P	PDB	-	files/pdb/1shf.pdb	A	109	Phe	Leu
P	PDB	-	files/pdb/1shf.pdb	A	109	Phe	Val
P	PDB	-	files/pdb/1shf.pdb	A	111	Ile	Leu
P	PDB	-	files/pdb/1shf.pdb	A	111	Ile	Val
P	PDB	-	files/pdb/1shf.pdb	A	120	Trp	Phe
P	PDB	-	files/pdb/1shf.pdb	A	120	Trp	Leu
P	PDB	-	files/pdb/1shf.pdb	A	120	Trp	Val
P	PDB	-	files/pdb/1shf.pdb	A	122	Ala	Gly
P	PDB	-	files/pdb/1shf.pdb	A	122	Ala	Val
P	PDB	-	files/pdb/1shf.pdb	A	124	Ser	Ala
P	PDB	-	files/pdb/1shf.pdb	A	124	Ser	Phe
P	PDB	-	files/pdb/1shf.pdb	A	124	Ser	His
P	PDB	-	files/pdb/1shf.pdb	A	124	Ser	Ile
P	PDB	-	files/pdb/1shf.pdb	A	124	Ser	Lys
P	PDB	-	files/pdb/1shf.pdb	A	124	Ser	Leu
P	PDB	-	files/pdb/1shf.pdb	A	124	Ser	Asn
P	PDB	-	files/pdb/1shf.pdb	A	124	Ser	Arg
P	PDB	-	files/pdb/1shf.pdb	A	124	Ser	Thr
P	PDB	-	files/pdb/1shf.pdb	A	124	Ser	Val
P	PDB	-	files/pdb/1shf.pdb	A	124	Ser	Tyr
P	PDB	-	files/pdb/1shf.pdb	A	133	Ile	Leu
P	PDB	-	files/pdb/1shf.pdb	A	133	Ile	Val
P	PDB	-	files/pdb/1shf.pdb	A	138	Val	Ala
P	PDB	-	files/pdb/1shf.pdb	A	138	Val	Phe
P	PDB	-	files/pdb/1shf.pdb	A	138	Val	Ile
P	PDB	-	files/pdb/1shf.pdb	A	138	Val	Leu
P	PDB	-	files/pdb/1shg.pdb	A	47	Asn	Ala
P	PDB	-	files/pdb/1shg.pdb	A	48	Asp	Gly
P	PDB	-	files/pdb/1shg.pdb	A	56	Ala	Gly
P	PDB	-	files/pdb/1shg.pdb	A	56	Ala	Glu
P	PDB	-	files/pdb/1shg.pdb	A	56	Ala	Lys
P	PDB	-	files/pdb/1tpk.pdb	A	65	Val	Ala
P	PDB	-	files/pdb/1tpk.pdb	A	65	Val	Ile
P	PDB	-	files/pdb/1tpk.pdb	A	65	Val	Leu
P	PDB	-	files/pdb/1tpk.pdb	A	65	Val	Met
P	PDB	-	files/pdb/1tpk.pdb	A	65	Val	Ser
P	PDB	-	files/pdb/1tpk.pdb	A	65	Val	Thr
P	PDB	-	files/pdb/1wq5.pdb	A	81	Cys	Ala
P	PDB	-	files/pdb/1wq5.pdb	A	81	Cys	Gly
P	PDB	-	files/pdb/1wq5.pdb	A	81	Cys	Ser
P	PDB	-	files/pdb/1wq5.pdb	A	81	Cys	Val
P	PDB	-	files/pdb/1wq5.pdb	A	96	Pro	Ala
P	PDB	-	files/pdb/1wq5.pdb	A	109	Lys	Asn
P	PDB	-	files/pdb/1wq5.pdb	A	118	Cys	Ala
P	PDB	-	files/pdb/1wq5.pdb	A	118	Cys	Ser
P	PDB	-	files/pdb/1wq5.pdb	A	118	Cys	Val
P	PDB	-	files/pdb/1wq5.pdb	A	132	Pro	Ala
P	PDB	-	files/pdb/1wq5.pdb	A	132	Pro	Gly
P	PDB	-	files/pdb/1wq5.pdb	A	154	Cys	Ala
P	PDB	-	files/pdb/1wq5.pdb	A	154	Cys	Ser
P	PDB	-	files/pdb/1wq5.pdb	A	154	Cys	Val
P	PDB	-	files/pdb/1wq5.pdb	A	207	Pro	Ala
P	PDB	-	files/pdb/1wq5.pdb	A	211	Gly	Glu
P	PDB	-	files/pdb/1wq5.pdb	A	211	Gly	Arg
P	PDB	-	files/pdb/1ycc.pdb	A	7	Ala	Leu
P	PDB	-	files/pdb/1ycc.pdb	A	7	Ala	Tyr
P	PDB	-	files/pdb/1ycc.pdb	A	10	Phe	Ile
P	PDB	-	files/pdb/1ycc.pdb	A	10	Phe	Met
P	PDB	-	files/pdb/1ycc.pdb	A	10	Phe	Trp
P	PDB	-	files/pdb/1ycc.pdb	A	10	Phe	Tyr
P	PDB	-	files/pdb/1ycc.pdb	A	20	Val	Cys
P	PDB	-	files/pdb/1ycc.pdb	A	69	Thr	Glu
P	PDB	-	files/pdb/1ycc.pdb	A	73	Lys	Ile
P	PDB	-	files/pdb/1ycc.pdb	A	73	Lys	Val
P	PDB	-	files/pdb/1ycc.pdb	A	73	Lys	Trp
P	PDB	-	files/pdb/1ycc.pdb	A	76	Pro	Gly
P	PDB	-	files/pdb/1ycc.pdb	A	76	Pro	Leu
P	PDB	-	files/pdb/1ycc.pdb	A	76	Pro	Arg
P	PDB	-	files/pdb/1ycc.pdb	A	76	Pro	Ser
P	PDB	-	files/pdb/1ycc.pdb	A	76	Pro	Val
P	PDB	-	files/pdb/1ycc.pdb	A	76	Pro	Trp
P	PDB	-	files/pdb/1ycc.pdb	A	76	Pro	Tyr
P	PDB	-	files/pdb/1ycc.pdb	A	82	Phe	Tyr
P	PDB	-	files/pdb/1ycc.pdb	A	85	Leu	Ala
P	PDB	-	files/pdb/1ycc.pdb	A	94	Leu	Ala
P	PDB	-	files/pdb/1ycc.pdb	A	94	Leu	Ile
P	PDB	-	files/pdb/1ycc.pdb	A	94	Leu	Thr
P	PDB	-	files/pdb/1ycc.pdb	A	94	Leu	Val
P	PDB	-	files/pdb/1ycc.pdb	A	96	Thr	Ala
P	PDB	-	files/pdb/1ycc.pdb	A	97	Tyr	Phe
P	PDB	-	files/pdb/1ycc.pdb	A	102	Cys	Ala
P	PDB	-	files/pdb/1ycc.pdb	A	102	Cys	Ser
P	PDB	-	files/pdb/1ycc.pdb	A	102	Cys	Thr
P	PDB	-	files/pdb/1yea.pdb	A	52	Asn	Ile
P	PDB	-	files/pdb/1zym.pdb	A	189	His	Ala
P	PDB	-	files/pdb/1zym.pdb	A	189	His	Glu
P	PDB	-	files/pdb/2a01.pdb	A	141	Leu	Arg
P	PDB	-	files/pdb/2hbb.pdb	A	12	Lys	Met
P	PDB	-	files/pdb/2hbb.pdb	A	23	Asp	Ala
P	PDB	-	files/pdb/2hbb.pdb	A	23	Asp	Asn
P	PDB	-	files/pdb/2hip.pdb	A	12	Tyr	Phe
P	PDB	-	files/pdb/2lzm.pdb	A	3	Ile	Ala
P	PDB	-	files/pdb/2lzm.pdb	A	3	Ile	Cys
P	PDB	-	files/pdb/2lzm.pdb	A	3	Ile	Asp
P	PDB	-	files/pdb/2lzm.pdb	A	3	Ile	Glu
P	PDB	-	files/pdb/2lzm.pdb	A	3	Ile	Phe
P	PDB	-	files/pdb/2lzm.pdb	A	3	Ile	Gly
P	PDB	-	files/pdb/2lzm.pdb	A	3	Ile	Leu
P	PDB	-	files/pdb/2lzm.pdb	A	3	Ile	Met
P	PDB	-	files/pdb/2lzm.pdb	A	3	Ile	Pro
P	PDB	-	files/pdb/2lzm.pdb	A	3	Ile	Ser
P	PDB	-	files/pdb/2lzm.pdb	A	3	Ile	Thr
P	PDB	-	files/pdb/2lzm.pdb	A	3	Ile	Val
P	PDB	-	files/pdb/2lzm.pdb	A	3	Ile	Trp
P	PDB	-	files/pdb/2lzm.pdb	A	3	Ile	Tyr
P	PDB	-	files/pdb/2lzm.pdb	A	6	Met	Ile
P	PDB	-	files/pdb/2lzm.pdb	A	11	Glu	Ala
P	PDB	-	files/pdb/2lzm.pdb	A	11	Glu	Phe
P	PDB	-	files/pdb/2lzm.pdb	A	11	Glu	Met
P	PDB	-	files/pdb/2lzm.pdb	A	16	Lys	Glu
P	PDB	-	files/pdb/2lzm.pdb	A	30	Gly	Ala
P	PDB	-	files/pdb/2lzm.pdb	A	30	Gly	Phe
P	PDB	-	files/pdb/2lzm.pdb	A	37	Pro	Ala
P	PDB	-	files/pdb/2lzm.pdb	A	38	Ser	Ala
P	PDB	-	files/pdb/2lzm.pdb	A	38	Ser	Asp
P	PDB	-	files/pdb/2lzm.pdb	A	39	Leu	Pro
P	PDB	-	files/pdb/2lzm.pdb	A	41	Ala	Val
P	PDB	-	files/pdb/2lzm.pdb	A	44	Ser	Ala
P	PDB	-	files/pdb/2lzm.pdb	A	54	Cys	Thr
P	PDB	-	files/pdb/2lzm.pdb	A	54	Cys	Val
P	PDB	-	files/pdb/2lzm.pdb	A	55	Asn	Gly
P	PDB	-	files/pdb/2lzm.pdb	A	60	Lys	Pro
P	PDB	-	files/pdb/2lzm.pdb	A	68	Asn	Ala
P	PDB	-	files/pdb/2lzm.pdb	A	77	Gly	Ala
P	PDB	-	files/pdb/2lzm.pdb	A	82	Ala	Pro
P	PDB	-	files/pdb/2lzm.pdb	A	86	Pro	Ala
P	PDB	-	files/pdb/2lzm.pdb	A	93	Ala	Pro
P	PDB	-	files/pdb/2lzm.pdb	A	96	Arg	His
P	PDB	-	files/pdb/2lzm.pdb	A	98	Ala	Val
P	PDB	-	files/pdb/2lzm.pdb	A	102	Met	Val
P	PDB	-	files/pdb/2lzm.pdb	A	105	Gln	Ala
P	PDB	-	files/pdb/2lzm.pdb	A	105	Gln	Glu
P	PDB	-	files/pdb/2lzm.pdb	A	105	Gln	Gly
P	PDB	-	files/pdb/2lzm.pdb	A	113	Gly	Ala
P	PDB	-	files/pdb/2lzm.pdb	A	115	Thr	Glu
P	PDB	-	files/pdb/2lzm.pdb	A	116	Asn	Asp
P	PDB	-	files/pdb/2lzm.pdb	A	117	Ser	Phe
P	PDB	-	files/pdb/2lzm.pdb	A	117	Ser	Ile
P	PDB	-	files/pdb/2lzm.pdb	A	117	Ser	Val
P	PDB	-	files/pdb/2lzm.pdb	A	119	Arg	Glu
P	PDB	-	files/pdb/2lzm.pdb	A	119	Arg	Met
P	PDB	-	files/pdb/2lzm.pdb	A	123	Gln	Glu
P	PDB	-	files/pdb/2lzm.pdb	A	124	Lys	Gly
P	PDB	-	files/pdb/2lzm.pdb	A	128	Glu	Ala
P	PDB	-	files/pdb/2lzm.pdb	A	128	Glu	Lys
P	PDB	-	files/pdb/2lzm.pdb	A	129	Ala	Val
P	PDB	-	files/pdb/2lzm.pdb	A	131	Val	Ala
P	PDB	-	files/pdb/2lzm.pdb	A	131	Val	Asp
P	PDB	-	files/pdb/2lzm.pdb	A	131	Val	Glu
P	PDB	-	files/pdb/2lzm.pdb	A	131	Val	Gly
P	PDB	-	files/pdb/2lzm.pdb	A	131	Val	Ile
P	PDB	-	files/pdb/2lzm.pdb	A	131	Val	Leu
P	PDB	-	files/pdb/2lzm.pdb	A	131	Val	Met
P	PDB	-	files/pdb/2lzm.pdb	A	131	Val	Ser
P	PDB	-	files/pdb/2lzm.pdb	A	131	Val	Thr
P	PDB	-	files/pdb/2lzm.pdb	A	132	Asn	Phe
P	PDB	-	files/pdb/2lzm.pdb	A	132	Asn	Ile
P	PDB	-	files/pdb/2lzm.pdb	A	132	Asn	Met
P	PDB	-	files/pdb/2lzm.pdb	A	133	Leu	Ala
P	PDB	-	files/pdb/2lzm.pdb	A	133	Leu	Phe
P	PDB	-	files/pdb/2lzm.pdb	A	135	Lys	Glu
P	PDB	-	files/pdb/2lzm.pdb	A	143	Pro	Ala
P	PDB	-	files/pdb/2lzm.pdb	A	144	Asn	Asp
P	PDB	-	files/pdb/2lzm.pdb	A	146	Ala	Thr
P	PDB	-	files/pdb/2lzm.pdb	A	147	Lys	Glu
P	PDB	-	files/pdb/2lzm.pdb	A	149	Val	Cys
P	PDB	-	files/pdb/2lzm.pdb	A	152	Thr	Ser
P	PDB	-	files/pdb/2lzm.pdb	A	154	Arg	Glu
P	PDB	-	files/pdb/2lzm.pdb	A	157	Thr	Ala
P	PDB	-	files/pdb/2lzm.pdb	A	157	Thr	Cys
P	PDB	-	files/pdb/2lzm.pdb	A	157	Thr	Asn
P	PDB	-	files/pdb/2lzm.pdb	A	157	Thr	Glu
P	PDB	-	files/pdb/2lzm.pdb	A	157	Thr	Phe
P	PDB	-	files/pdb/2lzm.pdb	A	157	Thr	Gly
P	PDB	-	files/pdb/2lzm.pdb	A	157	Thr	His
P	PDB	-	files/pdb/2lzm.pdb	A	157	Thr	Ile
P	PDB	-	files/pdb/2lzm.pdb	A	157	Thr	Leu
P	PDB	-	files/pdb/2lzm.pdb	A	157	Thr	Asp
P	PDB	-	files/pdb/2lzm.pdb	A	157	Thr	Arg
P	PDB	-	files/pdb/2lzm.pdb	A	157	Thr	Ser
P	PDB	-	files/pdb/2lzm.pdb	A	157	Thr	Val
P	PDB	-	files/pdb/2lzm.pdb	A	160	Ala	Thr
P	PDB	-	files/pdb/2rn2.pdb	A	10	Asp	Ala
P	PDB	-	files/pdb/2rn2.pdb	A	10	Asp	Glu
P	PDB	-	files/pdb/2rn2.pdb	A	10	Asp	His
P	PDB	-	files/pdb/2rn2.pdb	A	10	Asp	Asn
P	PDB	-	files/pdb/2rn2.pdb	A	10	Asp	Ser
P	PDB	-	files/pdb/2rn2.pdb	A	23	Gly	Ala
P	PDB	-	files/pdb/2rn2.pdb	A	24	Ala	Val
P	PDB	-	files/pdb/2rn2.pdb	A	41	Arg	Cys
P	PDB	-	files/pdb/2rn2.pdb	A	48	Glu	Ala
P	PDB	-	files/pdb/2rn2.pdb	A	48	Glu	Asp
P	PDB	-	files/pdb/2rn2.pdb	A	48	Glu	Gln
P	PDB	-	files/pdb/2rn2.pdb	A	52	Ala	Cys
P	PDB	-	files/pdb/2rn2.pdb	A	52	Ala	Asp
P	PDB	-	files/pdb/2rn2.pdb	A	52	Ala	Glu
P	PDB	-	files/pdb/2rn2.pdb	A	52	Ala	Phe
P	PDB	-	files/pdb/2rn2.pdb	A	52	Ala	Gly
P	PDB	-	files/pdb/2rn2.pdb	A	52	Ala	His
P	PDB	-	files/pdb/2rn2.pdb	A	52	Ala	Ile
P	PDB	-	files/pdb/2rn2.pdb	A	52	Ala	Lys
P	PDB	-	files/pdb/2rn2.pdb	A	52	Ala	Leu
P	PDB	-	files/pdb/2rn2.pdb	A	52	Ala	Met
P	PDB	-	files/pdb/2rn2.pdb	A	52	Ala	Asn
P	PDB	-	files/pdb/2rn2.pdb	A	52	Ala	Pro
P	PDB	-	files/pdb/2rn2.pdb	A	52	Ala	Gln
P	PDB	-	files/pdb/2rn2.pdb	A	52	Ala	Ser
P	PDB	-	files/pdb/2rn2.pdb	A	52	Ala	Thr
P	PDB	-	files/pdb/2rn2.pdb	A	52	Ala	Val
P	PDB	-	files/pdb/2rn2.pdb	A	52	Ala	Tyr
P	PDB	-	files/pdb/2rn2.pdb	A	62	His	Ala
P	PDB	-	files/pdb/2rn2.pdb	A	62	His	Asp
P	PDB	-	files/pdb/2rn2.pdb	A	62	His	Pro
P	PDB	-	files/pdb/2rn2.pdb	A	62	His	Arg
P	PDB	-	files/pdb/2rn2.pdb	A	68	Ser	Ala
P	PDB	-	files/pdb/2rn2.pdb	A	68	Ser	Gly
P	PDB	-	files/pdb/2rn2.pdb	A	68	Ser	Leu
P	PDB	-	files/pdb/2rn2.pdb	A	68	Ser	Thr
P	PDB	-	files/pdb/2rn2.pdb	A	68	Ser	Val
P	PDB	-	files/pdb/2rn2.pdb	A	70	Asp	Ala
P	PDB	-	files/pdb/2rn2.pdb	A	70	Asp	Glu
P	PDB	-	files/pdb/2rn2.pdb	A	70	Asp	Asn
P	PDB	-	files/pdb/2rn2.pdb	A	74	Val	Ala
P	PDB	-	files/pdb/2rn2.pdb	A	74	Val	Ile
P	PDB	-	files/pdb/2rn2.pdb	A	74	Val	Leu
P	PDB	-	files/pdb/2rn2.pdb	A	77	Gly	Ala
P	PDB	-	files/pdb/2rn2.pdb	A	83	His	Ala
P	PDB	-	files/pdb/2rn2.pdb	A	91	Lys	Arg
P	PDB	-	files/pdb/2rn2.pdb	A	94	Asp	Glu
P	PDB	-	files/pdb/2rn2.pdb	A	95	Lys	Ala
P	PDB	-	files/pdb/2rn2.pdb	A	95	Lys	Gly
P	PDB	-	files/pdb/2rn2.pdb	A	95	Lys	Asn
P	PDB	-	files/pdb/2rn2.pdb	A	113	Gln	Pro
P	PDB	-	files/pdb/2rn2.pdb	A	117	Lys	Arg
P	PDB	-	files/pdb/2rn2.pdb	A	119	Glu	Val
P	PDB	-	files/pdb/2rn2.pdb	A	124	His	Ala
P	PDB	-	files/pdb/2rn2.pdb	A	125	Ala	Thr
P	PDB	-	files/pdb/2rn2.pdb	A	127	His	Ala
P	PDB	-	files/pdb/2rn2.pdb	A	134	Asp	Ala
P	PDB	-	files/pdb/2rn2.pdb	A	134	Asp	Glu
P	PDB	-	files/pdb/2rn2.pdb	A	134	Asp	His
P	PDB	-	files/pdb/2rn2.pdb	A	134	Asp	Ile
P	PDB	-	files/pdb/2rn2.pdb	A	134	Asp	Leu
P	PDB	-	files/pdb/2rn2.pdb	A	134	Asp	Asn
P	PDB	-	files/pdb/2rn2.pdb	A	134	Asp	Gln
P	PDB	-	files/pdb/2rn2.pdb	A	134	Asp	Ser
P	PDB	-	files/pdb/2rn2.pdb	A	134	Asp	Thr
P	PDB	-	files/pdb/2rn2.pdb	A	134	Asp	Val
P	PDB	-	files/pdb/2rn2.pdb	A	135	Glu	Lys
P	PDB	-	files/pdb/2trx.pdb	A	26	Asp	Ile
P	PDB	-	files/pdb/2trx.pdb	A	32	Cys	Ala
P	PDB	-	files/pdb/2trx.pdb	A	35	Cys	Ala
P	PDB	-	files/pdb/2trx.pdb	A	40	Pro	Ser
P	PDB	-	files/pdb/2trx.pdb	A	66	Thr	Leu
P	PDB	-	files/pdb/2trx.pdb	A	77	Thr	Val
P	PDB	-	files/pdb/2trx.pdb	A	78	Leu	Lys
P	PDB	-	files/pdb/2trx.pdb	A	78	Leu	Arg
P	PDB	-	files/pdb/3d2c.pdb	A	134	Met	Glu
P	PDB	-	files/pdb/3d2c.pdb	A	137	Met	Pro
P	PDB	-	files/pdb/3d2c.pdb	A	163	Ser	Pro
P	PDB	-	files/pdb/3mbp.pdb	A	48	Pro	Ala
P	PDB	-	files/pdb/3mbp.pdb	A	48	Pro	Ser
P	PDB	-	files/pdb/3mbp.pdb	A	133	Pro	Ala
P	PDB	-	files/pdb/3mbp.pdb	A	133	Pro	Ser
P	PDB	-	files/pdb/3mbp.pdb	A	159	Pro	Ala
P	PDB	-	files/pdb/3mbp.pdb	A	159	Pro	Ser
P	PDB	-	files/pdb/3sil.pdb	A	53	Ala	Leu
P	PDB	-	files/pdb/3sil.pdb	A	69	Ala	Val
P	PDB	-	files/pdb/451c.pdb	A	7	Phe	Ala
P	PDB	-	files/pdb/451c.pdb	A	13	Val	Met
P	PDB	-	files/pdb/451c.pdb	A	34	Phe	Tyr
P	PDB	-	files/pdb/451c.pdb	A	37	Gln	Arg
P	PDB	-	files/pdb/451c.pdb	A	43	Glu	Tyr
P	PDB	-	files/pdb/451c.pdb	A	78	Val	Ile
P	PDB	-	files/pdb/4blm.pdb	A	126	Ser	Cys
P	PDB	-	files/pdb/4blm.pdb	A	265	Ser	Cys
P	PDB	-	files/pdb/4lyz.pdb	A	3	Phe	Tyr
P	PDB	-	files/pdb/4lyz.pdb	A	15	His	Leu
P	PDB	-	files/pdb/4lyz.pdb	A	19	Asn	Lys
P	PDB	-	files/pdb/4lyz.pdb	A	21	Arg	Gln
P	PDB	-	files/pdb/4lyz.pdb	A	31	Ala	Ile
P	PDB	-	files/pdb/4lyz.pdb	A	31	Ala	Leu
P	PDB	-	files/pdb/4lyz.pdb	A	31	Ala	Val
P	PDB	-	files/pdb/4lyz.pdb	A	34	Phe	Tyr
P	PDB	-	files/pdb/4lyz.pdb	A	40	Thr	Ile
P	PDB	-	files/pdb/4lyz.pdb	A	40	Thr	Ser
P	PDB	-	files/pdb/4lyz.pdb	A	49	Gly	Ala
P	PDB	-	files/pdb/4lyz.pdb	A	55	Ile	Ala
P	PDB	-	files/pdb/4lyz.pdb	A	55	Ile	Phe
P	PDB	-	files/pdb/4lyz.pdb	A	55	Ile	Leu
P	PDB	-	files/pdb/4lyz.pdb	A	55	Ile	Met
P	PDB	-	files/pdb/4lyz.pdb	A	55	Ile	Thr
P	PDB	-	files/pdb/4lyz.pdb	A	55	Ile	Val
P	PDB	-	files/pdb/4lyz.pdb	A	67	Gly	Ala
P	PDB	-	files/pdb/4lyz.pdb	A	68	Arg	Lys
P	PDB	-	files/pdb/4lyz.pdb	A	71	Gly	Ala
P	PDB	-	files/pdb/4lyz.pdb	A	73	Arg	Lys
P	PDB	-	files/pdb/4lyz.pdb	A	77	Asn	His
P	PDB	-	files/pdb/4lyz.pdb	A	91	Ser	Ala
P	PDB	-	files/pdb/4lyz.pdb	A	91	Ser	Asp
P	PDB	-	files/pdb/4lyz.pdb	A	91	Ser	Thr
P	PDB	-	files/pdb/4lyz.pdb	A	91	Ser	Val
P	PDB	-	files/pdb/4lyz.pdb	A	91	Ser	Tyr
P	PDB	-	files/pdb/4lyz.pdb	A	101	Asp	Ala
P	PDB	-	files/pdb/4lyz.pdb	A	101	Asp	Glu
P	PDB	-	files/pdb/4lyz.pdb	A	101	Asp	Phe
P	PDB	-	files/pdb/4lyz.pdb	A	101	Asp	Gly
P	PDB	-	files/pdb/4lyz.pdb	A	101	Asp	Lys
P	PDB	-	files/pdb/4lyz.pdb	A	101	Asp	Asn
P	PDB	-	files/pdb/4lyz.pdb	A	101	Asp	Gln
P	PDB	-	files/pdb/4lyz.pdb	A	101	Asp	Arg
P	PDB	-	files/pdb/4lyz.pdb	A	101	Asp	Ser
P	PDB	-	files/pdb/4lyz.pdb	A	102	Gly	Ala
P	PDB	-	files/pdb/4lyz.pdb	A	102	Gly	Arg
P	PDB	-	files/pdb/4lyz.pdb	A	102	Gly	Val
P	PDB	-	files/pdb/4lyz.pdb	A	114	Arg	His
P	PDB	-	files/pdb/4lyz.pdb	A	117	Gly	Ala
P	PDB	-	files/pdb/4lyz.pdb	A	121	Gln	His
P	PDB	-	files/pdb/5pti.pdb	A	22	Phe	Ala
P	PDB	-	files/pdb/5pti.pdb	A	35	Tyr	Ala
P	PDB	-	files/pdb/5pti.pdb	A	36	Gly	Ser
P	PDB	-	files/pdb/1iro.pdb	A	24	Val	Ile
P	PDB	-	files/pdb/1iro.pdb	A	33	Ile	Leu
P	PDB	-	files/pdb/1iro.pdb	A	24	Val	Ile
P	PDB	-	files/pdb/1iro.pdb	A	33	Ile	Leu
P	PDB	-	files/pdb/1ycc.pdb	A	52	Asn	Ile
P	PDB	-	files/pdb/1ycc.pdb	A	52	Asn	Gln
P	PDB	-	files/pdb/1ycc.pdb	A	52	Asn	Ser
P	PDB	-	files/pdb/1ycc.pdb	A	52	Asn	Ser
P	PDB	-	files/pdb/1ycc.pdb	A	52	Asn	Ser
P	PDB	-	files/pdb/1ycc.pdb	A	52	Asn	His
P	PDB	-	files/pdb/1ycc.pdb	A	52	Asn	Thr
P	PDB	-	files/pdb/1ycc.pdb	A	52	Asn	Thr
P	PDB	-	files/pdb/1ycc.pdb	A	52	Asn	Thr
P	PDB	-	files/pdb/1ycc.pdb	A	52	Asn	Thr
P	PDB	-	files/pdb/1ycc.pdb	A	52	Asn	Ala
P	PDB	-	files/pdb/1ycc.pdb	A	52	Asn	Val
P	PDB	-	files/pdb/1ycc.pdb	A	52	Asn	Val
P	PDB	-	files/pdb/1ycc.pdb	A	52	Asn	Met
P	PDB	-	files/pdb/1ycc.pdb	A	52	Asn	Met
P	PDB	-	files/pdb/1ycc.pdb	A	52	Asn	Leu
P	PDB	-	files/pdb/1ycc.pdb	A	52	Asn	Ile
P	PDB	-	files/pdb/1ycc.pdb	A	52	Asn	Ile
P	PDB	-	files/pdb/1ycc.pdb	A	52	Asn	Ile
P	PDB	-	files/pdb/1ycc.pdb	A	52	Asn	Ile
P	PDB	-	files/pdb/1ycc.pdb	A	52	Asn	Ile
P	PDB	-	files/pdb/2rn2.pdb	A	76	Gln	Leu
P	PDB	-	files/pdb/2rn2.pdb	A	80	Gln	Leu
P	PDB	-	files/pdb/1lz1.pdb	A	77	Cys	Ala
P	PDB	-	files/pdb/1bvc.pdb	A	8	Gln	Ala
P	PDB	-	files/pdb/1bvc.pdb	A	8	Gln	Ala
P	PDB	-	files/pdb/1bvc.pdb	A	8	Gln	Gly
P	PDB	-	files/pdb/1bvc.pdb	A	8	Gln	Gly
P	PDB	-	files/pdb/1bvc.pdb	A	109	Glu	Ala
P	PDB	-	files/pdb/1bvc.pdb	A	109	Glu	Ala
P	PDB	-	files/pdb/1bvc.pdb	A	109	Glu	Gly
P	PDB	-	files/pdb/1bvc.pdb	A	109	Glu	Gly
P	PDB	-	files/pdb/1bvc.pdb	A	140	Lys	Ala
P	PDB	-	files/pdb/1bvc.pdb	A	140	Lys	Ala
P	PDB	-	files/pdb/1bvc.pdb	A	7	Trp	Phe
P	PDB	-	files/pdb/1bvc.pdb	A	14	Trp	Phe
P	PDB	-	files/pdb/1bvc.pdb	A	131	Met	Ala
P	PDB	-	files/pdb/1bvc.pdb	A	123	Phe	Lys
P	PDB	-	files/pdb/1bvc.pdb	A	130	Ala	Lys
P	PDB	-	files/pdb/1bvc.pdb	A	130	Ala	Leu
P	PDB	-	files/pdb/1bvc.pdb	A	36	His	Gln
P	PDB	-	files/pdb/1bvc.pdb	A	68	Val	Thr
P	PDB	-	files/pdb/1bvc.pdb	A	7	Trp	Phe
P	PDB	-	files/pdb/1bvc.pdb	A	7	Trp	Phe
P	PDB	-	files/pdb/1bvc.pdb	A	14	Trp	Phe
P	PDB	-	files/pdb/1bvc.pdb	A	14	Trp	Phe
P	PDB	-	files/pdb/1bvc.pdb	A	131	Met	Ala
P	PDB	-	files/pdb/1bvc.pdb	A	131	Met	Ala
P	PDB	-	files/pdb/1bvc.pdb	A	123	Phe	Lys
P	PDB	-	files/pdb/1bvc.pdb	A	123	Phe	Lys
P	PDB	-	files/pdb/1bvc.pdb	A	130	Ala	Lys
P	PDB	-	files/pdb/1bvc.pdb	A	130	Ala	Lys
P	PDB	-	files/pdb/1bvc.pdb	A	130	Ala	Leu
P	PDB	-	files/pdb/1bvc.pdb	A	130	Ala	Leu
P	PDB	-	files/pdb/1bvc.pdb	A	36	His	Gln
P	PDB	-	files/pdb/1bvc.pdb	A	36	His	Gln
P	PDB	-	files/pdb/1bvc.pdb	A	68	Val	Thr
P	PDB	-	files/pdb/1bvc.pdb	A	68	Val	Thr
P	PDB	-	files/pdb/1sup.pdb	A	218	Asn	Ser
P	PDB	-	files/pdb/1sup.pdb	A	169	Gly	Ala
P	PDB	-	files/pdb/1sup.pdb	A	50	Met	Phe
P	PDB	-	files/pdb/1sup.pdb	A	217	Tyr	Lys
P	PDB	-	files/pdb/1sup.pdb	A	206	Gln	Cys
P	PDB	-	files/pdb/1sup.pdb	A	76	Asn	Asp
P	PDB	-	files/pdb/2lzm.pdb	A	58	Ile	Thr
P	PDB	-	files/pdb/2lzm.pdb	A	101	Asn	Ala
P	PDB	-	files/pdb/2lzm.pdb	A	105	Gln	Met
P	PDB	-	files/pdb/2lzm.pdb	A	149	Val	Ala
P	PDB	-	files/pdb/2lzm.pdb	A	149	Val	Ser
P	PDB	-	files/pdb/2lzm.pdb	A	149	Val	Thr
P	PDB	-	files/pdb/2lzm.pdb	A	149	Val	Ile
P	PDB	-	files/pdb/2lzm.pdb	A	149	Val	Gly
P	PDB	-	files/pdb/2lzm.pdb	A	152	Thr	Ala
P	PDB	-	files/pdb/2lzm.pdb	A	152	Thr	Cys
P	PDB	-	files/pdb/2lzm.pdb	A	152	Thr	Val
P	PDB	-	files/pdb/2lzm.pdb	A	152	Thr	Ile
P	PDB	-	files/pdb/2lzm.pdb	A	144	Asn	Glu
P	PDB	-	files/pdb/2lzm.pdb	A	144	Asn	Glu
P	PDB	-	files/pdb/2lzm.pdb	A	144	Asn	Glu
P	PDB	-	files/pdb/2lzm.pdb	A	60	Lys	His
P	PDB	-	files/pdb/2lzm.pdb	A	60	Lys	His
P	PDB	-	files/pdb/2lzm.pdb	A	90	Ser	His
P	PDB	-	files/pdb/2lzm.pdb	A	90	Ser	His
P	PDB	-	files/pdb/2lzm.pdb	A	90	Ser	His
P	PDB	-	files/pdb/2lzm.pdb	A	83	Lys	His
P	PDB	-	files/pdb/2lzm.pdb	A	83	Lys	His
P	PDB	-	files/pdb/2lzm.pdb	A	46	Leu	Ala
P	PDB	-	files/pdb/2lzm.pdb	A	118	Leu	Ala
P	PDB	-	files/pdb/2lzm.pdb	A	121	Leu	Ala
P	PDB	-	files/pdb/2lzm.pdb	A	99	Leu	Ala
P	PDB	-	files/pdb/2lzm.pdb	A	153	Phe	Ala
P	PDB	-	files/pdb/2lzm.pdb	A	40	Asn	Ala
P	PDB	-	files/pdb/2lzm.pdb	A	43	Lys	Ala
P	PDB	-	files/pdb/2lzm.pdb	A	45	Glu	Ala
P	PDB	-	files/pdb/2lzm.pdb	A	46	Leu	Ala
P	PDB	-	files/pdb/2lzm.pdb	A	47	Asp	Ala
P	PDB	-	files/pdb/2lzm.pdb	A	48	Lys	Ala
P	PDB	-	files/pdb/2lzm.pdb	A	40	Asn	Ala
P	PDB	-	files/pdb/2lzm.pdb	A	43	Lys	Ala
P	PDB	-	files/pdb/2lzm.pdb	A	45	Glu	Ala
P	PDB	-	files/pdb/2lzm.pdb	A	46	Leu	Ala
P	PDB	-	files/pdb/2lzm.pdb	A	47	Asp	Ala
P	PDB	-	files/pdb/2lzm.pdb	A	48	Lys	Ala
P	PDB	-	files/pdb/2lzm.pdb	A	14	Arg	Lys
P	PDB	-	files/pdb/2lzm.pdb	A	22	Glu	Lys
P	PDB	-	files/pdb/2lzm.pdb	A	26	Thr	Ser
P	PDB	-	files/pdb/2lzm.pdb	A	40	Asn	Asp
P	PDB	-	files/pdb/2lzm.pdb	A	41	Ala	Asp
P	PDB	-	files/pdb/2lzm.pdb	A	80	Arg	Lys
P	PDB	-	files/pdb/2lzm.pdb	A	93	Ala	Thr
P	PDB	-	files/pdb/2lzm.pdb	A	113	Gly	Glu
P	PDB	-	files/pdb/2lzm.pdb	A	119	Arg	His
P	PDB	-	files/pdb/2lzm.pdb	A	151	Thr	Ser
P	PDB	-	files/pdb/2lzm.pdb	A	153	Phe	Leu
P	PDB	-	files/pdb/2lzm.pdb	A	163	Asn	Asp
P	PDB	-	files/pdb/2lzm.pdb	A	78	Ile	Met
P	PDB	-	files/pdb/2lzm.pdb	A	84	Leu	Met
P	PDB	-	files/pdb/2lzm.pdb	A	91	Leu	Met
P	PDB	-	files/pdb/2lzm.pdb	A	99	Leu	Met
P	PDB	-	files/pdb/2lzm.pdb	A	100	Ile	Met
P	PDB	-	files/pdb/2lzm.pdb	A	103	Val	Met
P	PDB	-	files/pdb/2lzm.pdb	A	118	Leu	Met
P	PDB	-	files/pdb/2lzm.pdb	A	121	Leu	Met
P	PDB	-	files/pdb/2lzm.pdb	A	133	Leu	Met
P	PDB	-	files/pdb/2lzm.pdb	A	153	Phe	Met
P	PDB	-	files/pdb/2lzm.pdb	A	121	Leu	Ala
P	PDB	-	files/pdb/2lzm.pdb	A	129	Ala	Leu
P	PDB	-	files/pdb/2lzm.pdb	A	129	Ala	Met
P	PDB	-	files/pdb/2lzm.pdb	A	153	Phe	Ala
P	PDB	-	files/pdb/2lzm.pdb	A	115	Thr	Ala
P	PDB	-	files/pdb/2lzm.pdb	A	116	Asn	Ala
P	PDB	-	files/pdb/2lzm.pdb	A	117	Ser	Ala
P	PDB	-	files/pdb/2lzm.pdb	A	118	Leu	Ala
P	PDB	-	files/pdb/2lzm.pdb	A	119	Arg	Ala
P	PDB	-	files/pdb/2lzm.pdb	A	120	Met	Ala
P	PDB	-	files/pdb/2lzm.pdb	A	121	Leu	Ala
P	PDB	-	files/pdb/2lzm.pdb	A	122	Gln	Ala
P	PDB	-	files/pdb/2lzm.pdb	A	123	Gln	Ala
P	PDB	-	files/pdb/2lzm.pdb	A	41	Ala	Ser
P	PDB	-	files/pdb/2lzm.pdb	A	42	Ala	Ser
P	PDB	-	files/pdb/2lzm.pdb	A	49	Ala	Ser
P	PDB	-	files/pdb/2lzm.pdb	A	73	Ala	Ser
P	PDB	-	files/pdb/2lzm.pdb	A	82	Ala	Ser
P	PDB	-	files/pdb/2lzm.pdb	A	93	Ala	Ser
P	PDB	-	files/pdb/2lzm.pdb	A	98	Ala	Ser
P	PDB	-	files/pdb/2lzm.pdb	A	130	Ala	Ser
P	PDB	-	files/pdb/2lzm.pdb	A	134	Ala	Ser
P	PDB	-	files/pdb/2lzm.pdb	A	75	Val	Thr
P	PDB	-	files/pdb/2lzm.pdb	A	87	Val	Thr
P	PDB	-	files/pdb/2lzm.pdb	A	149	Val	Thr
P	PDB	-	files/pdb/2lzm.pdb	A	69	Gln	Pro
P	PDB	-	files/pdb/2lzm.pdb	A	72	Asp	Pro
P	PDB	-	files/pdb/2lzm.pdb	A	69	Gln	Pro
P	PDB	-	files/pdb/2lzm.pdb	A	72	Asp	Pro
P	PDB	-	files/pdb/2lzm.pdb	A	74	Ala	Pro
P	PDB	-	files/pdb/2lzm.pdb	A	74	Ala	Pro
P	PDB	-	files/pdb/2lzm.pdb	A	74	Ala	Pro
P	PDB	-	files/pdb/2lzm.pdb	A	74	Ala	Pro
P	PDB	-	files/pdb/2lzm.pdb	A	102	Met	Leu
P	PDB	-	files/pdb/2lzm.pdb	A	111	Val	Phe
P	PDB	-	files/pdb/2lzm.pdb	A	111	Val	Ile
P	PDB	-	files/pdb/2lzm.pdb	A	102	Met	Leu
P	PDB	-	files/pdb/2lzm.pdb	A	111	Val	Phe
P	PDB	-	files/pdb/2lzm.pdb	A	111	Val	Ile
P	PDB	-	files/pdb/2lzm.pdb	A	138	Trp	Tyr
P	PDB	-	files/pdb/2lzm.pdb	A	102	Met	Lys
P	PDB	-	files/pdb/2lzm.pdb	A	133	Leu	Asp
P	PDB	-	files/pdb/2lzm.pdb	A	133	Leu	Asp
P	PDB	-	files/pdb/2lzm.pdb	A	102	Met	Lys
P	PDB	-	files/pdb/2lzm.pdb	A	133	Leu	Asp
P	PDB	-	files/pdb/2lzm.pdb	A	102	Met	Lys
P	PDB	-	files/pdb/2lzm.pdb	A	156	Gly	Asp
P	PDB	-	files/pdb/2lzm.pdb	A	156	Gly	Asp
P	PDB	-	files/pdb/2lzm.pdb	A	11	Glu	His
P	PDB	-	files/pdb/2lzm.pdb	A	11	Glu	Asn
P	PDB	-	files/pdb/2lzm.pdb	A	20	Asp	Asn
P	PDB	-	files/pdb/2lzm.pdb	A	20	Asp	Thr
P	PDB	-	files/pdb/2lzm.pdb	A	20	Asp	Ser
P	PDB	-	files/pdb/2lzm.pdb	A	20	Asp	Ala
P	PDB	-	files/pdb/2lzm.pdb	A	44	Ser	Leu
P	PDB	-	files/pdb/2lzm.pdb	A	44	Ser	Met
P	PDB	-	files/pdb/2lzm.pdb	A	44	Ser	Ile
P	PDB	-	files/pdb/2lzm.pdb	A	44	Ser	Gln
P	PDB	-	files/pdb/2lzm.pdb	A	44	Ser	Arg
P	PDB	-	files/pdb/2lzm.pdb	A	44	Ser	Lys
P	PDB	-	files/pdb/2lzm.pdb	A	44	Ser	Tyr
P	PDB	-	files/pdb/2lzm.pdb	A	44	Ser	Val
P	PDB	-	files/pdb/2lzm.pdb	A	44	Ser	Phe
P	PDB	-	files/pdb/2lzm.pdb	A	44	Ser	Trp
P	PDB	-	files/pdb/2lzm.pdb	A	44	Ser	His
P	PDB	-	files/pdb/2lzm.pdb	A	44	Ser	Thr
P	PDB	-	files/pdb/2lzm.pdb	A	44	Ser	Glu
P	PDB	-	files/pdb/2lzm.pdb	A	44	Ser	Asp
P	PDB	-	files/pdb/2lzm.pdb	A	44	Ser	Cys
P	PDB	-	files/pdb/2lzm.pdb	A	44	Ser	Asn
P	PDB	-	files/pdb/2lzm.pdb	A	44	Ser	Gly
P	PDB	-	files/pdb/2lzm.pdb	A	44	Ser	Pro
P	PDB	-	files/pdb/2lzm.pdb	A	99	Leu	Ala
P	PDB	-	files/pdb/2lzm.pdb	A	99	Leu	Val
P	PDB	-	files/pdb/2lzm.pdb	A	99	Leu	Ile
P	PDB	-	files/pdb/2lzm.pdb	A	99	Leu	Met
P	PDB	-	files/pdb/2lzm.pdb	A	99	Leu	Phe
P	PDB	-	files/pdb/2lzm.pdb	A	153	Phe	Ala
P	PDB	-	files/pdb/2lzm.pdb	A	153	Phe	Val
P	PDB	-	files/pdb/2lzm.pdb	A	153	Phe	Ile
P	PDB	-	files/pdb/2lzm.pdb	A	153	Phe	Leu
P	PDB	-	files/pdb/2lzm.pdb	A	153	Phe	Met
P	PDB	-	files/pdb/2lzm.pdb	A	99	Leu	Ala
P	PDB	-	files/pdb/2lzm.pdb	A	99	Leu	Val
P	PDB	-	files/pdb/2lzm.pdb	A	99	Leu	Ile
P	PDB	-	files/pdb/2lzm.pdb	A	99	Leu	Met
P	PDB	-	files/pdb/2lzm.pdb	A	99	Leu	Phe
P	PDB	-	files/pdb/2lzm.pdb	A	153	Phe	Ala
P	PDB	-	files/pdb/2lzm.pdb	A	153	Phe	Val
P	PDB	-	files/pdb/2lzm.pdb	A	153	Phe	Ile
P	PDB	-	files/pdb/2lzm.pdb	A	153	Phe	Leu
P	PDB	-	files/pdb/2lzm.pdb	A	153	Phe	Met
P	PDB	-	files/pdb/2lzm.pdb	A	59	Thr	Asn
P	PDB	-	files/pdb/2lzm.pdb	A	59	Thr	Ser
P	PDB	-	files/pdb/2lzm.pdb	A	59	Thr	Asp
P	PDB	-	files/pdb/2lzm.pdb	A	59	Thr	Gly
P	PDB	-	files/pdb/2lzm.pdb	A	59	Thr	Val
P	PDB	-	files/pdb/2lzm.pdb	A	59	Thr	Ala
P	PDB	-	files/pdb/2lzm.pdb	A	59	Thr	Asn
P	PDB	-	files/pdb/2lzm.pdb	A	59	Thr	Ser
P	PDB	-	files/pdb/2lzm.pdb	A	59	Thr	Asp
P	PDB	-	files/pdb/2lzm.pdb	A	59	Thr	Gly
P	PDB	-	files/pdb/2lzm.pdb	A	59	Thr	Val
P	PDB	-	files/pdb/2lzm.pdb	A	59	Thr	Ala
P	PDB	-	files/pdb/2lzm.pdb	A	38	Ser	Asn
P	PDB	-	files/pdb/2lzm.pdb	A	92	Asp	Asn
P	PDB	-	files/pdb/2lzm.pdb	A	109	Thr	Asp
P	PDB	-	files/pdb/2lzm.pdb	A	109	Thr	Asn
P	PDB	-	files/pdb/2lzm.pdb	A	144	Asn	His
P	PDB	-	files/pdb/2lzm.pdb	A	38	Ser	Asn
P	PDB	-	files/pdb/2lzm.pdb	A	92	Asp	Asn
P	PDB	-	files/pdb/2lzm.pdb	A	109	Thr	Asp
P	PDB	-	files/pdb/2lzm.pdb	A	109	Thr	Asn
P	PDB	-	files/pdb/2lzm.pdb	A	144	Asn	His
P	PDB	-	files/pdb/2lzm.pdb	A	39	Leu	Ala
P	PDB	-	files/pdb/2lzm.pdb	A	40	Asn	Ala
P	PDB	-	files/pdb/2lzm.pdb	A	42	Ala	Lys
P	PDB	-	files/pdb/2lzm.pdb	A	43	Lys	Ala
P	PDB	-	files/pdb/2lzm.pdb	A	46	Leu	Ala
P	PDB	-	files/pdb/2lzm.pdb	A	17	Ile	Ala
P	PDB	-	files/pdb/2lzm.pdb	A	27	Ile	Ala
P	PDB	-	files/pdb/2lzm.pdb	A	29	Ile	Ala
P	PDB	-	files/pdb/2lzm.pdb	A	50	Ile	Ala
P	PDB	-	files/pdb/2lzm.pdb	A	58	Ile	Ala
P	PDB	-	files/pdb/2lzm.pdb	A	78	Ile	Ala
P	PDB	-	files/pdb/2lzm.pdb	A	100	Ile	Ala
P	PDB	-	files/pdb/2lzm.pdb	A	71	Val	Ala
P	PDB	-	files/pdb/2lzm.pdb	A	87	Val	Ala
P	PDB	-	files/pdb/2lzm.pdb	A	94	Val	Ala
P	PDB	-	files/pdb/2lzm.pdb	A	103	Val	Ala
P	PDB	-	files/pdb/2lzm.pdb	A	111	Val	Ala
P	PDB	-	files/pdb/2lzm.pdb	A	149	Val	Ala
P	PDB	-	files/pdb/2lzm.pdb	A	6	Met	Ala
P	PDB	-	files/pdb/2lzm.pdb	A	106	Met	Ala
P	PDB	-	files/pdb/2lzm.pdb	A	67	Phe	Ala
P	PDB	-	files/pdb/2lzm.pdb	A	104	Phe	Ala
P	PDB	-	files/pdb/2lzm.pdb	A	7	Leu	Ala
P	PDB	-	files/pdb/2lzm.pdb	A	33	Leu	Ala
P	PDB	-	files/pdb/2lzm.pdb	A	66	Leu	Ala
P	PDB	-	files/pdb/2lzm.pdb	A	84	Leu	Ala
P	PDB	-	files/pdb/2lzm.pdb	A	91	Leu	Ala
P	PDB	-	files/pdb/2lzm.pdb	A	6	Met	Leu
P	PDB	-	files/pdb/2lzm.pdb	A	106	Met	Leu
P	PDB	-	files/pdb/2lzm.pdb	A	120	Met	Leu
P	PDB	-	files/pdb/2lzm.pdb	A	106	Met	Lys
P	PDB	-	files/pdb/2lzm.pdb	A	120	Met	Lys
P	PDB	-	files/pdb/2lzm.pdb	A	31	His	Asn
P	PDB	-	files/pdb/2lzm.pdb	A	108	Glu	Val
P	PDB	-	files/pdb/2lzm.pdb	A	99	Leu	Ala
P	PDB	-	files/pdb/2lzm.pdb	A	99	Leu	Gly
P	PDB	-	files/pdb/2lzm.pdb	A	108	Glu	Val
P	PDB	-	files/pdb/2lzm.pdb	A	99	Leu	Ala
P	PDB	-	files/pdb/2lzm.pdb	A	99	Leu	Gly
P	PDB	-	files/pdb/2lzm.pdb	A	78	Ile	Val
P	PDB	-	files/pdb/2lzm.pdb	A	118	Leu	Ile
P	PDB	-	files/pdb/2lzm.pdb	A	87	Val	Ile
P	PDB	-	files/pdb/2lzm.pdb	A	100	Ile	Val
P	PDB	-	files/pdb/2lzm.pdb	A	102	Met	Leu
P	PDB	-	files/pdb/2lzm.pdb	A	103	Val	Ile
P	PDB	-	files/pdb/2lzm.pdb	A	106	Met	Ile
P	PDB	-	files/pdb/2lzm.pdb	A	111	Val	Ala
P	PDB	-	files/pdb/2lzm.pdb	A	120	Met	Tyr
P	PDB	-	files/pdb/2lzm.pdb	A	149	Val	Ile
P	PDB	-	files/pdb/2lzm.pdb	A	108	Glu	Val
P	PDB	-	files/pdb/2lzm.pdb	A	28	Gly	Ala
P	PDB	-	files/pdb/2lzm.pdb	A	96	Arg	Lys
P	PDB	-	files/pdb/2lzm.pdb	A	96	Arg	Gln
P	PDB	-	files/pdb/2lzm.pdb	A	96	Arg	Ala
P	PDB	-	files/pdb/2lzm.pdb	A	96	Arg	Val
P	PDB	-	files/pdb/2lzm.pdb	A	96	Arg	Ser
P	PDB	-	files/pdb/2lzm.pdb	A	96	Arg	Glu
P	PDB	-	files/pdb/2lzm.pdb	A	96	Arg	Gly
P	PDB	-	files/pdb/2lzm.pdb	A	96	Arg	Met
P	PDB	-	files/pdb/2lzm.pdb	A	96	Arg	Thr
P	PDB	-	files/pdb/2lzm.pdb	A	96	Arg	Cys
P	PDB	-	files/pdb/2lzm.pdb	A	96	Arg	Ile
P	PDB	-	files/pdb/2lzm.pdb	A	96	Arg	Asn
P	PDB	-	files/pdb/2lzm.pdb	A	96	Arg	Leu
P	PDB	-	files/pdb/2lzm.pdb	A	96	Arg	Asp
P	PDB	-	files/pdb/2lzm.pdb	A	96	Arg	Phe
P	PDB	-	files/pdb/2lzm.pdb	A	96	Arg	Trp
P	PDB	-	files/pdb/2lzm.pdb	A	96	Arg	Tyr
P	PDB	-	files/pdb/2lzm.pdb	A	96	Arg	Pro
P	PDB	-	files/pdb/2lzm.pdb	A	85	Lys	Ala
P	PDB	-	files/pdb/2lzm.pdb	A	89	Asp	Ala
P	PDB	-	files/pdb/2lzm.pdb	A	96	Arg	Lys
P	PDB	-	files/pdb/2lzm.pdb	A	96	Arg	Gln
P	PDB	-	files/pdb/2lzm.pdb	A	96	Arg	Ala
P	PDB	-	files/pdb/2lzm.pdb	A	96	Arg	Val
P	PDB	-	files/pdb/2lzm.pdb	A	96	Arg	Ser
P	PDB	-	files/pdb/2lzm.pdb	A	96	Arg	Glu
P	PDB	-	files/pdb/2lzm.pdb	A	96	Arg	Gly
P	PDB	-	files/pdb/2lzm.pdb	A	96	Arg	Met
P	PDB	-	files/pdb/2lzm.pdb	A	96	Arg	Thr
P	PDB	-	files/pdb/2lzm.pdb	A	96	Arg	Cys
P	PDB	-	files/pdb/2lzm.pdb	A	96	Arg	Ile
P	PDB	-	files/pdb/2lzm.pdb	A	96	Arg	Asn
P	PDB	-	files/pdb/2lzm.pdb	A	96	Arg	Leu
P	PDB	-	files/pdb/2lzm.pdb	A	96	Arg	Asp
P	PDB	-	files/pdb/2lzm.pdb	A	96	Arg	Phe
P	PDB	-	files/pdb/2lzm.pdb	A	96	Arg	Trp
P	PDB	-	files/pdb/2lzm.pdb	A	96	Arg	Tyr
P	PDB	-	files/pdb/2lzm.pdb	A	96	Arg	Pro
P	PDB	-	files/pdb/2lzm.pdb	A	85	Lys	Ala
P	PDB	-	files/pdb/2lzm.pdb	A	89	Asp	Ala
P	PDB	-	files/pdb/3mbp.pdb	A	8	Val	Gly
P	PDB	-	files/pdb/3mbp.pdb	A	19	Gly	Cys
P	PDB	-	files/pdb/3mbp.pdb	A	276	Ala	Gly
P	PDB	-	files/pdb/3mbp.pdb	A	283	Tyr	Asp
P	PDB	-	files/pdb/3mbp.pdb	A	345	Thr	Ile
P	PDB	-	files/pdb/3mbp.pdb	A	55	Asp	Asn
P	PDB	-	files/pdb/1shg.pdb	A	13	Tyr	Phe
P	PDB	-	files/pdb/1shg.pdb	A	57	Tyr	Phe
P	PDB	-	files/pdb/1shg.pdb	A	52	Phe	Tyr
P	PDB	-	files/pdb/1shg.pdb	A	59	Lys	Tyr
P	PDB	-	files/pdb/1shg.pdb	A	59	Lys	Phe
P	PDB	-	files/pdb/1shg.pdb	A	13	Tyr	Phe
P	PDB	-	files/pdb/1shg.pdb	A	18	Lys	Phe
P	PDB	-	files/pdb/1shg.pdb	A	57	Tyr	Phe
P	PDB	-	files/pdb/1shg.pdb	A	59	Lys	Phe
P	PDB	-	files/pdb/1rn1.pdb	A	11	Tyr	Phe
P	PDB	-	files/pdb/1rn1.pdb	A	42	Tyr	Phe
P	PDB	-	files/pdb/1rn1.pdb	A	56	Tyr	Phe
P	PDB	-	files/pdb/1rn1.pdb	A	57	Tyr	Phe
P	PDB	-	files/pdb/1rn1.pdb	A	68	Tyr	Phe
P	PDB	-	files/pdb/1rn1.pdb	A	12	Ser	Ala
P	PDB	-	files/pdb/1rn1.pdb	A	17	Ser	Ala
P	PDB	-	files/pdb/1rn1.pdb	A	64	Ser	Ala
P	PDB	-	files/pdb/1rn1.pdb	A	9	Asn	Ala
P	PDB	-	files/pdb/1rn1.pdb	A	36	Asn	Ala
P	PDB	-	files/pdb/1rn1.pdb	A	81	Asn	Ala
P	PDB	-	files/pdb/1rn1.pdb	A	11	Tyr	Phe
P	PDB	-	files/pdb/1rn1.pdb	A	42	Tyr	Phe
P	PDB	-	files/pdb/1rn1.pdb	A	56	Tyr	Phe
P	PDB	-	files/pdb/1rn1.pdb	A	57	Tyr	Phe
P	PDB	-	files/pdb/1rn1.pdb	A	68	Tyr	Phe
P	PDB	-	files/pdb/1rn1.pdb	A	12	Ser	Ala
P	PDB	-	files/pdb/1rn1.pdb	A	17	Ser	Ala
P	PDB	-	files/pdb/1rn1.pdb	A	64	Ser	Ala
P	PDB	-	files/pdb/1rn1.pdb	A	9	Asn	Ala
P	PDB	-	files/pdb/1rn1.pdb	A	36	Asn	Ala
P	PDB	-	files/pdb/1rn1.pdb	A	81	Asn	Ala
P	PDB	-	files/pdb/1rn1.pdb	A	21	Ala	Cys
P	PDB	-	files/pdb/1rn1.pdb	A	21	Ala	Asp
P	PDB	-	files/pdb/1rn1.pdb	A	21	Ala	Glu
P	PDB	-	files/pdb/1rn1.pdb	A	21	Ala	Phe
P	PDB	-	files/pdb/1rn1.pdb	A	21	Ala	Gly
P	PDB	-	files/pdb/1rn1.pdb	A	21	Ala	His
P	PDB	-	files/pdb/1rn1.pdb	A	21	Ala	Ile
P	PDB	-	files/pdb/1rn1.pdb	A	21	Ala	Lys
P	PDB	-	files/pdb/1rn1.pdb	A	21	Ala	Leu
P	PDB	-	files/pdb/1rn1.pdb	A	21	Ala	Met
P	PDB	-	files/pdb/1rn1.pdb	A	21	Ala	Asn
P	PDB	-	files/pdb/1rn1.pdb	A	21	Ala	Gln
P	PDB	-	files/pdb/1rn1.pdb	A	21	Ala	Arg
P	PDB	-	files/pdb/1rn1.pdb	A	21	Ala	Ser
P	PDB	-	files/pdb/1rn1.pdb	A	21	Ala	Thr
P	PDB	-	files/pdb/1rn1.pdb	A	21	Ala	Val
P	PDB	-	files/pdb/1rn1.pdb	A	21	Ala	Trp
P	PDB	-	files/pdb/1rn1.pdb	A	21	Ala	Tyr
P	PDB	-	files/pdb/1rn1.pdb	A	21	Ala	Asp
P	PDB	-	files/pdb/1rn1.pdb	A	21	Ala	Glu
P	PDB	-	files/pdb/1rn1.pdb	A	21	Ala	His
P	PDB	-	files/pdb/1rn1.pdb	A	21	Ala	Gln
P	PDB	-	files/pdb/1rn1.pdb	A	21	Ala	Ser
P	PDB	-	files/pdb/1ayf.pdb	A	82	Tyr	Trp
P	PDB	-	files/pdb/4lyz.pdb	A	13	Lys	Asp
P	PDB	-	files/pdb/4lyz.pdb	A	49	Gly	Asn
P	PDB	-	files/pdb/4lyz.pdb	A	70	Pro	Asn
P	PDB	-	files/pdb/4lyz.pdb	A	94	Cys	Ala
P	PDB	-	files/pdb/4lyz.pdb	A	103	Asn	Asp
P	PDB	-	files/pdb/4lyz.pdb	A	105	Met	Thr
P	PDB	-	files/pdb/1poh.pdb	A	46	Ser	Asp
P	PDB	-	files/pdb/1poh.pdb	A	46	Ser	Asn
P	PDB	-	files/pdb/1poh.pdb	A	46	Ser	Ala
P	PDB	-	files/pdb/4lyz.pdb	A	12	Met	Leu
P	PDB	-	files/pdb/4lyz.pdb	A	12	Met	Phe
P	PDB	-	files/pdb/1poh.pdb	A	46	Ser	Asp
P	PDB	-	files/pdb/1poh.pdb	A	46	Ser	Asn
P	PDB	-	files/pdb/1poh.pdb	A	46	Ser	Ala
P	PDB	-	files/pdb/1pga.pdb	A	53	Thr	Thr
P	PDB	-	files/pdb/1pga.pdb	A	53	Thr	Trp
P	PDB	-	files/pdb/1pga.pdb	A	53	Thr	Ser
P	PDB	-	files/pdb/1pga.pdb	A	53	Thr	Met
P	PDB	-	files/pdb/1pga.pdb	A	53	Thr	Cys
P	PDB	-	files/pdb/1pga.pdb	A	53	Thr	Leu
P	PDB	-	files/pdb/1pga.pdb	A	53	Thr	Arg
P	PDB	-	files/pdb/1pga.pdb	A	53	Thr	Asn
P	PDB	-	files/pdb/1pga.pdb	A	53	Thr	His
P	PDB	-	files/pdb/1pga.pdb	A	53	Thr	Gln
P	PDB	-	files/pdb/1pga.pdb	A	53	Thr	Lys
P	PDB	-	files/pdb/1pga.pdb	A	53	Thr	Glu
P	PDB	-	files/pdb/1pga.pdb	A	53	Thr	Asp
P	PDB	-	files/pdb/1pga.pdb	A	53	Thr	Gly
P	PDB	-	files/pdb/1pga.pdb	A	25	Thr	Pro
P	PDB	-	files/pdb/1pga.pdb	A	29	Val	Pro
P	PDB	-	files/pdb/1pga.pdb	A	36	Asp	Pro
P	PDB	-	files/pdb/1bni.pdb	A	52	Gly	Val
P	PDB	-	files/pdb/1bni.pdb	A	6	Thr	Pro
P	PDB	-	files/pdb/1bni.pdb	A	8	Asp	Ser
P	PDB	-	files/pdb/1bni.pdb	A	12	Asp	Ser
P	PDB	-	files/pdb/1bni.pdb	A	16	Thr	Gly
P	PDB	-	files/pdb/1bni.pdb	A	16	Thr	Ala
P	PDB	-	files/pdb/1bni.pdb	A	17	Tyr	Gly
P	PDB	-	files/pdb/1bni.pdb	A	17	Tyr	Ser
P	PDB	-	files/pdb/1bni.pdb	A	18	His	Gly
P	PDB	-	files/pdb/1bni.pdb	A	18	His	Ala
P	PDB	-	files/pdb/1bni.pdb	A	18	His	Ser
P	PDB	-	files/pdb/1bni.pdb	A	18	His	Asn
P	PDB	-	files/pdb/1bni.pdb	A	18	His	Asp
P	PDB	-	files/pdb/1bni.pdb	A	18	His	Lys
P	PDB	-	files/pdb/1bni.pdb	A	18	His	Arg
P	PDB	-	files/pdb/1bni.pdb	A	12	Asp	Ala
P	PDB	-	files/pdb/1bni.pdb	A	13	Tyr	Gly
P	PDB	-	files/pdb/1bni.pdb	A	15	Gln	Gly
P	PDB	-	files/pdb/1bni.pdb	A	15	Gln	Ala
P	PDB	-	files/pdb/1bni.pdb	A	17	Tyr	Gly
P	PDB	-	files/pdb/1bni.pdb	A	55	Ile	Gly
P	PDB	-	files/pdb/1bni.pdb	A	72	Arg	Gly
P	PDB	-	files/pdb/1bni.pdb	A	73	Glu	Gly
P	PDB	-	files/pdb/1bni.pdb	A	88	Ile	Gly
P	PDB	-	files/pdb/1bni.pdb	A	26	Thr	Asp
P	PDB	-	files/pdb/1bni.pdb	A	89	Leu	Gly
P	PDB	-	files/pdb/1bni.pdb	A	95	Leu	Gly
P	PDB	-	files/pdb/1bni.pdb	A	96	Ile	Gly
P	PDB	-	files/pdb/1bni.pdb	A	97	Tyr	Gly
P	PDB	-	files/pdb/1bni.pdb	A	100	Thr	Gly
P	PDB	-	files/pdb/1bni.pdb	A	27	Lys	Gly
P	PDB	-	files/pdb/1bni.pdb	A	28	Ser	Gly
P	PDB	-	files/pdb/1bni.pdb	A	28	Ser	Ala
P	PDB	-	files/pdb/1bni.pdb	A	29	Glu	Gly
P	PDB	-	files/pdb/1bni.pdb	A	29	Glu	Ala
P	PDB	-	files/pdb/1bni.pdb	A	29	Glu	Ser
P	PDB	-	files/pdb/1bni.pdb	A	31	Gln	Gly
P	PDB	-	files/pdb/1bni.pdb	A	31	Gln	Ser
P	PDB	-	files/pdb/1bni.pdb	A	31	Gln	Ala
P	PDB	-	files/pdb/1bni.pdb	A	34	Gly	Ala
P	PDB	-	files/pdb/1bni.pdb	A	34	Gly	Ser
P	PDB	-	files/pdb/1bni.pdb	A	34	Gly	Asn
P	PDB	-	files/pdb/1bni.pdb	A	34	Gly	Asp
P	PDB	-	files/pdb/1bni.pdb	A	34	Gly	His
P	PDB	-	files/pdb/1bni.pdb	A	34	Gly	Lys
P	PDB	-	files/pdb/1bni.pdb	A	34	Gly	Arg
P	PDB	-	files/pdb/1bni.pdb	A	34	Gly	Thr
P	PDB	-	files/pdb/1bni.pdb	A	32	Ala	Arg
P	PDB	-	files/pdb/1bni.pdb	A	32	Ala	Lys
P	PDB	-	files/pdb/1bni.pdb	A	32	Ala	Met
P	PDB	-	files/pdb/1bni.pdb	A	32	Ala	Leu
P	PDB	-	files/pdb/1bni.pdb	A	32	Ala	Ser
P	PDB	-	files/pdb/1bni.pdb	A	32	Ala	Gln
P	PDB	-	files/pdb/1bni.pdb	A	32	Ala	Glu
P	PDB	-	files/pdb/1bni.pdb	A	32	Ala	Asn
P	PDB	-	files/pdb/1bni.pdb	A	32	Ala	Phe
P	PDB	-	files/pdb/1bni.pdb	A	32	Ala	Asp
P	PDB	-	files/pdb/1bni.pdb	A	32	Ala	His
P	PDB	-	files/pdb/1bni.pdb	A	32	Ala	Thr
P	PDB	-	files/pdb/1bni.pdb	A	32	Ala	Ile
P	PDB	-	files/pdb/1bni.pdb	A	32	Ala	Tyr
P	PDB	-	files/pdb/1bni.pdb	A	32	Ala	Val
P	PDB	-	files/pdb/1bni.pdb	A	32	Ala	Gly
P	PDB	-	files/pdb/1bni.pdb	A	32	Ala	Trp
P	PDB	-	files/pdb/1bni.pdb	A	32	Ala	Cys
P	PDB	-	files/pdb/1bni.pdb	A	32	Ala	Pro
P	PDB	-	files/pdb/1bni.pdb	A	28	Ser	Glu
P	PDB	-	files/pdb/1bni.pdb	A	7	Phe	Leu
P	PDB	-	files/pdb/1bni.pdb	A	6	Thr	Ser
P	PDB	-	files/pdb/1bni.pdb	A	6	Thr	Ala
P	PDB	-	files/pdb/1bni.pdb	A	6	Thr	Gly
P	PDB	-	files/pdb/1bni.pdb	A	6	Thr	Asn
P	PDB	-	files/pdb/1bni.pdb	A	6	Thr	Asp
P	PDB	-	files/pdb/1bni.pdb	A	6	Thr	Gln
P	PDB	-	files/pdb/1bni.pdb	A	6	Thr	Glu
P	PDB	-	files/pdb/1bni.pdb	A	26	Thr	Ser
P	PDB	-	files/pdb/1bni.pdb	A	26	Thr	Val
P	PDB	-	files/pdb/1bni.pdb	A	26	Thr	Ala
P	PDB	-	files/pdb/1bni.pdb	A	26	Thr	Asn
P	PDB	-	files/pdb/1bni.pdb	A	26	Thr	Gln
P	PDB	-	files/pdb/1bni.pdb	A	26	Thr	Glu
P	PDB	-	files/pdb/1bni.pdb	A	6	Thr	Ala
P	PDB	-	files/pdb/1bni.pdb	A	26	Thr	Ala
P	PDB	-	files/pdb/1bni.pdb	A	18	His	Gln
P	PDB	-	files/pdb/1bni.pdb	A	16	Thr	Ser
P	PDB	-	files/pdb/1bni.pdb	A	78	Tyr	Phe
P	PDB	-	files/pdb/1bni.pdb	A	94	Trp	Tyr
P	PDB	-	files/pdb/1bni.pdb	A	94	Trp	Phe
P	PDB	-	files/pdb/1bni.pdb	A	94	Trp	Leu
P	PDB	-	files/pdb/1bni.pdb	A	18	His	Gly
P	PDB	-	files/pdb/1bni.pdb	A	94	Trp	Tyr
P	PDB	-	files/pdb/1bni.pdb	A	94	Trp	Phe
P	PDB	-	files/pdb/1bni.pdb	A	94	Trp	Leu
P	PDB	-	files/pdb/1bni.pdb	A	18	His	Gly
P	PDB	-	files/pdb/1bni.pdb	A	13	Tyr	Ala
P	PDB	-	files/pdb/1bni.pdb	A	17	Tyr	Ala
P	PDB	-	files/pdb/1bni.pdb	A	13	Tyr	Phe
P	PDB	-	files/pdb/1bni.pdb	A	17	Tyr	Phe
P	PDB	-	files/pdb/1bni.pdb	A	69	Arg	Ser
P	PDB	-	files/pdb/1bni.pdb	A	93	Asp	Asn
P	PDB	-	files/pdb/1bni.pdb	A	69	Arg	Lys
P	PDB	-	files/pdb/1bni.pdb	A	83	Arg	Lys
P	PDB	-	files/pdb/1bni.pdb	A	75	Asp	Asn
P	PDB	-	files/pdb/1bni.pdb	A	12	Asp	Ala
P	PDB	-	files/pdb/1bni.pdb	A	4	Ile	Val
P	PDB	-	files/pdb/1bni.pdb	A	4	Ile	Ala
P	PDB	-	files/pdb/1bni.pdb	A	5	Asn	Ala
P	PDB	-	files/pdb/1bni.pdb	A	34	Gly	His
P	PDB	-	files/pdb/1bni.pdb	A	6	Thr	His
P	PDB	-	files/pdb/1bni.pdb	A	94	Trp	Leu
P	PDB	-	files/pdb/1bni.pdb	A	34	Gly	His
P	PDB	-	files/pdb/1bni.pdb	A	6	Thr	His
P	PDB	-	files/pdb/1bni.pdb	A	6	Thr	Gly
P	PDB	-	files/pdb/1bni.pdb	A	6	Thr	Ala
P	PDB	-	files/pdb/1bni.pdb	A	10	Val	Thr
P	PDB	-	files/pdb/1bni.pdb	A	10	Val	Ala
P	PDB	-	files/pdb/1bni.pdb	A	12	Asp	Ala
P	PDB	-	files/pdb/1bni.pdb	A	13	Tyr	Ala
P	PDB	-	files/pdb/1bni.pdb	A	54	Asp	Ala
P	PDB	-	files/pdb/1bni.pdb	A	73	Glu	Ala
P	PDB	-	files/pdb/1bni.pdb	A	75	Asp	Asn
P	PDB	-	files/pdb/1bni.pdb	A	16	Thr	Ser
P	PDB	-	files/pdb/1bni.pdb	A	15	Gln	Ile
P	PDB	-	files/pdb/1bni.pdb	A	18	His	Lys
P	PDB	-	files/pdb/1bni.pdb	A	19	Lys	Arg
P	PDB	-	files/pdb/1bni.pdb	A	29	Glu	Gln
P	PDB	-	files/pdb/1bni.pdb	A	31	Gln	Ser
P	PDB	-	files/pdb/1bni.pdb	A	44	Asp	Glu
P	PDB	-	files/pdb/1bni.pdb	A	55	Ile	Val
P	PDB	-	files/pdb/1bni.pdb	A	62	Lys	Arg
P	PDB	-	files/pdb/1bni.pdb	A	65	Gly	Ser
P	PDB	-	files/pdb/1bni.pdb	A	66	Lys	Ala
P	PDB	-	files/pdb/1bni.pdb	A	79	Thr	Val
P	PDB	-	files/pdb/1bni.pdb	A	85	Ser	Ala
P	PDB	-	files/pdb/1bni.pdb	A	88	Ile	Leu
P	PDB	-	files/pdb/1bni.pdb	A	89	Leu	Val
P	PDB	-	files/pdb/1bni.pdb	A	104	Gln	Ala
P	PDB	-	files/pdb/1bni.pdb	A	108	Lys	Arg
P	PDB	-	files/pdb/1bni.pdb	A	17	Tyr	Ala
P	PDB	-	files/pdb/1bni.pdb	A	23	Asn	Ala
P	PDB	-	files/pdb/1hfy.pdb	A	29	Thr	Val
P	PDB	-	files/pdb/1hfy.pdb	A	29	Thr	Ile
P	PDB	-	files/pdb/1am7.pdb	A	48	His	Asn
P	PDB	-	files/pdb/1hfy.pdb	A	29	Thr	Ile
P	PDB	-	files/pdb/1hfy.pdb	A	30	Ala	Thr
P	PDB	-	files/pdb/1hfy.pdb	A	30	Ala	Ile
P	PDB	-	files/pdb/1hfy.pdb	A	33	Thr	Ile
P	PDB	-	files/pdb/1wq5.pdb	A	211	Gly	Asp
P	PDB	-	files/pdb/1wq5.pdb	A	211	Gly	Asp
P	PDB	-	files/pdb/1wq5.pdb	A	211	Gly	Ser
P	PDB	-	files/pdb/1wq5.pdb	A	211	Gly	Ser
P	PDB	-	files/pdb/1wq5.pdb	A	211	Gly	Val
P	PDB	-	files/pdb/1wq5.pdb	A	211	Gly	Val
P	PDB	-	files/pdb/1wq5.pdb	A	211	Gly	Trp
P	PDB	-	files/pdb/1wq5.pdb	A	211	Gly	Trp
P	PDB	-	files/pdb/1wq5.pdb	A	175	Tyr	Cys
P	PDB	-	files/pdb/1wq5.pdb	A	175	Tyr	Cys
P	PDB	-	files/pdb/1wq5.pdb	A	139	Phe	Trp
P	PDB	-	files/pdb/1wq5.pdb	A	139	Phe	Trp
P	PDB	-	files/pdb/1wq5.pdb	A	258	Phe	Trp
P	PDB	-	files/pdb/1wq5.pdb	A	258	Phe	Trp
P	PDB	-	files/pdb/1csp.pdb	A	5	Lys	Glu
P	PDB	-	files/pdb/1csp.pdb	A	5	Lys	Gln
P	PDB	-	files/pdb/1csp.pdb	A	5	Lys	Gln
P	PDB	-	files/pdb/1csp.pdb	A	10	Asn	Lys
P	PDB	-	files/pdb/1csp.pdb	A	12	Glu	Lys
P	PDB	-	files/pdb/1csp.pdb	A	13	Lys	Glu
P	PDB	-	files/pdb/1csp.pdb	A	13	Lys	Gln
P	PDB	-	files/pdb/1csp.pdb	A	19	Glu	Lys
P	PDB	-	files/pdb/1csp.pdb	A	19	Glu	Gln
P	PDB	-	files/pdb/1csp.pdb	A	20	Val	Gln
P	PDB	-	files/pdb/1csp.pdb	A	20	Val	Gln
P	PDB	-	files/pdb/1csp.pdb	A	20	Val	Lys
P	PDB	-	files/pdb/1csp.pdb	A	20	Val	Lys
P	PDB	-	files/pdb/1csp.pdb	A	21	Glu	Lys
P	PDB	-	files/pdb/1csp.pdb	A	21	Glu	Gln
P	PDB	-	files/pdb/1csp.pdb	A	24	Asp	Lys
P	PDB	-	files/pdb/1csp.pdb	A	24	Asp	Asn
P	PDB	-	files/pdb/1csp.pdb	A	25	Asp	Lys
P	PDB	-	files/pdb/1csp.pdb	A	39	Lys	Glu
P	PDB	-	files/pdb/1csp.pdb	A	39	Lys	Gln
P	PDB	-	files/pdb/1csp.pdb	A	42	Glu	Lys
P	PDB	-	files/pdb/1csp.pdb	A	42	Glu	Gln
P	PDB	-	files/pdb/1csp.pdb	A	43	Glu	Lys
P	PDB	-	files/pdb/1csp.pdb	A	43	Glu	Gln
P	PDB	-	files/pdb/1csp.pdb	A	50	Glu	Lys
P	PDB	-	files/pdb/1csp.pdb	A	50	Glu	Lys
P	PDB	-	files/pdb/1csp.pdb	A	53	Glu	Lys
P	PDB	-	files/pdb/1csp.pdb	A	53	Glu	Gln
P	PDB	-	files/pdb/1csp.pdb	A	55	Asn	Lys
P	PDB	-	files/pdb/1csp.pdb	A	55	Asn	Asp
P	PDB	-	files/pdb/1csp.pdb	A	65	Lys	Glu
P	PDB	-	files/pdb/1csp.pdb	A	65	Lys	Glu
P	PDB	-	files/pdb/1csp.pdb	A	65	Lys	Gln
P	PDB	-	files/pdb/1csp.pdb	A	65	Lys	Gln
P	PDB	-	files/pdb/1csp.pdb	A	5	Lys	Glu
P	PDB	-	files/pdb/1csp.pdb	A	5	Lys	Gln
P	PDB	-	files/pdb/1csp.pdb	A	5	Lys	Gln
P	PDB	-	files/pdb/1csp.pdb	A	10	Asn	Lys
P	PDB	-	files/pdb/1csp.pdb	A	12	Glu	Lys
P	PDB	-	files/pdb/1csp.pdb	A	13	Lys	Glu
P	PDB	-	files/pdb/1csp.pdb	A	13	Lys	Gln
P	PDB	-	files/pdb/1csp.pdb	A	19	Glu	Lys
P	PDB	-	files/pdb/1csp.pdb	A	19	Glu	Gln
P	PDB	-	files/pdb/1csp.pdb	A	20	Val	Gln
P	PDB	-	files/pdb/1csp.pdb	A	20	Val	Gln
P	PDB	-	files/pdb/1csp.pdb	A	20	Val	Lys
P	PDB	-	files/pdb/1csp.pdb	A	20	Val	Lys
P	PDB	-	files/pdb/1csp.pdb	A	21	Glu	Lys
P	PDB	-	files/pdb/1csp.pdb	A	21	Glu	Gln
P	PDB	-	files/pdb/1csp.pdb	A	24	Asp	Lys
P	PDB	-	files/pdb/1csp.pdb	A	24	Asp	Asn
P	PDB	-	files/pdb/1csp.pdb	A	25	Asp	Lys
P	PDB	-	files/pdb/1csp.pdb	A	39	Lys	Glu
P	PDB	-	files/pdb/1csp.pdb	A	39	Lys	Gln
P	PDB	-	files/pdb/1csp.pdb	A	42	Glu	Lys
P	PDB	-	files/pdb/1csp.pdb	A	42	Glu	Gln
P	PDB	-	files/pdb/1csp.pdb	A	43	Glu	Lys
P	PDB	-	files/pdb/1csp.pdb	A	43	Glu	Gln
P	PDB	-	files/pdb/1csp.pdb	A	50	Glu	Lys
P	PDB	-	files/pdb/1csp.pdb	A	50	Glu	Lys
P	PDB	-	files/pdb/1csp.pdb	A	53	Glu	Lys
P	PDB	-	files/pdb/1csp.pdb	A	53	Glu	Gln
P	PDB	-	files/pdb/1csp.pdb	A	55	Asn	Lys
P	PDB	-	files/pdb/1csp.pdb	A	55	Asn	Asp
P	PDB	-	files/pdb/1csp.pdb	A	65	Lys	Glu
P	PDB	-	files/pdb/1csp.pdb	A	65	Lys	Glu
P	PDB	-	files/pdb/1csp.pdb	A	65	Lys	Gln
P	PDB	-	files/pdb/1csp.pdb	A	65	Lys	Gln
P	PDB	-	files/pdb/1csp.pdb	A	5	Lys	Glu
P	PDB	-	files/pdb/1csp.pdb	A	5	Lys	Glu
P	PDB	-	files/pdb/1csp.pdb	A	5	Lys	Gln
P	PDB	-	files/pdb/1csp.pdb	A	5	Lys	Gln
P	PDB	-	files/pdb/1csp.pdb	A	10	Asn	Lys
P	PDB	-	files/pdb/1csp.pdb	A	12	Glu	Lys
P	PDB	-	files/pdb/1csp.pdb	A	13	Lys	Glu
P	PDB	-	files/pdb/1csp.pdb	A	13	Lys	Gln
P	PDB	-	files/pdb/1csp.pdb	A	19	Glu	Lys
P	PDB	-	files/pdb/1csp.pdb	A	19	Glu	Gln
P	PDB	-	files/pdb/1csp.pdb	A	20	Val	Gln
P	PDB	-	files/pdb/1csp.pdb	A	20	Val	Gln
P	PDB	-	files/pdb/1csp.pdb	A	20	Val	Lys
P	PDB	-	files/pdb/1csp.pdb	A	20	Val	Lys
P	PDB	-	files/pdb/1csp.pdb	A	21	Glu	Lys
P	PDB	-	files/pdb/1csp.pdb	A	21	Glu	Gln
P	PDB	-	files/pdb/1csp.pdb	A	24	Asp	Lys
P	PDB	-	files/pdb/1csp.pdb	A	24	Asp	Asn
P	PDB	-	files/pdb/1csp.pdb	A	25	Asp	Lys
P	PDB	-	files/pdb/1csp.pdb	A	39	Lys	Glu
P	PDB	-	files/pdb/1csp.pdb	A	39	Lys	Gln
P	PDB	-	files/pdb/1csp.pdb	A	42	Glu	Lys
P	PDB	-	files/pdb/1csp.pdb	A	42	Glu	Gln
P	PDB	-	files/pdb/1csp.pdb	A	43	Glu	Lys
P	PDB	-	files/pdb/1csp.pdb	A	43	Glu	Gln
P	PDB	-	files/pdb/1csp.pdb	A	50	Glu	Lys
P	PDB	-	files/pdb/1csp.pdb	A	50	Glu	Lys
P	PDB	-	files/pdb/1csp.pdb	A	53	Glu	Lys
P	PDB	-	files/pdb/1csp.pdb	A	53	Glu	Gln
P	PDB	-	files/pdb/1csp.pdb	A	55	Asn	Lys
P	PDB	-	files/pdb/1csp.pdb	A	55	Asn	Asp
P	PDB	-	files/pdb/1csp.pdb	A	65	Lys	Glu
P	PDB	-	files/pdb/1csp.pdb	A	65	Lys	Glu
P	PDB	-	files/pdb/1csp.pdb	A	65	Lys	Gln
P	PDB	-	files/pdb/1csp.pdb	A	65	Lys	Gln
P	PDB	-	files/pdb/1csp.pdb	A	5	Lys	Glu
P	PDB	-	files/pdb/1csp.pdb	A	5	Lys	Glu
P	PDB	-	files/pdb/1csp.pdb	A	5	Lys	Gln
P	PDB	-	files/pdb/1csp.pdb	A	5	Lys	Gln
P	PDB	-	files/pdb/1csp.pdb	A	10	Asn	Lys
P	PDB	-	files/pdb/1csp.pdb	A	12	Glu	Lys
P	PDB	-	files/pdb/1csp.pdb	A	13	Lys	Glu
P	PDB	-	files/pdb/1csp.pdb	A	13	Lys	Gln
P	PDB	-	files/pdb/1csp.pdb	A	19	Glu	Lys
P	PDB	-	files/pdb/1csp.pdb	A	19	Glu	Gln
P	PDB	-	files/pdb/1csp.pdb	A	20	Val	Gln
P	PDB	-	files/pdb/1csp.pdb	A	20	Val	Gln
P	PDB	-	files/pdb/1csp.pdb	A	20	Val	Lys
P	PDB	-	files/pdb/1csp.pdb	A	20	Val	Lys
P	PDB	-	files/pdb/1csp.pdb	A	21	Glu	Lys
P	PDB	-	files/pdb/1csp.pdb	A	21	Glu	Gln
P	PDB	-	files/pdb/1csp.pdb	A	24	Asp	Lys
P	PDB	-	files/pdb/1csp.pdb	A	24	Asp	Asn
P	PDB	-	files/pdb/1csp.pdb	A	25	Asp	Lys
P	PDB	-	files/pdb/1csp.pdb	A	39	Lys	Glu
P	PDB	-	files/pdb/1csp.pdb	A	39	Lys	Gln
P	PDB	-	files/pdb/1csp.pdb	A	42	Glu	Lys
P	PDB	-	files/pdb/1csp.pdb	A	42	Glu	Gln
P	PDB	-	files/pdb/1csp.pdb	A	43	Glu	Lys
P	PDB	-	files/pdb/1csp.pdb	A	43	Glu	Gln
P	PDB	-	files/pdb/1csp.pdb	A	50	Glu	Lys
P	PDB	-	files/pdb/1csp.pdb	A	50	Glu	Lys
P	PDB	-	files/pdb/1csp.pdb	A	53	Glu	Lys
P	PDB	-	files/pdb/1csp.pdb	A	53	Glu	Gln
P	PDB	-	files/pdb/1csp.pdb	A	55	Asn	Lys
P	PDB	-	files/pdb/1csp.pdb	A	55	Asn	Asp
P	PDB	-	files/pdb/1csp.pdb	A	65	Lys	Glu
P	PDB	-	files/pdb/1csp.pdb	A	65	Lys	Glu
P	PDB	-	files/pdb/1csp.pdb	A	65	Lys	Gln
P	PDB	-	files/pdb/1csp.pdb	A	65	Lys	Gln
P	PDB	-	files/pdb/1csp.pdb	A	5	Lys	Glu
P	PDB	-	files/pdb/1csp.pdb	A	5	Lys	Glu
P	PDB	-	files/pdb/1csp.pdb	A	5	Lys	Gln
P	PDB	-	files/pdb/1csp.pdb	A	5	Lys	Gln
P	PDB	-	files/pdb/1csp.pdb	A	10	Asn	Lys
P	PDB	-	files/pdb/1csp.pdb	A	12	Glu	Lys
P	PDB	-	files/pdb/1csp.pdb	A	13	Lys	Glu
P	PDB	-	files/pdb/1csp.pdb	A	13	Lys	Gln
P	PDB	-	files/pdb/1csp.pdb	A	19	Glu	Lys
P	PDB	-	files/pdb/1csp.pdb	A	19	Glu	Gln
P	PDB	-	files/pdb/1csp.pdb	A	20	Val	Gln
P	PDB	-	files/pdb/1csp.pdb	A	20	Val	Gln
P	PDB	-	files/pdb/1csp.pdb	A	20	Val	Lys
P	PDB	-	files/pdb/1csp.pdb	A	20	Val	Lys
P	PDB	-	files/pdb/1csp.pdb	A	21	Glu	Lys
P	PDB	-	files/pdb/1csp.pdb	A	21	Glu	Gln
P	PDB	-	files/pdb/1csp.pdb	A	24	Asp	Lys
P	PDB	-	files/pdb/1csp.pdb	A	24	Asp	Asn
P	PDB	-	files/pdb/1csp.pdb	A	25	Asp	Lys
P	PDB	-	files/pdb/1csp.pdb	A	39	Lys	Glu
P	PDB	-	files/pdb/1csp.pdb	A	39	Lys	Gln
P	PDB	-	files/pdb/1csp.pdb	A	42	Glu	Lys
P	PDB	-	files/pdb/1csp.pdb	A	42	Glu	Gln
P	PDB	-	files/pdb/1csp.pdb	A	43	Glu	Lys
P	PDB	-	files/pdb/1csp.pdb	A	43	Glu	Gln
P	PDB	-	files/pdb/1csp.pdb	A	50	Glu	Lys
P	PDB	-	files/pdb/1csp.pdb	A	50	Glu	Lys
P	PDB	-	files/pdb/1csp.pdb	A	53	Glu	Lys
P	PDB	-	files/pdb/1csp.pdb	A	53	Glu	Gln
P	PDB	-	files/pdb/1csp.pdb	A	55	Asn	Lys
P	PDB	-	files/pdb/1csp.pdb	A	55	Asn	Asp
P	PDB	-	files/pdb/1csp.pdb	A	65	Lys	Glu
P	PDB	-	files/pdb/1csp.pdb	A	65	Lys	Glu
P	PDB	-	files/pdb/1csp.pdb	A	65	Lys	Gln
P	PDB	-	files/pdb/1csp.pdb	A	65	Lys	Gln
P	PDB	-	files/pdb/1csp.pdb	A	5	Lys	Glu
P	PDB	-	files/pdb/1csp.pdb	A	5	Lys	Glu
P	PDB	-	files/pdb/1csp.pdb	A	5	Lys	Gln
P	PDB	-	files/pdb/1csp.pdb	A	5	Lys	Gln
P	PDB	-	files/pdb/1csp.pdb	A	10	Asn	Lys
P	PDB	-	files/pdb/1csp.pdb	A	12	Glu	Lys
P	PDB	-	files/pdb/1csp.pdb	A	13	Lys	Glu
P	PDB	-	files/pdb/1csp.pdb	A	13	Lys	Gln
P	PDB	-	files/pdb/1csp.pdb	A	19	Glu	Lys
P	PDB	-	files/pdb/1csp.pdb	A	19	Glu	Gln
P	PDB	-	files/pdb/1csp.pdb	A	20	Val	Gln
P	PDB	-	files/pdb/1csp.pdb	A	20	Val	Gln
P	PDB	-	files/pdb/1csp.pdb	A	20	Val	Lys
P	PDB	-	files/pdb/1csp.pdb	A	20	Val	Lys
P	PDB	-	files/pdb/1csp.pdb	A	21	Glu	Lys
P	PDB	-	files/pdb/1csp.pdb	A	21	Glu	Gln
P	PDB	-	files/pdb/1csp.pdb	A	24	Asp	Lys
P	PDB	-	files/pdb/1csp.pdb	A	24	Asp	Asn
P	PDB	-	files/pdb/1csp.pdb	A	25	Asp	Lys
P	PDB	-	files/pdb/1csp.pdb	A	39	Lys	Glu
P	PDB	-	files/pdb/1csp.pdb	A	39	Lys	Gln
P	PDB	-	files/pdb/1csp.pdb	A	42	Glu	Lys
P	PDB	-	files/pdb/1csp.pdb	A	42	Glu	Gln
P	PDB	-	files/pdb/1csp.pdb	A	43	Glu	Lys
P	PDB	-	files/pdb/1csp.pdb	A	43	Glu	Gln
P	PDB	-	files/pdb/1csp.pdb	A	50	Glu	Lys
P	PDB	-	files/pdb/1csp.pdb	A	50	Glu	Lys
P	PDB	-	files/pdb/1csp.pdb	A	53	Glu	Lys
P	PDB	-	files/pdb/1csp.pdb	A	53	Glu	Gln
P	PDB	-	files/pdb/1csp.pdb	A	55	Asn	Lys
P	PDB	-	files/pdb/1csp.pdb	A	55	Asn	Asp
P	PDB	-	files/pdb/1csp.pdb	A	65	Lys	Glu
P	PDB	-	files/pdb/1csp.pdb	A	65	Lys	Glu
P	PDB	-	files/pdb/1csp.pdb	A	65	Lys	Gln
P	PDB	-	files/pdb/1csp.pdb	A	65	Lys	Gln
