,index,PDB,Variation,ddG,pH ,Temp,chain,N residues, Protein  , Organism,Measurement,Unnamed: 10
0,0,1aky,V8I,1.19,7.5,25,A,220,Adenylate Kinase,Saccharomyces cerevi,Fluorescence ,
1,1,1aky,Q48E,0.96,7.7,25,A,220,Adenylate Kinase,Saccharomyces cerevi,Fluorescence ,
2,2,1aky,T77H,2.15,7.5,25,A,220,Adenylate Kinase,Saccharomyces cerevi,Fluorescence ,
3,3,1aky,T110H,2.63,7.6,25,A,220,Adenylate Kinase,Saccharomyces cerevi,Fluorescence ,
4,4,1aky,N169D,2.15,7.5,25,A,220,Adenylate Kinase,Saccharomyces cerevi,Fluorescence ,
5,5,1aky,I213F,1.91,7.5,25,A,220,Adenylate Kinase,Saccharomyces cerevi,Fluorescence ,
6,6,1am7,H31D,1.6,6,25,A,158,Lysozyme,Lambda phage,Fluorescence ,
7,7,1ank,D84H,1.4,7.2,52,A,214,Adenylate Kinase,Escherichia Coli,DSC,
8,8,1ank,G85V,2.4,7.2,52,A,214,Adenylate Kinase,Escherichia Coli,DSC,
9,9,1ank,F86L,0.8,7.2,52,A,214,Adenylate Kinase,Escherichia Coli,DSC,
10,10,1ank,R88G,0.2,7.4,52,A,214,Adenylate Kinase,Escherichia Coli,DSC,
11,21,1ayf,T54A,1.48,8.5,25,A,105,Adrenodoxin,Bos Taurus,CD,
12,22,1ayf,T54S,0.12,8.5,25,A,105,Adrenodoxin,Bos Taurus,CD,
13,23,1ayf,H56Q,2.17,8.5,25,A,105,Adrenodoxin,Bos Taurus,DSC,
14,24,1ayf,H56R,1.36,8.5,25,A,105,Adrenodoxin,Bos Taurus,DSC,
15,25,1ayf,H56T,1.41,8.5,25,A,105,Adrenodoxin,Bos Taurus,DSC,
16,29,1ayf,D76E,0.48,8.5,25,A,105,Adrenodoxin,Bos Taurus,DSC,
17,30,1ayf,Y82F,0.1,8.5,25,A,105,Adrenodoxin,Bos Taurus,DSC,
18,31,1ayf,Y82L,0.69,8.5,25,A,105,Adrenodoxin,Bos Taurus,DSC,
19,32,1ayf,Y82S,0.65,8.5,25,A,105,Adrenodoxin,Bos Taurus,DSC,
20,36,1ayf,C95S,-0.93,8.5,25,A,105,Adrenodoxin,Bos Taurus,DSC,
21,37,1azp,W24A,2.03,7,25,A,61,Sac7d,Sulfolobus acidocaldarius,DSC,
22,38,1azp,V30I,-0.53,7,25,A,61,Sac7d,Sulfolobus acidocaldarius,DSC,
23,39,1bni,D8A,0.6,6.3,25,A,110,Barnase,Bacillus amyloliquef,CD,
24,40,1bni,D8G,1,6.3,25,A,110,Barnase,Bacillus amyloliquef,CD,
25,41,1bni,D12G,0.6,4.4,25,A,110,Barnase,Bacillus amyloliquef,DSC,
26,42,1bni,L14A,4.2,6.3,25,A,110,Barnase,Bacillus amyloliquef,Fluorescence ,
27,43,1bni,T16R,-0.38,4.4,25,A,110,Barnase,Bacillus amyloliquef,DSC,
28,44,1bni,T17A,1.9,6.3,25,A,110,Barnase,Bacillus amyloliquef,CD,
29,45,1bni,D22M,0.09,4.4,25,A,110,Barnase,Bacillus amyloliquef,DSC,
30,46,1bni,T26G,1.9,4.4,25,A,110,Barnase,Bacillus amyloliquef,DSC,
31,47,1bni,I51V,1.86,4.4,25,A,110,Barnase,Bacillus amyloliquef,DSC,
32,48,1bni,G52A, 5.30(a),6.3,54,A,110,Barnase,Bacillus amyloliquef,DSC,
33,49,1bni,G53A,3.40(a),6.3,54,A,110,Barnase,Bacillus amyloliquef,DSC,
34,50,1bni,G53V,7.80 (a),6.3,54,A,110,Barnase,Bacillus amyloliquef,DSC,
35,51,1bni,D54N,2.38,4.4,25,A,110,Barnase,Bacillus amyloliquef,DSC,
36,52,1bni,R69M,2.68,4.4,25,A,110,Barnase,Bacillus amyloliquef,DSC,
37,53,1bni,R83Q,1.4,4.4,25,A,110,Barnase,Bacillus amyloliquef,DSC,
38,54,1bni,I88A,4.2,6.3,25,A,110,Barnase,Bacillus amyloliquef,Fluorescence ,
39,55,1bni,I88V,1.4,6.3,25,A,110,Barnase,Bacillus amyloliquef,Fluorescence ,
40,56,1bni,S91A,1.38,4.4,25,A,110,Barnase,Bacillus amyloliquef,DSC,
41,57,1bni,S92A,2.65,4.4,25,A,110,Barnase,Bacillus amyloliquef,DSC,
42,58,1bni,I96A,3.3,6.3,25,A,110,Barnase,Bacillus amyloliquef,Fluorescence ,
43,59,1bni,I96V,0.9,6.3,25,A,110,Barnase,Bacillus amyloliquef,Fluorescence ,
44,75,1bvc,L9A,0.41 (d),9.6,82,A,153,Myoglobin,Physeter catodon,CD,
45,76,1bvc,L11A,0.44 (d),9.6,82,A,153,Myoglobin,Physeter catodon,CD,
46,77,1bvc,V13A,0.67 (d),9.6,82,A,153,Myoglobin,Physeter catodon,CD,
47,78,1bvc,G23A,1.12 (d),9.6,82,A,153,Myoglobin,Physeter catodon,CD,
48,79,1bvc,I28A,1.33 (d),11,77,A,153,Myoglobin,Physeter catodon,DSC,
49,80,1bvc,I28L,0.55 (d),11,77,A,153,Myoglobin,Physeter catodon,DSC,
50,81,1bvc,I28M,0.56 (d),11,77,A,153,Myoglobin,Physeter catodon,DSC,
51,82,1bvc,I28V,-0.04 (d),11,77,A,153,Myoglobin,Physeter catodon,DSC,
52,83,1bvc,L29A,2.37 (d),11,77,A,153,Myoglobin,Physeter catodon,DSC,
53,84,1bvc,L29I,1.12 (d),11,77,A,153,Myoglobin,Physeter catodon,DSC,
54,85,1bvc,L29M,-0.12 (d),11,77,A,153,Myoglobin,Physeter catodon,DSC,
55,86,1bvc,L29V,1.72 (d),11,77,A,153,Myoglobin,Physeter catodon,DSC,
56,87,1bvc,L49I,0.80 (d),11,77,A,153,Myoglobin,Physeter catodon,DSC,
57,88,1bvc,T51A,1.41 (d),9.6,82,A,153,Myoglobin,Physeter catodon,CD,
58,89,1bvc,V66A,-0.75 (d),9.6,82,A,153,Myoglobin,Physeter catodon,CD,
59,90,1bvc,T67A,0.26 (d),9.6,82,A,153,Myoglobin,Physeter catodon,CD,
60,91,1bvc,L69A,1.18 (d),11,77,A,153,Myoglobin,Physeter catodon,DSC,
61,92,1bvc,L69I,0.02 (d),11,77,A,153,Myoglobin,Physeter catodon,DSC,
62,93,1bvc,L69M,0.00 (d),11,77,A,153,Myoglobin,Physeter catodon,DSC,
63,94,1bvc,L69V,0.10 (d),11,77,A,153,Myoglobin,Physeter catodon,DSC,
64,95,1bvc,P88A,-0.59 (d),9.6,82,A,153,Myoglobin,Physeter catodon,CD,
65,96,1bvc,I111A,1.84 (d),11,77,A,153,Myoglobin,Physeter catodon,DSC,
66,97,1bvc,I111L,0.64 (d),11,77,A,153,Myoglobin,Physeter catodon,DSC,
67,98,1bvc,I111M,1.14 (d),11,77,A,153,Myoglobin,Physeter catodon,DSC,
68,99,1bvc,V114A,1.45 (d),9.6,82,A,153,Myoglobin,Physeter catodon,CD,
69,100,1bvc,H116A,-0.16 (d),9.6,82,A,153,Myoglobin,Physeter catodon,CD,
70,101,1bvc,S117A,0.26 (d),9.6,82,A,153,Myoglobin,Physeter catodon,CD,
71,102,1bvc,G129A,-1.05 (d),9.6,82,A,153,Myoglobin,Physeter catodon,CD,
72,103,1bvc,L135I,1.54 (d),11,77,A,153,Myoglobin,Physeter catodon,DSC,
73,104,1bvc,L135M,0.79 (d),11,77,A,153,Myoglobin,Physeter catodon,DSC,
74,105,1bvc,L135V,2.25 (d),11,77,A,153,Myoglobin,Physeter catodon,DSC,
75,106,1bvc,L137A,1.78 (d),9.6,82,A,153,Myoglobin,Physeter catodon,CD,
76,107,1bvc,I142A,1.92 (d),9.6,82,A,153,Myoglobin,Physeter catodon,CD,
77,108,1bvc,I142L,-0.63 (d),11,77,A,153,Myoglobin,Physeter catodon,DSC,
78,109,1bvc,I142M,-0.93 (d),11,77,A,153,Myoglobin,Physeter catodon,DSC,
79,110,1bvc,I142V,0.12 (d),11,77,A,153,Myoglobin,Physeter catodon,DSC,
80,111,1bvc,L149A,1.60 (d),9.6,82,A,153,Myoglobin,Physeter catodon,CD,
81,112,1c52,M69A,-5.01,7,25,A,131,Cytochrome c-552,Thermus thermophilus,CD,
82,113,1c52,M69H,0.71,7,25,A,131,Cytochrome c-552,Thermus thermophilus,CD,
83,114,1c8c,W24A,0.75,7,25,A,64,Sso7d,Sulfolobus solfataricus,DSC,
84,115,1c8c,I30V,0.73,7,25,A,64,Sso7d,Sulfolobus solfataricus,DSC,
85,116,1c8c,F32Y,2.14,7.2,25,A,64,Sso7d,Sulfolobus solfataricus,DSC,
86,117,1c9o,Q2L,-0.55,7,70,A,66,Cold Schock Protein,Bacillus caldoliticus,CD,
87,118,1c9o,R3A,1.89,7,70,A,66,Cold Schock Protein,Bacillus caldoliticus,CD,
88,119,1c9o,R3E,2.75,7,70,A,66,Cold Schock Protein,Bacillus caldoliticus,CD,
89,120,1c9o,R3K,0.19,7,70,A,66,Cold Schock Protein,Bacillus caldoliticus,CD,
90,121,1c9o,R3L,0.93,7,70,A,66,Cold Schock Protein,Bacillus caldoliticus,CD,
91,122,1c9o,N11S,-0.33,7,70,A,66,Cold Schock Protein,Bacillus caldoliticus,CD,
92,123,1c9o,E12K,0.43,7,75,A,66,Cold Schock Protein,Bacillus caldoliticus,CD,
93,124,1c9o,Y15F,0.05,7,70,A,66,Cold Schock Protein,Bacillus caldoliticus,CD,
94,125,1c9o,E21A,0.29,7,70,A,66,Cold Schock Protein,Bacillus caldoliticus,CD,
95,126,1c9o,E21K,0.26,7,75,A,66,Cold Schock Protein,Bacillus caldoliticus,CD,
96,127,1c9o,G23Q,0.29,7,70,A,66,Cold Schock Protein,Bacillus caldoliticus,CD,
97,128,1c9o,S24D,-0.22,7,70,A,66,Cold Schock Protein,Bacillus caldoliticus,CD,
98,129,1c9o,H29E,0.76,7,75,A,66,Cold Schock Protein,Bacillus caldoliticus,CD,
99,130,1c9o,T31S,-0.17,7,70,A,66,Cold Schock Protein,Bacillus caldoliticus,CD,
100,131,1c9o,E36K,0.19,7,75,A,66,Cold Schock Protein,Bacillus caldoliticus,CD,
101,132,1c9o,E46A,0.22,7,70,A,66,Cold Schock Protein,Bacillus caldoliticus,CD,
102,133,1c9o,E46K,0.64,7,75,A,66,Cold Schock Protein,Bacillus caldoliticus,CD,
103,134,1c9o,E50K,0.5,7,75,A,66,Cold Schock Protein,Bacillus caldoliticus,CD,
104,135,1c9o,Q53E,0.1,7,70,A,66,Cold Schock Protein,Bacillus caldoliticus,CD,
105,136,1c9o,N55K,-0.1,7,75,A,66,Cold Schock Protein,Bacillus caldoliticus,CD,
106,137,1c9o,R56E,-0.76,7,75,A,66,Cold Schock Protein,Bacillus caldoliticus,CD,
107,138,1c9o,V64T,0.26,7,70,A,66,Cold Schock Protein,Bacillus caldoliticus,CD,
108,139,1c9o,L66E,1.24,7,70,A,66,Cold Schock Protein,Bacillus caldoliticus,CD,
109,140,1chk,W28F,4.43(a),7,43,A,238,Chitosanase,Streptpmyces N174,Fluorescence ,
110,141,1chk,W101F,4.27(a),7,43,A,238,Chitosanase,Streptpmyces N174,Fluorescence ,
111,144,1chk,W227F,2.51(a),7,43,A,238,Chitosanase,Streptpmyces N174,Fluorescence ,
112,145,1csp,M1R,-1.74,7,70,A,67,Cold Schock Protein,Bacillus subtilis,CD,
113,146,1csp,L2R,0.36,7,70,A,67,Cold Schock Protein,Bacillus subtilis,CD,
114,147,1csp,E3K,-2.75,7,70,A,67,Cold Schock Protein,Bacillus subtilis,CD,
115,148,1csp,E3L,-1.62,7,70,A,67,Cold Schock Protein,Bacillus subtilis,CD,
116,149,1csp,E3Q,-1.31,7.5,55,A,67,Cold Schock Protein,Bacillus subtilis,CD,
117,150,1csp,E3R,-2.65,7,70,A,67,Cold Schock Protein,Bacillus subtilis,CD,
118,151,1csp,E3V,-1.77,7,70,A,67,Cold Schock Protein,Bacillus subtilis,CD,
119,152,1csp,N10D,-0.67,7.5,55,A,67,Cold Schock Protein,Bacillus subtilis,CD,
120,153,1csp,F15A,2.27,7,25,A,67,Cold Schock Protein,Bacillus subtilis,CD,
121,154,1csp,F17A,1.53,7,25,A,67,Cold Schock Protein,Bacillus subtilis,CD,
122,155,1csp,D25Q,0.81,7.5,55,A,67,Cold Schock Protein,Bacillus subtilis,CD,
123,156,1csp,F27A,0.84,7,25,A,67,Cold Schock Protein,Bacillus subtilis,CD,
124,157,1csp,F38A,-0.14,7,25,A,67,Cold Schock Protein,Bacillus subtilis,CD,
125,158,1csp,E43S,-0.29,7,70,A,67,Cold Schock Protein,Bacillus subtilis,CD,
126,159,1csp,A46E,0.6,7,70,A,67,Cold Schock Protein,Bacillus subtilis,CD,
127,160,1csp,A46K,-1.41,7,70,A,67,Cold Schock Protein,Bacillus subtilis,CD,
128,161,1csp,A46L,-0.81,7,70,A,67,Cold Schock Protein,Bacillus subtilis,CD,
129,162,1csp,S48E,-0.1,7.5,55,A,67,Cold Schock Protein,Bacillus subtilis,CD,
130,163,1csp,S48K,-1.41,7,70,A,67,Cold Schock Protein,Bacillus subtilis,CD,
131,164,1csp,S48R,-1.58,7,70,A,67,Cold Schock Protein,Bacillus subtilis,CD,
132,165,1csp,E50Q,1.22,7.5,55,A,67,Cold Schock Protein,Bacillus subtilis,CD,
133,166,1csp,R56Q,-0.38,7.5,55,A,67,Cold Schock Protein,Bacillus subtilis,CD,
134,167,1csp,T64R,-1.07,7,70,A,67,Cold Schock Protein,Bacillus subtilis,CD,
135,168,1csp,K65I,-1.53,7,70,A,67,Cold Schock Protein,Bacillus subtilis,CD,
136,169,1csp,E66K,-2.17,7,70,A,67,Cold Schock Protein,Bacillus subtilis,CD,
137,170,1csp,E66L,-2.1,7,70,A,67,Cold Schock Protein,Bacillus subtilis,CD,
138,171,1csp,E66V,-1.72,7,70,A,67,Cold Schock Protein,Bacillus subtilis,CD,
139,172,1cyo,F35H,3.41(a),7,71,A,93,Cytochrome b5,Bos Taurus,Abs,
140,173,1cyo,F35L,1.92(a),7,71,A,93,Cytochrome b5,Bos Taurus,Abs,
141,174,1cyo,F35Y,-0.12(a),7,71,A,93,Cytochrome b5,Bos Taurus,Abs,
142,175,1cyo,V45E,2.37(a),7,71,A,93,Cytochrome b5,Bos Taurus,Abs,
143,176,1cyo,V45H,1.36(a),7,71,A,93,Cytochrome b5,Bos Taurus,Abs,
144,177,1cyo,V45Y,1.54(a),7,71,A,93,Cytochrome b5,Bos Taurus,Abs,
145,178,1cyo,V61E,1.10(a),7,71,A,93,Cytochrome b5,Bos Taurus,Abs,
146,179,1cyo,V61H,1.63(a),7,71,A,93,Cytochrome b5,Bos Taurus,Abs,
147,180,1cyo,V61K,2.34(a),7,71,A,93,Cytochrome b5,Bos Taurus,Abs,
148,181,1cyo,V61Y,1.29(a),7,71,A,93,Cytochrome b5,Bos Taurus,Abs,
149,182,1e0w,W85A,-1.08(a),6,68,A,313,Xylanase,Streptpmyces Lividans,CD,
150,183,1e0w,W85F,2.20(a),6,68,A,313,Xylanase,Streptpmyces Lividans,CD,
151,184,1e0w,W85H,0.53(a),6,68,A,313,Xylanase,Streptpmyces Lividans,CD,
152,185,1e0w,Y172A,2.77(a),6,68,A,313,Xylanase,Streptpmyces Lividans,CD,
153,186,1e0w,Y172F,0.50(a),6,68,A,313,Xylanase,Streptpmyces Lividans,CD,
154,187,1e0w,Y172S,-0.86(a),6,68,A,313,Xylanase,Streptpmyces Lividans,CD,
155,188,1e0w,W266A,2.58(a),6,68,A,313,Xylanase,Streptpmyces Lividans,CD,
156,189,1e0w,W266F,1.81(a),6,68,A,313,Xylanase,Streptpmyces Lividans,CD,
157,190,1e0w,W266H,3.99(a),6,68,A,313,Xylanase,Streptpmyces Lividans,CD,
158,191,1e0w,W274A,-2.27(a),6,68,A,313,Xylanase,Streptpmyces Lividans,CD,
159,192,1e0w,W274F,-0.43(a),6,68,A,313,Xylanase,Streptpmyces Lividans,CD,
160,193,1e0w,W274H,-0.14(a),6,68,A,313,Xylanase,Streptpmyces Lividans,CD,
161,202,1ey0,I18M,0.21,5.4,40,A,149,Staphylococcal Nuclease,Staphylococcus aureus,NMR,
162,204,1ey0,D21K,-1,7,20,A,149,Staphylococcal Nuclease,Staphylococcus aureus,Fluorescence,
163,205,1ey0,D21N,-1.4,7,20,A,149,Staphylococcal Nuclease,Staphylococcus aureus,Fluorescence,
164,210,1ey0,V23A,1.72,7,20,A,149,Staphylococcal Nuclease,Staphylococcus aureus,DSC,
165,213,1ey0,K24G,0.41,7,20,A,149,Staphylococcal Nuclease,Staphylococcus aureus,DSC,
166,214,1ey0,L25A,1.78,7,25,A,149,Staphylococcal Nuclease,Staphylococcus aureus,DSC,
167,217,1ey0,G29C,1.1,7,25,A,149,Staphylococcal Nuclease,Staphylococcus aureus,Fluorescence,
168,218,1ey0,G29F,1.1,7,25,A,149,Staphylococcal Nuclease,Staphylococcus aureus,Fluorescence-CD,
169,219,1ey0,M32I,0.6,7,25,A,149,Staphylococcal Nuclease,Staphylococcus aureus,Fluorescence,
170,220,1ey0,M32L,0.8,7,25,A,149,Staphylococcal Nuclease,Staphylococcus aureus,Fluorescence,
171,224,1ey0,T33V,-0.4,7,20,A,149,Staphylococcal Nuclease,Staphylococcus aureus,Fluorescence-CD,
172,228,1ey0,T41I,-0.7,7,20,A,149,Staphylococcal Nuclease,Staphylococcus aureus,Fluorescence-CD,
173,235,1ey0,H46Y,0,5.4,40,A,149,Staphylococcal Nuclease,Staphylococcus aureus,NMR,
174,239,1ey0,G50C,0.8,7,25,A,149,Staphylococcal Nuclease,Staphylococcus aureus,Fluorescence,
175,240,1ey0,G50F,0.4,7,25,A,149,Staphylococcal Nuclease,Staphylococcus aureus,Fluorescence,
176,246,1ey0,E57C,0.7,7,25,A,149,Staphylococcal Nuclease,Staphylococcus aureus,Fluorescence,
177,248,1ey0,E57F,0.9,7,25,A,149,Staphylococcal Nuclease,Staphylococcus aureus,Fluorescence-CD,
178,249,1ey0,S59A,-0.5,7,20,A,149,Staphylococcal Nuclease,Staphylococcus aureus,Fluorescence,
179,250,1ey0,A60C,1.2,7,25,A,149,Staphylococcal Nuclease,Staphylococcus aureus,Fluorescence,
180,265,1ey0,V66A,1.72,7,25,A,149,Staphylococcal Nuclease,Staphylococcus aureus,CD,
181,266,1ey0,V66L,0.11,7,25,A,149,Staphylococcal Nuclease,Staphylococcus aureus,DSC,
182,269,1ey0,V66W,1.22,7,25,A,149,Staphylococcal Nuclease,Staphylococcus aureus,CD,
183,270,1ey0,A69T,2.08,7,25,A,149,Staphylococcal Nuclease,Staphylococcus aureus,DSC,
184,271,1ey0,K70C,0.5,7,25,A,149,Staphylococcal Nuclease,Staphylococcus aureus,Fluorescence,
185,272,1ey0,K70F,0,7,25,A,149,Staphylococcal Nuclease,Staphylococcus aureus,Fluorescence,
186,279,1ey0,K78C,0.4,7,25,A,149,Staphylococcal Nuclease,Staphylococcus aureus,Fluorescence,
187,280,1ey0,K78F,-0.1,7,25,A,149,Staphylococcal Nuclease,Staphylococcus aureus,Fluorescence,
188,281,1ey0,G79S,2,7,25,A,149,Staphylococcal Nuclease,Staphylococcus aureus,DSC,
189,291,1ey0,G88V,1.18,7,25,A,149,Staphylococcal Nuclease,Staphylococcus aureus,DSC,
190,292,1ey0,L89F,1.22,5.4,40,A,149,Staphylococcal Nuclease,Staphylococcus aureus,NMR,
191,293,1ey0,A90S,1.46,7,25,A,149,Staphylococcal Nuclease,Staphylococcus aureus,DSC,
192,301,1ey0,R105C,2.7,7,25,A,149,Staphylococcal Nuclease,Staphylococcus aureus,Fluorescence,
193,302,1ey0,R105F,3.1,7,25,A,149,Staphylococcal Nuclease,Staphylococcus aureus,Fluorescence,
194,304,1ey0,A112C,0.8,7,25,A,149,Staphylococcal Nuclease,Staphylococcus aureus,Fluorescence,
195,305,1ey0,A112F,1.3,7,25,A,149,Staphylococcal Nuclease,Staphylococcus aureus,Fluorescence-CD,
196,314,1ey0,P117G,-1,7,20,A,149,Staphylococcal Nuclease,Staphylococcus aureus,Fluorescence,
197,322,1ey0,H124L,-1.57,7,25,A,149,Staphylococcal Nuclease,Staphylococcus aureus,Fluorescence-DSC,
198,324,1ey0,S128A,-0.7,7,20,A,149,Staphylococcal Nuclease,Staphylococcus aureus,Fluorescence-CD,
199,326,1ey0,K134C,0.7,7,25,A,149,Staphylococcal Nuclease,Staphylococcus aureus,Fluorescence,
200,327,1ey0,K134F,0.3,7,25,A,149,Staphylococcal Nuclease,Staphylococcus aureus,Fluorescence,
201,332,1f6r,H32A,2.12(a),7.4,56,A,124,Alpha-Lactalbumin,Bos Taurus,CD,
202,333,1f6r,H32Y,-0.07(a),7.4,56,A,124,Alpha-Lactalbumin,Bos Taurus,CD,
203,334,1f6r,V42A,0.93(a),7.4,56,A,124,Alpha-Lactalbumin,Bos Taurus,CD,
204,335,1f6r,V42G,1.15(a),7.4,56,A,124,Alpha-Lactalbumin,Bos Taurus,CD,
205,336,1f6r,V42N,0.24(a),7.4,56,A,124,Alpha-Lactalbumin,Bos Taurus,CD,
206,337,1f6r,Q54A,0.41(a),7.4,56,A,124,Alpha-Lactalbumin,Bos Taurus,CD,
207,338,1f6r,I59W,0.93(a),7.4,56,A,124,Alpha-Lactalbumin,Bos Taurus,CD,
208,339,1f6r,Y103A,2.56(a),7.4,56,A,124,Alpha-Lactalbumin,Bos Taurus,CD,
209,340,1f6r,Y103P,0.26(a),7.4,56,A,124,Alpha-Lactalbumin,Bos Taurus,CD,
210,341,1f6r,W104Y,2.44(a),7.4,56,A,124,Alpha-Lactalbumin,Bos Taurus,CD,
211,342,1f6r,A106S,1.05(a),7.4,56,A,124,Alpha-Lactalbumin,Bos Taurus,CD,
212,343,1f6r,H107A,0.79(a),7.4,56,A,124,Alpha-Lactalbumin,Bos Taurus,CD,
213,344,1f6r,H107W,1.72(a),7.4,56,A,124,Alpha-Lactalbumin,Bos Taurus,CD,
214,345,1f6r,H107Y,0.19(a),7.4,56,A,124,Alpha-Lactalbumin,Bos Taurus,CD,
215,346,1f6r,L110E,0.19(a),7.4,56,A,124,Alpha-Lactalbumin,Bos Taurus,CD,
216,347,1f6r,L110H,-1.39(a),7.4,56,A,124,Alpha-Lactalbumin,Bos Taurus,CD,
217,348,1f6r,L110R,-0.43(a),7.4,56,A,124,Alpha-Lactalbumin,Bos Taurus,CD,
218,349,1f6r,K114E,0.65(a),7.4,56,A,124,Alpha-Lactalbumin,Bos Taurus,CD,
219,350,1f6r,K114N,-2.65(a),7.4,56,A,124,Alpha-Lactalbumin,Bos Taurus,CD,
220,351,1f6r,K114Q,0.60(a),7.4,56,A,124,Alpha-Lactalbumin,Bos Taurus,CD,
221,352,1f6r,Q117A,0.96(a),7.4,56,A,124,Alpha-Lactalbumin,Bos Taurus,CD,
222,353,1f6r,W118H,0.60(a),7.4,56,A,124,Alpha-Lactalbumin,Bos Taurus,CD,
223,354,1f6r,W118Y,1.17(a),7.4,56,A,124,Alpha-Lactalbumin,Bos Taurus,CD,
224,361,1fvk,P151A,6.82,7,-,A,189,Disulfide Bond Formation ,Escherichia Coli,DSC,
225,415,1gv5,V103I,-0.72,7,25,A,52,c-Myb R2,Mus Musculus,CD-DSC,
226,416,1h7m,D2A,0.53,7.4,25,A,102,Ribosomal L30e,Themococcus celer,CD,
227,417,1h7m,E6A,0.89,7.4,25,A,102,Ribosomal L30e,Themococcus celer,CD,
228,418,1h7m,R8A,0.76,7.4,25,A,102,Ribosomal L30e,Themococcus celer,CD,
229,419,1h7m,K9A,0.62,7.4,25,A,102,Ribosomal L30e,Themococcus celer,CD,
230,420,1h7m,K9M,0.49,7.4,25,A,102,Ribosomal L30e,Themococcus celer,CD,
231,421,1h7m,D12A,-0.24,7.4,25,A,102,Ribosomal L30e,Themococcus celer,CD,
232,422,1h7m,K15A,0.91,7.4,25,A,102,Ribosomal L30e,Themococcus celer,CD,
233,423,1h7m,R21A,-0.07,7.4,25,A,102,Ribosomal L30e,Themococcus celer,CD,
234,424,1h7m,K22A,-0.43,7.4,25,A,102,Ribosomal L30e,Themococcus celer,CD,
235,425,1h7m,K28A,1.2,7.4,25,A,102,Ribosomal L30e,Themococcus celer,CD,
236,426,1h7m,K33A,-0.12,7.4,25,A,102,Ribosomal L30e,Themococcus celer,CD,
237,427,1h7m,R39A,0.07,7.4,25,A,102,Ribosomal L30e,Themococcus celer,CD,
238,428,1h7m,R42A,-0.33,7.4,25,A,102,Ribosomal L30e,Themococcus celer,CD,
239,429,1h7m,D44A,-0.05,7.4,25,A,102,Ribosomal L30e,Themococcus celer,CD,
240,430,1h7m,K46A,1.09,7.4,25,A,102,Ribosomal L30e,Themococcus celer,CD,
241,431,1h7m,E47A,0.05,7.4,25,A,102,Ribosomal L30e,Themococcus celer,CD,
242,432,1h7m,D48A,-0.36,7.4,25,A,102,Ribosomal L30e,Themococcus celer,CD,
243,433,1h7m,E50A,-0.57,7.4,25,A,102,Ribosomal L30e,Themococcus celer,CD,
244,434,1h7m,R54A,0.26,7.4,25,A,102,Ribosomal L30e,Themococcus celer,CD,
245,435,1h7m,E62A,1.29,7.4,25,A,102,Ribosomal L30e,Themococcus celer,CD,
246,436,1h7m,E64A,0.26,7.4,25,A,102,Ribosomal L30e,Themococcus celer,CD,
247,437,1h7m,E69A,0.74,7.4,25,A,102,Ribosomal L30e,Themococcus celer,CD,
248,438,1h7m,R76A,-0.19,7.4,25,A,102,Ribosomal L30e,Themococcus celer,CD,
249,439,1h7m,H78A,0.5,7.4,25,A,102,Ribosomal L30e,Themococcus celer,CD,
250,440,1h7m,D87A,1.36,7.4,25,A,102,Ribosomal L30e,Themococcus celer,CD,
251,441,1h7m,E90A,0.45,7.4,25,A,102,Ribosomal L30e,Themococcus celer,CD,
252,442,1h7m,R92A,0.52,7.4,25,A,102,Ribosomal L30e,Themococcus celer,CD,
253,443,1h7m,R92M,0.79,7.4,25,A,102,Ribosomal L30e,Themococcus celer,CD,
254,460,1hfy,T38A,1.6,7,59,A,123,Alpha-Lactalbumin,Capra hircus,CD,
255,466,1ihb,F37H,1.24,7.5,23,A,162,p18INK4c,Homo sapiens,CD,
256,467,1ihb,R55V,0.32,7.5,23,A,162,p18INK4c,Homo sapiens,CD,
257,468,1ihb,F71N,-0.71,7.5,23,A,162,p18INK4c,Homo sapiens,CD,
258,469,1ihb,F82Q,0.46,7.5,23,A,162,p18INK4c,Homo sapiens,CD,
259,471,1ihb,F92N,1.08,7.5,-,A,162,p18INK4c,Homo sapiens,CD,
260,473,1io2,I6A,2.91,9,50,A,213,Ribonuclease hii,Thermococcus kodakarensis,CD,
261,474,1io2,D7N,-1.67,9,50,A,213,Ribonuclease hii,Thermococcus kodakarensis,DSC,
262,475,1io2,E8A,-2.65,9,50,A,213,Ribonuclease hii,Thermococcus kodakarensis,DSC,
263,476,1io2,E8Q,-0.6,9,50,A,213,Ribonuclease hii,Thermococcus kodakarensis,DSC,
264,477,1io2,I15A,2.12,9,50,A,213,Ribonuclease hii,Thermococcus kodakarensis,CD,
265,478,1io2,I20A,4.42,9,50,A,213,Ribonuclease hii,Thermococcus kodakarensis,CD,
266,479,1io2,L33A,4.54,9,50,A,213,Ribonuclease hii,Thermococcus kodakarensis,CD,
267,480,1io2,I56A,3.97,9,50,A,213,Ribonuclease hii,Thermococcus kodakarensis,CD,
268,481,1io2,L92A,2.87,9,50,A,213,Ribonuclease hii,Thermococcus kodakarensis,CD,
269,482,1io2,I102A,4.04,9,50,A,213,Ribonuclease hii,Thermococcus kodakarensis,CD,
270,483,1io2,D105A,-1.58,9,50,A,213,Ribonuclease hii,Thermococcus kodakarensis,DSC,
271,484,1io2,L118A,5.26,9,50,A,213,Ribonuclease hii,Thermococcus kodakarensis,CD,
272,485,1io2,D135A,-2.56,9,50,A,213,Ribonuclease hii,Thermococcus kodakarensis,DSC,
273,486,1io2,L147A,2.61,9,50,A,213,Ribonuclease hii,Thermococcus kodakarensis,CD,
274,489,1jiw,A8P,0.2,7.1,25,I,106,Alkaline Proteinase Inhibitor,Pseudomonas aeruginosa,CD,
275,490,1jiw,D10A,0.7,7.1,25,I,106,Alkaline Proteinase Inhibitor,Pseudomonas aeruginosa,CD,
276,491,1jiw,D10P,0.5,7.1,25,I,106,Alkaline Proteinase Inhibitor,Pseudomonas aeruginosa,CD,
277,492,1jiw,W15F,2.3,7.1,25,I,106,Alkaline Proteinase Inhibitor,Pseudomonas aeruginosa,CD,
278,493,1jnx,R1699W,3.4,9,25,X,214,BRAC1,Homo sapiens,DSC,
279,494,1jnx,M1775R,4.19,9,25,X,214,BRAC1,Homo sapiens,DSC,
280,495,1jnx,V1833M,1.7,9,25,X,214,BRAC1,Homo sapiens,DSC,
281,499,1ke4,Y150F,0.70(a),6.8,55,A,358,AmpC Beta Lactamase,Escherichia Coli,CD,
282,504,1kf2,V47A,3.72,5,40,A,124,Ribonuclease,Bos Taurus,Abs,
283,505,1kf2,V54A,2.58,5,40,A,124,Ribonuclease,Bos Taurus,Abs,
284,506,1kf2,V54G,4.87,5,40,A,124,Ribonuclease,Bos Taurus,Abs,
285,507,1kf2,V54I,1.95,5,40,A,124,Ribonuclease,Bos Taurus,Abs,
286,508,1kf2,V54L,1.08,5,40,A,124,Ribonuclease,Bos Taurus,Abs,
287,509,1kf2,V57A,2.85,5,40,A,124,Ribonuclease,Bos Taurus,Abs,
288,510,1kf2,V57G,5.52,5,40,A,124,Ribonuclease,Bos Taurus,Abs,
289,511,1kf2,V57I,1.3,5,40,A,124,Ribonuclease,Bos Taurus,Abs,
290,512,1kf2,V57L,2.37,5,40,A,124,Ribonuclease,Bos Taurus,Abs,
291,513,1kf2,V63A,2.02,5,40,A,124,Ribonuclease,Bos Taurus,Abs,
292,514,1kf2,V63G,3.5,5,40,A,124,Ribonuclease,Bos Taurus,Abs,
293,515,1kf2,A64G,0.43,5,40,A,124,Ribonuclease,Bos Taurus,Abs,
294,518,1kf2,I81A,2.99,5,40,A,124,Ribonuclease,Bos Taurus,Abs,
295,519,1kf2,I81G,4.8,5,40,A,124,Ribonuclease,Bos Taurus,Abs,
296,520,1kf2,I81V,0.43,5,40,A,124,Ribonuclease,Bos Taurus,Abs,
297,523,1kf2,Y97F,3.54,5,64,A,124,Ribonuclease,Bos Taurus,Abs,
298,525,1kf2,I106A,4.37,5,40,A,124,Ribonuclease,Bos Taurus,Abs,
299,526,1kf2,I106L,1.79,5,40,A,124,Ribonuclease,Bos Taurus,Abs,
300,527,1kf2,I106V,0.8,5,40,A,124,Ribonuclease,Bos Taurus,Abs,
301,528,1kf2,I107A,2.84,5,40,A,124,Ribonuclease,Bos Taurus,Abs,
302,529,1kf2,I107L,2.19,5,40,A,124,Ribonuclease,Bos Taurus,Abs,
303,530,1kf2,I107V,0.08,5,40,A,124,Ribonuclease,Bos Taurus,Abs,
304,531,1kf2,V108A,4.2,5,40,A,124,Ribonuclease,Bos Taurus,Abs,
305,532,1kf2,V108I,0.43,5,40,A,124,Ribonuclease,Bos Taurus,Abs,
306,533,1kf2,V108L,0.7,5,40,A,124,Ribonuclease,Bos Taurus,Abs,
307,534,1kf2,A109G,0.43,5,40,A,124,Ribonuclease,Bos Taurus,Abs,
308,537,1kf2,V116A,0.66,5,40,A,124,Ribonuclease,Bos Taurus,Abs,
309,538,1kf2,V116G,1.18,5,40,A,124,Ribonuclease,Bos Taurus,Abs,
310,540,1kf2,V118A,1.92,5,40,A,124,Ribonuclease,Bos Taurus,Abs,
311,541,1kf2,V118G,2.77,5,40,A,124,Ribonuclease,Bos Taurus,Abs,
312,543,1kf3,F46L,3.2,6,25,A,124,Ribonuclease,Bos Taurus,CD,
313,544,1kf3,F46V,4.54,6,25,A,124,Ribonuclease,Bos Taurus,DSC-CD,
314,545,1kf3,N67D,-0.61,6,25,A,124,Ribonuclease,Bos Taurus,DSC,
315,546,1kf3,S75A,2.5,6,-,A,124,Ribonuclease,Bos Taurus,CD,
316,548,1kf3,S75T,2.8,6,25,A,124,Ribonuclease,Bos Taurus,CD,
317,550,1kf3,P93G,2.2,6,62,A,124,Ribonuclease,Bos Taurus,DSC,
318,551,1kf3,P114G,3.3,6,62,A,124,Ribonuclease,Bos Taurus,DSC,
319,552,1kf5,A4S,0.51,7,61,A,124,Ribonuclease,Bos Taurus,CD,
320,553,1kf5,A5S,0.37,7,61,A,124,Ribonuclease,Bos Taurus,CD,
321,554,1kf5,S123A,-0.46,7,61,A,124,Ribonuclease,Bos Taurus,CD,
322,555,1kfw,G92P,-0.5,7.5,16,A,435,Chitinase B,Arthrobacter sp TAD20,Fluorescence,
323,556,1kfw,N197K,-0.8,7.5,16,A,435,Chitinase B,Arthrobacter sp TAD20,Fluorescence,
324,557,1kfw,G405Q,-0.62,7.5,16,A,435,Chitinase B,Arthrobacter sp TAD20,Fluorescence,
325,558,1l63,M6A,1.22(b),5.4,25,A,164,T4 Lyzozyme (pseudoWT) ,Enterobacteria phage T4,Fluorescence-CD,
326,559,1l63,M6L,4.98(b),3,25,A,164,T4 Lyzozyme (pseudoWT) ,Enterobacteria phage T4,CD,
327,560,1l63,L7A,2.26(b),5.4,25,A,164,T4 Lyzozyme (pseudoWT) ,Enterobacteria phage T4,Fluorescence-CD,
328,561,1l63,E11H,0.71(b),5.4,65,A,164,T4 Lyzozyme (pseudoWT) ,Enterobacteria phage T4,CD,
329,562,1l63,E11N,1.43(b),5.4,65,A,164,T4 Lyzozyme (pseudoWT) ,Enterobacteria phage T4,CD,
330,563,1l63,R14K,0.03(a),6.8,65,A,164,T4 Lyzozyme (pseudoWT) ,Enterobacteria phage T4,CD,
331,564,1l63,I17A,4.21(b),5.4,25,A,164,T4 Lyzozyme (pseudoWT) ,Enterobacteria phage T4,Fluorescence-CD,
332,565,1l63,I17M,3.28(b),5.4,25,A,164,T4 Lyzozyme (pseudoWT) ,Enterobacteria phage T4,Fluorescence-CD,
333,566,1l63,D20A,0.50(b),5.4,25,A,164,T4 Lyzozyme (pseudoWT) ,Enterobacteria phage T4,CD,
334,567,1l63,D20N,-1.11(b),5.4,25,A,164,T4 Lyzozyme (pseudoWT) ,Enterobacteria phage T4,CD,
335,568,1l63,D20S,0.18(b),5.4,25,A,164,T4 Lyzozyme (pseudoWT) ,Enterobacteria phage T4,CD,
336,569,1l63,D20T,-0.58(b),5.4,25,A,164,T4 Lyzozyme (pseudoWT) ,Enterobacteria phage T4,CD,
337,570,1l63,E22K,-0.57(a),6.8,65,A,164,T4 Lyzozyme (pseudoWT) ,Enterobacteria phage T4,CD,
338,571,1l63,T26S,-0.57(a),6.8,65,A,164,T4 Lyzozyme (pseudoWT) ,Enterobacteria phage T4,CD,
339,572,1l63,I27A,3.10(a),3,44,A,164,T4 Lyzozyme (pseudoWT) ,Enterobacteria phage T4,CD,
340,573,1l63,I27M,7.09(b),5.4,25,A,164,T4 Lyzozyme (pseudoWT) ,Enterobacteria phage T4,Fluorescence-CD,
341,574,1l63,G28A,2.20(b),3,52,A,164,T4 Lyzozyme (pseudoWT) ,Enterobacteria phage T4,CD,
342,575,1l63,I29A,2.60(a),3,44,A,164,T4 Lyzozyme (pseudoWT) ,Enterobacteria phage T4,CD,
343,577,1l63,L33A,5.17(b),5.4,25,A,164,T4 Lyzozyme (pseudoWT) ,Enterobacteria phage T4,Fluorescence-CD,
344,578,1l63,L33M,2.64(b),5.4,25,A,164,T4 Lyzozyme (pseudoWT) ,Enterobacteria phage T4,Fluorescence-CD,
345,579,1l63,S38N,0.00(a),6.7,62,A,164,T4 Lyzozyme (pseudoWT) ,Enterobacteria phage T4,CD,
346,580,1l63,L39A,0.90(a),5.5,53,A,164,T4 Lyzozyme (pseudoWT) ,Enterobacteria phage T4,CD,
347,581,1l63,N40A,0.17(b),6.7,25,A,164,T4 Lyzozyme (pseudoWT) ,Enterobacteria phage T4,CD,
348,582,1l63,N40D,-0.44(a),6.8,65,A,164,T4 Lyzozyme (pseudoWT) ,Enterobacteria phage T4,CD,
349,583,1l63,A41D,-0.29(a),6.8,65,A,164,T4 Lyzozyme (pseudoWT) ,Enterobacteria phage T4,CD,
350,584,1l63,A41S,0.76(b),3,25,A,164,T4 Lyzozyme (pseudoWT) ,Enterobacteria phage T4,CD,
351,585,1l63,A42F,5.18(b),3,25,A,164,T4 Lyzozyme (pseudoWT) ,Enterobacteria phage T4,CD,
352,586,1l63,A42I,4.40(b),3,25,A,164,T4 Lyzozyme (pseudoWT) ,Enterobacteria phage T4,CD,
353,587,1l63,A42L,5.10(b),3,25,A,164,T4 Lyzozyme (pseudoWT) ,Enterobacteria phage T4,CD,
354,588,1l63,A42K,3.70(a),5.5,53,A,164,T4 Lyzozyme (pseudoWT) ,Enterobacteria phage T4,CD,
355,589,1l63,A42V,3.54(b),3,25,A,164,T4 Lyzozyme (pseudoWT) ,Enterobacteria phage T4,CD,
356,590,1l63,A42S,2.56(b),3,25,A,164,T4 Lyzozyme (pseudoWT) ,Enterobacteria phage T4,CD,
357,591,1l63,K43A,2.17(b),6.7,25,A,164,T4 Lyzozyme (pseudoWT) ,Enterobacteria phage T4,CD,
358,592,1l63,S44A,-0.43(a),6.7,52,A,164,T4 Lyzozyme (pseudoWT) ,Enterobacteria phage T4,CD,
359,593,1l63,S44C,0.11(a),3,52,A,164,T4 Lyzozyme (pseudoWT) ,Enterobacteria phage T4,CD,
360,594,1l63,S44D,0.11(a),3,52,A,164,T4 Lyzozyme (pseudoWT) ,Enterobacteria phage T4,CD,
361,595,1l63,S44E,0,3,52,A,164,T4 Lyzozyme (pseudoWT) ,Enterobacteria phage T4,CD,
362,596,1l63,S44F,-0.06(a),3,52,A,164,T4 Lyzozyme (pseudoWT) ,Enterobacteria phage T4,CD,
363,597,1l63,S44G,0.53(a),3,52,A,164,T4 Lyzozyme (pseudoWT) ,Enterobacteria phage T4,CD,
364,598,1l63,S44H,-0.04(a),3,52,A,164,T4 Lyzozyme (pseudoWT) ,Enterobacteria phage T4,CD,
365,599,1l63,S44I,-0.31(a),3,52,A,164,T4 Lyzozyme (pseudoWT) ,Enterobacteria phage T4,CD,
366,600,1l63,S44K,-0.20(a),3,52,A,164,T4 Lyzozyme (pseudoWT) ,Enterobacteria phage T4,CD,
367,601,1l63,S44L,-0.39(a),3,52,A,164,T4 Lyzozyme (pseudoWT) ,Enterobacteria phage T4,CD,
368,602,1l63,S44M,-0.33(a),3,52,A,164,T4 Lyzozyme (pseudoWT) ,Enterobacteria phage T4,CD,
369,603,1l63,S44N,0.14(a),3,52,A,164,T4 Lyzozyme (pseudoWT) ,Enterobacteria phage T4,CD,
370,604,1l63,S44P,3.03(a),3,52,A,164,T4 Lyzozyme (pseudoWT) ,Enterobacteria phage T4,CD,
371,605,1l63,S44Q,-0.27(a),3,52,A,164,T4 Lyzozyme (pseudoWT) ,Enterobacteria phage T4,CD,
372,606,1l63,S44R,-0.24(a),3,52,A,164,T4 Lyzozyme (pseudoWT) ,Enterobacteria phage T4,CD,
373,607,1l63,S44T,-0.01(a),3,52,A,164,T4 Lyzozyme (pseudoWT) ,Enterobacteria phage T4,CD,
374,608,1l63,S44V,-0.10(a),3,52,A,164,T4 Lyzozyme (pseudoWT) ,Enterobacteria phage T4,CD,
375,609,1l63,S44W,-0.05(a),3,52,A,164,T4 Lyzozyme (pseudoWT) ,Enterobacteria phage T4,CD,
376,610,1l63,S44Y,-0.19(a),3,52,A,164,T4 Lyzozyme (pseudoWT) ,Enterobacteria phage T4,CD,
377,611,1l63,E45A,0.33(b),6.7,25,A,164,T4 Lyzozyme (pseudoWT) ,Enterobacteria phage T4,CD,
378,612,1l63,L46A,4.21(b),6.7,25,A,164,T4 Lyzozyme (pseudoWT) ,Enterobacteria phage T4,CD,
379,613,1l63,D47A,1.64(b),6.7,25,A,164,T4 Lyzozyme (pseudoWT) ,Enterobacteria phage T4,CD,
380,614,1l63,K48A,1.92(b),6.7,25,A,164,T4 Lyzozyme (pseudoWT) ,Enterobacteria phage T4,CD,
381,615,1l63,A49S,0.42(b),3,25,A,164,T4 Lyzozyme (pseudoWT) ,Enterobacteria phage T4,CD,
382,616,1l63,I50A,1.75(b),5.4,25,A,164,T4 Lyzozyme (pseudoWT) ,Enterobacteria phage T4,Fluorescence-CD,
383,617,1l63,I50M,1.19(b),5.4,25,A,164,T4 Lyzozyme (pseudoWT) ,Enterobacteria phage T4,CD,
384,619,1l63,I58A,3.20(a),3,44,A,164,T4 Lyzozyme (pseudoWT) ,Enterobacteria phage T4,CD,
385,620,1l63,I58T,3.40(a),5.4,65,A,164,T4 Lyzozyme (pseudoWT) ,Enterobacteria phage T4,CD,
386,621,1l63,T59A,1.50(a),6.5,63,A,164,T4 Lyzozyme (pseudoWT) ,Enterobacteria phage T4,CD,
387,622,1l63,T59D,1.20(a),6.5,63,A,164,T4 Lyzozyme (pseudoWT) ,Enterobacteria phage T4,CD,
388,623,1l63,T59G,1.60(a),6.5,63,A,164,T4 Lyzozyme (pseudoWT) ,Enterobacteria phage T4,CD,
389,624,1l63,T59N,1.10(a),6.5,63,A,164,T4 Lyzozyme (pseudoWT) ,Enterobacteria phage T4,CD,
390,625,1l63,T59S,0.20(a),6.5,63,A,164,T4 Lyzozyme (pseudoWT) ,Enterobacteria phage T4,CD,
391,626,1l63,T59V,1.50(a),6.5,63,A,164,T4 Lyzozyme (pseudoWT) ,Enterobacteria phage T4,CD,
392,627,1l63,K60H,0.10(a),6.5,63,A,164,T4 Lyzozyme (pseudoWT) ,Enterobacteria phage T4,CD,
393,628,1l63,L66A,5.08(b),5.4,25,A,164,T4 Lyzozyme (pseudoWT) ,Enterobacteria phage T4,Fluorescence-CD,
394,629,1l63,L66M,1.03(b),5.4,25,A,164,T4 Lyzozyme (pseudoWT) ,Enterobacteria phage T4,Fluorescence-CD,
395,630,1l63,F67A,1.90(a),3,44,A,164,T4 Lyzozyme (pseudoWT) ,Enterobacteria phage T4,CD,
396,631,1l63,Q69P,2.90(a),6.5,63,A,164,T4 Lyzozyme (pseudoWT) ,Enterobacteria phage T4,CD,
397,633,1l63,V71A,1.50(a),3,44,A,164,T4 Lyzozyme (pseudoWT) ,Enterobacteria phage T4,CD,
398,634,1l63,D72P,2.70(a),6.5,63,A,164,T4 Lyzozyme (pseudoWT) ,Enterobacteria phage T4,CD,
399,635,1l63,A73S,0.31(b),3,25,A,164,T4 Lyzozyme (pseudoWT) ,Enterobacteria phage T4,CD,
400,636,1l63,A74P,4.60(a),6.5,63,A,164,T4 Lyzozyme (pseudoWT) ,Enterobacteria phage T4,CD,
401,637,1l63,V75T,0.49(b),3,25,A,164,T4 Lyzozyme (pseudoWT) ,Enterobacteria phage T4,CD,
402,638,1l63,I78A,0.57(b),5.4,25,A,164,T4 Lyzozyme (pseudoWT) ,Enterobacteria phage T4,Fluorescence-CD,
403,639,1l63,I78M,1.62(b),5.4,25,A,164,T4 Lyzozyme (pseudoWT) ,Enterobacteria phage T4,Fluorescence-CD,
404,640,1l63,I78V,0.68(b),5.4,25,A,164,T4 Lyzozyme (pseudoWT) ,Enterobacteria phage T4,CD,
405,642,1l63,R80K,0.17(b),6.8,65,A,164,T4 Lyzozyme (pseudoWT) ,Enterobacteria phage T4,CD,
406,643,1l63,A82S,0.20(b),3,25,A,164,T4 Lyzozyme (pseudoWT) ,Enterobacteria phage T4,CD,
407,644,1l63,K83H,0.40(a),6.5,63,A,164,T4 Lyzozyme (pseudoWT) ,Enterobacteria phage T4,CD,
408,645,1l63,L84A,3.53(b),5.4,25,A,164,T4 Lyzozyme (pseudoWT) ,Enterobacteria phage T4,Fluorescence-CD,
409,646,1l63,L84M,2.42(b),5.4,25,A,164,T4 Lyzozyme (pseudoWT) ,Enterobacteria phage T4,Fluorescence-CD,
410,647,1l63,V87A,0.57(b),5.4,25,A,164,T4 Lyzozyme (pseudoWT) ,Enterobacteria phage T4,Fluorescence-CD,
411,648,1l63,V87I,0.63(b),5.4,25,A,164,T4 Lyzozyme (pseudoWT) ,Enterobacteria phage T4,CD,
412,649,1l63,V87M,2.16(b),5.4,25,A,164,T4 Lyzozyme (pseudoWT) ,Enterobacteria phage T4,Fluorescence-CD,
413,650,1l63,V87T,1.17(b),3,25,A,164,T4 Lyzozyme (pseudoWT) ,Enterobacteria phage T4,CD,
414,651,1l63,S90H,1.10(a),6.5,63,A,164,T4 Lyzozyme (pseudoWT) ,Enterobacteria phage T4,CD,
415,652,1l63,L91A,2.22(b),5.4,25,A,164,T4 Lyzozyme (pseudoWT) ,Enterobacteria phage T4,Fluorescence-CD,
416,653,1l63,L91M,0.66(b),5.4,25,A,164,T4 Lyzozyme (pseudoWT) ,Enterobacteria phage T4,Fluorescence-CD,
417,654,1l63,D92N,1.40(a),6.7,62,A,164,T4 Lyzozyme (pseudoWT) ,Enterobacteria phage T4,CD,
418,655,1l63,A93S,0.14(b),3,25,A,164,T4 Lyzozyme (pseudoWT) ,Enterobacteria phage T4,CD,
419,656,1l63,A93T,-0.06(a),6.8,65,A,164,T4 Lyzozyme (pseudoWT) ,Enterobacteria phage T4,CD,
420,657,1l63,V94A,1.80(a),3,44,A,164,T4 Lyzozyme (pseudoWT) ,Enterobacteria phage T4,CD,
421,659,1l63,A98S,2.08(b),3,25,A,164,T4 Lyzozyme (pseudoWT) ,Enterobacteria phage T4,CD,
422,660,1l63,A98C,1.06(b),3,25,A,164,T4 Lyzozyme (pseudoWT) ,Enterobacteria phage T4,CD,
423,661,1l63,A98M,4.00(b),3,25,A,164,T4 Lyzozyme (pseudoWT) ,Enterobacteria phage T4,CD,
424,662,1l63,A98V,4.43(b),3,25,A,164,T4 Lyzozyme (pseudoWT) ,Enterobacteria phage T4,CD,
425,663,1l63,L99A,3.34(b),5.7,25,A,164,T4 Lyzozyme (pseudoWT) ,Enterobacteria phage T4,CD,
426,664,1l63,L99F,0.30(a),5.7,25,A,164,T4 Lyzozyme (pseudoWT) ,Enterobacteria phage T4,CD,
427,665,1l63,L99I,1.50(a),5.7,65,A,164,T4 Lyzozyme (pseudoWT) ,Enterobacteria phage T4,CD,
428,666,1l63,L99M,-0.41(b),5.7,25,A,164,T4 Lyzozyme (pseudoWT) ,Enterobacteria phage T4,CD,
429,667,1l63,L99V,2.00(a),5.7,65,A,164,T4 Lyzozyme (pseudoWT) ,Enterobacteria phage T4,CD,
430,668,1l63,I100A,1.70(b),5.4,25,A,164,T4 Lyzozyme (pseudoWT) ,Enterobacteria phage T4,Fluorescence-CD,
431,669,1l63,I100M,0.80(b),5.4,25,A,164,T4 Lyzozyme (pseudoWT) ,Enterobacteria phage T4,Fluorescence-CD,
432,670,1l63,I100V,0.40(b),5.4,25,A,164,T4 Lyzozyme (pseudoWT) ,Enterobacteria phage T4,CD,
433,671,1l63,N101A,1.50(a),5.4,65,A,164,T4 Lyzozyme (pseudoWT) ,Enterobacteria phage T4,CD,
434,672,1l63,M102A,2.76(b),5.4,25,A,164,T4 Lyzozyme (pseudoWT) ,Enterobacteria phage T4,Fluorescence-CD,
435,673,1l63,M102L,1.71(b),5.4,25,A,164,T4 Lyzozyme (pseudoWT) ,Enterobacteria phage T4,CD,
436,674,1l63,V103A,1.11(b),5.4,25,A,164,T4 Lyzozyme (pseudoWT) ,Enterobacteria phage T4,Fluorescence-CD,
437,675,1l63,V103I,0.26(b),5.4,25,A,164,T4 Lyzozyme (pseudoWT) ,Enterobacteria phage T4,CD,
438,676,1l63,V103M,1.60(b),5.4,25,A,164,T4 Lyzozyme (pseudoWT) ,Enterobacteria phage T4,Fluorescence-CD,
439,677,1l63,F104A,2.62(b),5.4,25,A,164,T4 Lyzozyme (pseudoWT) ,Enterobacteria phage T4,Fluorescence-CD,
440,678,1l63,F104M,1.08(b),5.4,25,A,164,T4 Lyzozyme (pseudoWT) ,Enterobacteria phage T4,Fluorescence-CD,
441,679,1l63,Q105M,1.20(a),5.4,65,A,164,T4 Lyzozyme (pseudoWT) ,Enterobacteria phage T4,CD,
442,680,1l63,M106A,2.00(b),5.4,25,A,164,T4 Lyzozyme (pseudoWT) ,Enterobacteria phage T4,Fluorescence-CD,
443,681,1l63,M106I,-0.02(b),5.4,25,A,164,T4 Lyzozyme (pseudoWT) ,Enterobacteria phage T4,CD,
444,682,1l63,M106K,3.50(b),3,25,A,164,T4 Lyzozyme (pseudoWT) ,Enterobacteria phage T4,CD,
445,683,1l63,M106L,0.00(b),3,25,A,164,T4 Lyzozyme (pseudoWT) ,Enterobacteria phage T4,CD,
446,684,1l63,E108V,-0.26(b),5.4,25,A,164,T4 Lyzozyme (pseudoWT) ,Enterobacteria phage T4,CD,
447,685,1l63,T109D,-0.60(a),6.7,62,A,164,T4 Lyzozyme (pseudoWT) ,Enterobacteria phage T4,CD,
448,686,1l63,T109N,-0.10(a),6.7,62,A,164,T4 Lyzozyme (pseudoWT) ,Enterobacteria phage T4,CD,
449,687,1l63,V111A,0.94(b),5.4,25,A,164,T4 Lyzozyme (pseudoWT) ,Enterobacteria phage T4,Fluorescence-CD,
450,688,1l63,V111F,1.69(a),5.7,65,A,164,T4 Lyzozyme (pseudoWT) ,Enterobacteria phage T4,CD,
451,689,1l63,V111I,0.85(a),5.7,65,A,164,T4 Lyzozyme (pseudoWT) ,Enterobacteria phage T4,CD,
452,690,1l63,V111M,0.43(b),5.4,25,A,164,T4 Lyzozyme (pseudoWT) ,Enterobacteria phage T4,Fluorescence-CD,
453,691,1l63,G113E,-0.30(a),6.8,65,A,164,T4 Lyzozyme (pseudoWT) ,Enterobacteria phage T4,CD,
454,692,1l63,T115A,0.14(a),3,52,A,164,T4 Lyzozyme (pseudoWT) ,Enterobacteria phage T4,CD,
455,693,1l63,N116A,-0.17(a),3,52,A,164,T4 Lyzozyme (pseudoWT) ,Enterobacteria phage T4,CD,
456,694,1l63,S117A,-1.27(a),3,52,A,164,T4 Lyzozyme (pseudoWT) ,Enterobacteria phage T4,CD,
457,695,1l63,S117F,-1.1(a),5.4,65,A,164,T4 Lyzozyme (pseudoWT) ,Enterobacteria phage T4,CD,
458,696,1l63,L118A,2.71(b),5.4,25,A,164,T4 Lyzozyme (pseudoWT) ,Enterobacteria phage T4,Fluorescence-CD,
459,697,1l63,L118I,1.18(b),5.4,25,A,164,T4 Lyzozyme (pseudoWT) ,Enterobacteria phage T4,CD,
460,698,1l63,L118M,0.08(b),5.4,25,A,164,T4 Lyzozyme (pseudoWT) ,Enterobacteria phage T4,Fluorescence-CD,
461,699,1l63,R119A,0.18(a),3,52,A,164,T4 Lyzozyme (pseudoWT) ,Enterobacteria phage T4,CD,
462,701,1l63,R119H,0.29(a),6.8,65,A,164,T4 Lyzozyme (pseudoWT) ,Enterobacteria phage T4,CD,
463,702,1l63,M120A,0.20(a),3,52,A,164,T4 Lyzozyme (pseudoWT) ,Enterobacteria phage T4,CD,
464,703,1l63,M120K,1.98(b),3,25,A,164,T4 Lyzozyme (pseudoWT) ,Enterobacteria phage T4,CD,
465,704,1l63,M120L,-0.42(b),3,25,A,164,T4 Lyzozyme (pseudoWT) ,Enterobacteria phage T4,CD,
466,705,1l63,M120Y,0.72(b),5.4,25,A,164,T4 Lyzozyme (pseudoWT) ,Enterobacteria phage T4,CD,
467,706,1l63,L121A,2.67(b),5.4,25,A,164,T4 Lyzozyme (pseudoWT) ,Enterobacteria phage T4,Fluorescence-CD,
468,707,1l63,L121M,0.21(b),5.4,25,A,164,T4 Lyzozyme (pseudoWT) ,Enterobacteria phage T4,Fluorescence-CD,
469,708,1l63,Q122A,0.24(a),3,52,A,164,T4 Lyzozyme (pseudoWT) ,Enterobacteria phage T4,CD,
470,709,1l63,Q123A,0.22(a),3,52,A,164,T4 Lyzozyme (pseudoWT) ,Enterobacteria phage T4,CD,
471,710,1l63,A129L,1.93(b),3,25,A,164,T4 Lyzozyme (pseudoWT) ,Enterobacteria phage T4,CD,
472,711,1l63,A129M,2.53(b),5.4,25,A,164,T4 Lyzozyme (pseudoWT) ,Enterobacteria phage T4,Fluorescence-CD,
473,712,1l63,A129F,1.85(b),3,25,A,164,T4 Lyzozyme (pseudoWT) ,Enterobacteria phage T4,CD,
474,713,1l63,A129W,3.20(b),3,25,A,164,T4 Lyzozyme (pseudoWT) ,Enterobacteria phage T4,CD,
475,714,1l63,A130S,0.81(b),3,25,A,164,T4 Lyzozyme (pseudoWT) ,Enterobacteria phage T4,CD,
476,715,1l63,L133D,7.52(b),6.5,25,A,164,T4 Lyzozyme (pseudoWT) ,Enterobacteria phage T4,CD,
477,716,1l63,L133F,0.27(b),5.4,25,A,164,T4 Lyzozyme (pseudoWT) ,Enterobacteria phage T4,CD,
478,717,1l63,L133M,0.27(b),5.4,25,A,164,T4 Lyzozyme (pseudoWT) ,Enterobacteria phage T4,CD,
479,718,1l63,A134S,0.21(b),3,25,A,164,T4 Lyzozyme (pseudoWT) ,Enterobacteria phage T4,CD,
480,721,1l63,N144H,-0.30(a),6.7,62,A,164,T4 Lyzozyme (pseudoWT) ,Enterobacteria phage T4,CD,
481,722,1l63,N144E,-0.50(a),6.5,63,A,164,T4 Lyzozyme (pseudoWT) ,Enterobacteria phage T4,CD,
482,724,1l63,V149A,0.71(b),5.4,25,A,164,T4 Lyzozyme (pseudoWT) ,Enterobacteria phage T4,Fluorescence-CD,
483,725,1l63,V149C,2.00(a),5.4,65,A,164,T4 Lyzozyme (pseudoWT) ,Enterobacteria phage T4,CD,
484,726,1l63,V149G,4.90(a),5.4,65,A,164,T4 Lyzozyme (pseudoWT) ,Enterobacteria phage T4,CD,
485,727,1l63,V149I,0.48(b),5.4,25,A,164,T4 Lyzozyme (pseudoWT) ,Enterobacteria phage T4,CD,
486,728,1l63,V149M,2.44(b),5.4,25,A,164,T4 Lyzozyme (pseudoWT) ,Enterobacteria phage T4,Fluorescence-CD,
487,729,1l63,V149S,4.40(a),5.4,65,A,164,T4 Lyzozyme (pseudoWT) ,Enterobacteria phage T4,CD,
488,730,1l63,V149T,3.00(a),5.4,65,A,164,T4 Lyzozyme (pseudoWT) ,Enterobacteria phage T4,CD,
489,731,1l63,T151S,-0.39(a),6.8,65,A,164,T4 Lyzozyme (pseudoWT) ,Enterobacteria phage T4,CD,
490,732,1l63,T152A,1.50(a),5.4,65,A,164,T4 Lyzozyme (pseudoWT) ,Enterobacteria phage T4,CD,
491,733,1l63,T152C,0.50(a),5.4,65,A,164,T4 Lyzozyme (pseudoWT) ,Enterobacteria phage T4,CD,
492,734,1l63,T152I,0.40(a),5.4,65,A,164,T4 Lyzozyme (pseudoWT) ,Enterobacteria phage T4,CD,
493,735,1l63,T152S,2.00(a),5.4,65,A,164,T4 Lyzozyme (pseudoWT) ,Enterobacteria phage T4,CD,
494,736,1l63,T152V,-0.20(a),5.4,65,A,164,T4 Lyzozyme (pseudoWT) ,Enterobacteria phage T4,CD,
495,737,1l63,F153A,2.84(b),5.4,25,A,164,T4 Lyzozyme (pseudoWT) ,Enterobacteria phage T4,CD,
496,738,1l63,F153I,0.20(a),5.7,65,A,164,T4 Lyzozyme (pseudoWT) ,Enterobacteria phage T4,CD,
497,739,1l63,F153L,-0.30(a),5.7,65,A,164,T4 Lyzozyme (pseudoWT) ,Enterobacteria phage T4,CD,
498,740,1l63,F153M,0.30(b),5.4,25,A,164,T4 Lyzozyme (pseudoWT) ,Enterobacteria phage T4,CD,
499,741,1l63,F153V,1.80(a),5.7,65,A,164,T4 Lyzozyme (pseudoWT) ,Enterobacteria phage T4,CD,
500,742,1lhm,V2A,1.8,2.7,25,A,130,Lysozyme (mutant C77/95A),Homo sapiens,DSC,
501,743,1lhm,I23V,0.37,2.7,25,A,130,Lysozyme (mutant C77/95A),Homo sapiens,DSC,
502,744,1lhm,I56V,1.18,2.7,25,A,130,Lysozyme (mutant C77/95A),Homo sapiens,DSC,
503,745,1lhm,I59A,1.06,2.7,25,A,130,Lysozyme (mutant C77/95A),Homo sapiens,DSC,
504,746,1lhm,I59V,1.2,2.7,25,A,130,Lysozyme (mutant C77/95A),Homo sapiens,DSC,
505,747,1lhm,V74A,0.67,2.7,25,A,130,Lysozyme (mutant C77/95A),Homo sapiens,DSC,
506,748,1lhm,I89V,0.67,2.7,25,A,130,Lysozyme (mutant C77/95A),Homo sapiens,DSC,
507,749,1lhm,V93A,0.79,2.7,25,A,130,Lysozyme (mutant C77/95A),Homo sapiens,DSC,
508,750,1lhm,V99A,1.21,2.7,25,A,130,Lysozyme (mutant C77/95A),Homo sapiens,DSC,
509,751,1lhm,V100A,1.08,2.7,25,A,130,Lysozyme (mutant C77/95A),Homo sapiens,DSC,
510,752,1lhm,I106V,1.31,2.7,25,A,130,Lysozyme (mutant C77/95A),Homo sapiens,DSC,
511,753,1lhm,V110A,-0.12,2.7,25,A,130,Lysozyme (mutant C77/95A),Homo sapiens,DSC,
512,754,1lhm,V121A,1.96,2.7,25,A,130,Lysozyme (mutant C77/95A),Homo sapiens,DSC,
513,755,1lhm,V125A,1.06,2.7,25,A,130,Lysozyme (mutant C77/95A),Homo sapiens,DSC,
514,756,1lhm,V130A,0.93,2.7,25,A,130,Lysozyme (mutant C77/95A),Homo sapiens,DSC,
515,757,1lni,V2T,0.90(a),7,48,A,96,Ribonuclease sa,Streptomyces aureofaciens,CD,
516,758,1lni,T5V,0.00(a),7,48,A,96,Ribonuclease sa,Streptomyces aureofaciens,CD,
517,759,1lni,T16V,-0.30(a),7,48,A,96,Ribonuclease sa,Streptomyces aureofaciens,CD,
518,760,1lni,T18V,1.40(a),7,48,A,96,Ribonuclease sa,Streptomyces aureofaciens,CD,
519,761,1lni,D25K,-0.90(a),7,48,A,96,Ribonuclease sa,Streptomyces aureofaciens,CD,
520,762,1lni,D33A,4.05(b),7,25,A,96,Ribonuclease sa,Streptomyces aureofaciens,CD,
521,763,1lni,V36T,1.30(a),7,48,A,96,Ribonuclease sa,Streptomyces aureofaciens,CD,
522,764,1lni,Q38A,-1.00(a),7,49,A,96,Ribonuclease sa,Streptomyces aureofaciens,DSC,
523,765,1lni,N39A,2.20(a),7,48,A,96,Ribonuclease sa,Streptomyces aureofaciens,CD,
524,766,1lni,N39D,1.50(a),7,48,A,96,Ribonuclease sa,Streptomyces aureofaciens,CD,
525,767,1lni,N39S,2.30(a),7,48,A,96,Ribonuclease sa,Streptomyces aureofaciens,CD,
526,768,1lni,E41K,0.70(a),7,49,A,96,Ribonuclease sa,Streptomyces aureofaciens,DSC,
527,769,1lni,V43T,0.50(a),7,48,A,96,Ribonuclease sa,Streptomyces aureofaciens,CD,
528,770,1lni,E54Q,1.70(a),7,49,A,96,Ribonuclease sa,Streptomyces aureofaciens,DSC,
529,771,1lni,T56V,1.90(a),7,48,A,96,Ribonuclease sa,Streptomyces aureofaciens,CD,
530,772,1lni,V57T,4.40(a),7,48,A,96,Ribonuclease sa,Streptomyces aureofaciens,CD,
531,773,1lni,T59V,1.70(a),7,48,A,96,Ribonuclease sa,Streptomyces aureofaciens,CD,
532,774,1lni,R65A,1.00(a),7,49,A,96,Ribonuclease sa,Streptomyces aureofaciens,DSC,
533,775,1lni,T67V,0.00(a),7,48,A,96,Ribonuclease sa,Streptomyces aureofaciens,CD,
534,776,1lni,T72V,0.20(a),7,48,A,96,Ribonuclease sa,Streptomyces aureofaciens,CD,
535,777,1lni,E74K,-1.10(a),7,48,A,96,Ribonuclease sa,Streptomyces aureofaciens,CD,
536,778,1lni,D79A,-1.47(b),7,25,A,96,Ribonuclease sa,Streptomyces aureofaciens,CD,
537,779,1lni,D79E,-1.26(b),7,25,A,96,Ribonuclease sa,Streptomyces aureofaciens,CD,
538,780,1lni,D79F,-1.06(b),7,25,A,96,Ribonuclease sa,Streptomyces aureofaciens,CD,
539,781,1lni,D79H,-1.21(b),91,,A,25,1,Ribonuclease sa,[7.0],CD
540,782,1lni,D79I,-1.02(b),7,25,A,96,Ribonuclease sa,Streptomyces aureofaciens,CD,
541,783,1lni,D79K,-0.73(b),7,25,A,96,Ribonuclease sa,Streptomyces aureofaciens,CD,
542,784,1lni,D79L,0.39(b),7,25,A,96,Ribonuclease sa,Streptomyces aureofaciens,CD,
543,785,1lni,D79N,-1.21(b),7,25,A,96,Ribonuclease sa,Streptomyces aureofaciens,CD,
544,786,1lni,D79R,0.19(b),7,25,A,96,Ribonuclease sa,Streptomyces aureofaciens,CD,
545,787,1lni,D79W,-0.73(b),7,25,A,96,Ribonuclease sa,Streptomyces aureofaciens,CD,
546,788,1lni,D79Y,-0.53(b),7,25,A,96,Ribonuclease sa,Streptomyces aureofaciens,CD,
547,789,1lni,T82V,1.70(a),7,48,A,96,Ribonuclease sa,Streptomyces aureofaciens,CD,
548,790,1lni,H85Q,0.00(a),7,49,A,96,Ribonuclease sa,Streptomyces aureofaciens,DSC,
549,791,1lni,Q94K,-0.49(b),7,25,A,96,Ribonuclease sa,Streptomyces aureofaciens,CD,
550,792,1lz1,K1A,2.3,2.7,25,A,130,Lysozyme,Homo sapiens,DSC,
551,793,1lz1,K1M,1.39,2.7,25,A,130,Lysozyme,Homo sapiens,DSC,
552,794,1lz1,V2A,0.76,2.7,25,A,130,Lysozyme,Homo sapiens,DSC,
553,795,1lz1,V2D,0.84,2.7,25,A,130,Lysozyme,Homo sapiens,DSC,
554,796,1lz1,V2F,0.84,2.7,25,A,130,Lysozyme,Homo sapiens,DSC,
555,797,1lz1,V2G,1.3,2.7,25,A,130,Lysozyme,Homo sapiens,DSC,
556,798,1lz1,V2I,0.41,2.7,25,A,130,Lysozyme,Homo sapiens,DSC,
557,799,1lz1,V2L,-0.31,2.7,25,A,130,Lysozyme,Homo sapiens,DSC,
558,800,1lz1,V2M,0.22,2.7,25,A,130,Lysozyme,Homo sapiens,DSC,
559,801,1lz1,V2N,0.77,2.7,25,A,130,Lysozyme,Homo sapiens,DSC,
560,802,1lz1,V2R,0.64,2.7,25,A,130,Lysozyme,Homo sapiens,DSC,
561,803,1lz1,V2S,0.81,2.7,25,A,130,Lysozyme,Homo sapiens,DSC,
562,804,1lz1,V2Y,1.6,2.7,25,A,130,Lysozyme,Homo sapiens,DSC,
563,805,1lz1,E7Q,1.43,4,65,A,130,Lysozyme,Homo sapiens,DSC,
564,806,1lz1,L8T,2.24,2.7,25,A,130,Lysozyme,Homo sapiens,DSC,
565,807,1lz1,A9S,0.18,2.7,25,A,130,Lysozyme,Homo sapiens,DSC,
566,808,1lz1,T11A,0,2.7,25,A,130,Lysozyme,Homo sapiens,DSC,
567,809,1lz1,T11V,-0.07,2.7,25,A,130,Lysozyme,Homo sapiens,DSC,
568,810,1lz1,G16A,1.69,2.7,25,A,130,Lysozyme,Homo sapiens,DSC,
569,811,1lz1,D18N,1.7,4,65,A,130,Lysozyme,Homo sapiens,DSC,
570,812,1lz1,G19A,1.04,2.7,25,A,130,Lysozyme,Homo sapiens,DSC,
571,813,1lz1,Y20F,0.42,2.7,25,A,130,Lysozyme,Homo sapiens,DSC,
572,814,1lz1,R21A,1.48,2.7,25,A,130,Lysozyme,Homo sapiens,DSC,
573,815,1lz1,R21G,0.72,2.7,25,A,130,Lysozyme,Homo sapiens,DSC,
574,816,1lz1,G22A,3.48,2.7,25,A,130,Lysozyme,Homo sapiens,DSC,
575,817,1lz1,I23A,0.73,2.7,25,A,130,Lysozyme,Homo sapiens,DSC,
576,818,1lz1,I23V,0.36,2.7,25,A,130,Lysozyme,Homo sapiens,DSC,
577,819,1lz1,S24A,0.46,2.7,25,A,130,Lysozyme,Homo sapiens,DSC,
578,821,1lz1,A32L,1.13,2.7,25,A,130,Lysozyme,Homo sapiens,DSC,
579,822,1lz1,A32S,0.67,2.7,25,A,130,Lysozyme,Homo sapiens,DSC,
580,823,1lz1,E35L,0.74,2.7,25,A,130,Lysozyme,Homo sapiens,DSC,
581,824,1lz1,S36A,0.46,2.7,25,A,130,Lysozyme,Homo sapiens,DSC,
582,825,1lz1,G37A,0.74,2.7,25,A,130,Lysozyme,Homo sapiens,DSC,
583,826,1lz1,G37Q,-0.18,2.7,25,A,130,Lysozyme,Homo sapiens,DSC,
584,827,1lz1,Y38A,2.77,2.7,25,A,130,Lysozyme,Homo sapiens,DSC,
585,828,1lz1,Y38F,-0.56,2.7,25,A,130,Lysozyme,Homo sapiens,DSC,
586,829,1lz1,Y38G,2.54,2.7,25,A,130,Lysozyme,Homo sapiens,DSC,
587,830,1lz1,T40A,1.24,2.7,25,A,130,Lysozyme,Homo sapiens,DSC,
588,831,1lz1,T40V,1.02,2.7,25,A,130,Lysozyme,Homo sapiens,DSC,
589,832,1lz1,T43A,-0.16,2.7,25,A,130,Lysozyme,Homo sapiens,DSC,
590,833,1lz1,T43V,0.27,2.7,25,A,130,Lysozyme,Homo sapiens,DSC,
591,834,1lz1,Y45F,-0.98,2.7,25,A,130,Lysozyme,Homo sapiens,DSC,
592,835,1lz1,A47P,0.02,2.8,25,A,130,Lysozyme,Homo sapiens,DSC,
593,836,1lz1,G48A,1.53,2.7,25,A,130,Lysozyme,Homo sapiens,DSC,
594,837,1lz1,D49N,1,4,65,A,130,Lysozyme,Homo sapiens,DSC,
595,838,1lz1,R50A,0.63,2.7,25,A,130,Lysozyme,Homo sapiens,DSC,
596,839,1lz1,R50G,1.08,2.7,25,A,130,Lysozyme,Homo sapiens,DSC,
597,840,1lz1,S51A,-0.01,2.7,25,A,130,Lysozyme,Homo sapiens,DSC,
598,841,1lz1,T52A,-0.38,2.7,25,A,130,Lysozyme,Homo sapiens,DSC,
599,842,1lz1,T52V,0.44,2.7,25,A,130,Lysozyme,Homo sapiens,DSC,
600,843,1lz1,Y54F,0.98,2.7,25,A,130,Lysozyme,Homo sapiens,DSC,
601,844,1lz1,I56A,2.32,2.7,25,A,130,Lysozyme,Homo sapiens,DSC,
602,845,1lz1,I56F,3.54,2.7,25,A,130,Lysozyme,Homo sapiens,DSC,
603,847,1lz1,I56L,0.41,2.7,25,A,130,Lysozyme,Homo sapiens,DSC,
604,848,1lz1,I56M,1.49,2.7,25,A,130,Lysozyme,Homo sapiens,DSC,
605,849,1lz1,I56T,2.31,2.7,25,A,130,Lysozyme,Homo sapiens,DSC,
606,850,1lz1,I56V,0,2.7,25,A,130,Lysozyme,Homo sapiens,DSC,
607,851,1lz1,Q58A,1.23,2.7,25,A,130,Lysozyme,Homo sapiens,DSC,
608,852,1lz1,Q58G,-1.61,2.7,25,A,130,Lysozyme,Homo sapiens,DSC,
609,853,1lz1,I59A,0.36,2.7,25,A,130,Lysozyme,Homo sapiens,DSC,
610,854,1lz1,I59F,0.67,2.7,25,A,130,Lysozyme,Homo sapiens,DSC,
611,855,1lz1,I59G,2.17,2.7,25,A,130,Lysozyme,Homo sapiens,DSC,
612,856,1lz1,I59L,-0.7,2.7,25,A,130,Lysozyme,Homo sapiens,DSC,
613,857,1lz1,I59M,0.8,2.7,25,A,130,Lysozyme,Homo sapiens,DSC,
614,858,1lz1,I59S,2.05,2.7,25,A,130,Lysozyme,Homo sapiens,DSC,
615,859,1lz1,I59T,1,2.7,25,A,130,Lysozyme,Homo sapiens,DSC,
616,860,1lz1,I59V,1.19,2.7,25,A,130,Lysozyme,Homo sapiens,DSC,
617,861,1lz1,I59Y,3.16,2.7,25,A,130,Lysozyme,Homo sapiens,DSC,
618,862,1lz1,S61A,0.5,2.7,25,A,130,Lysozyme,Homo sapiens,DSC,
619,863,1lz1,Y63F,0.35,2.7,25,A,130,Lysozyme,Homo sapiens,DSC,
620,864,1lz1,D67N,2.25,4,25,A,130,Lysozyme,Homo sapiens,DSC,
621,865,1lz1,G68A,0.97,2.7,25,A,130,Lysozyme,Homo sapiens,DSC,
622,866,1lz1,T70A,0.58,2.7,25,A,130,Lysozyme,Homo sapiens,DSC,
623,867,1lz1,T70V,0.62,2.7,25,A,130,Lysozyme,Homo sapiens,DSC,
624,868,1lz1,P71G,0.51,2.8,25,A,130,Lysozyme,Homo sapiens, DSC,
625,869,1lz1,G72A,0.31,2.7,25,A,130,Lysozyme,Homo sapiens,DSC,
626,870,1lz1,V74A,-0.07,2.7,25,A,130,Lysozyme,Homo sapiens,DSC,
627,871,1lz1,V74D,0.98,2.7,25,A,130,Lysozyme,Homo sapiens,DSC,
628,872,1lz1,V74F,0.04,2.7,25,A,130,Lysozyme,Homo sapiens,DSC,
629,873,1lz1,V74G,0.25,2.7,25,A,130,Lysozyme,Homo sapiens,DSC,
630,874,1lz1,V74I,1.93,2.7,25,A,130,Lysozyme,Homo sapiens,DSC,
631,875,1lz1,V74L,0.4,2.7,25,A,130,Lysozyme,Homo sapiens,DSC,
632,876,1lz1,V74M,0.35,2.7,25,A,130,Lysozyme,Homo sapiens,DSC,
633,877,1lz1,V74N,-1.16,2.7,25,A,130,Lysozyme,Homo sapiens,DSC,
634,878,1lz1,V74R,1.44,2.7,25,A,130,Lysozyme,Homo sapiens,DSC,
635,879,1lz1,V74S,0,2.7,25,A,130,Lysozyme,Homo sapiens,DSC,
636,880,1lz1,V74Y,1.13,2.7,25,A,130,Lysozyme,Homo sapiens,DSC,
637,881,1lz1,H78A,1.2,2.7,25,A,130,Lysozyme,Homo sapiens,DSC,
638,882,1lz1,H78G,0.76,2.7,25,A,130,Lysozyme,Homo sapiens,DSC,
639,883,1lz1,S80A,-0.82,2.7,25,A,130,Lysozyme,Homo sapiens,DSC,
640,884,1lz1,S82A,-0.98,2.7,25,A,130,Lysozyme,Homo sapiens,DSC,
641,885,1lz1,I89A,1.73,2.7,25,A,130,Lysozyme,Homo sapiens,DSC,
642,886,1lz1,I89V,0.67,2.7,25,A,130,Lysozyme,Homo sapiens,DSC,
643,887,1lz1,D91P,0.7,2.8,25,A,130,Lysozyme,Homo sapiens,DSC,
644,888,1lz1,A92S,2.2,2.7,25,A,130,Lysozyme,Homo sapiens,DSC,
645,889,1lz1,V93A,0.46,2.7,25,A,130,Lysozyme,Homo sapiens,DSC,
646,890,1lz1,V93T,0.78,2.7,25,A,130,Lysozyme,Homo sapiens,DSC,
647,891,1lz1,A96M,1.15,2.7,25,A,130,Lysozyme,Homo sapiens,DSC,
648,892,1lz1,A96S,0.98,2.7,25,A,130,Lysozyme,Homo sapiens,DSC,
649,893,1lz1,V99A,0.72,2.7,25,A,130,Lysozyme,Homo sapiens,DSC,
650,894,1lz1,V99T,0.89,2.7,25,A,130,Lysozyme,Homo sapiens,DSC,
651,895,1lz1,V100A,-0.82,2.7,25,A,130,Lysozyme,Homo sapiens,DSC,
652,896,1lz1,V100F,2.42,2.7,25,A,130,Lysozyme,Homo sapiens,DSC,
653,897,1lz1,V100T,0.82,2.7,25,A,130,Lysozyme,Homo sapiens,DSC,
654,898,1lz1,D102N,0.67,4,65,A,130,Lysozyme,Homo sapiens,DSC,
655,899,1lz1,P103G,0.07,2.8,25,A,130,Lysozyme,Homo sapiens,DSC,
656,900,1lz1,G105A,1.06,2.7,25,A,130,Lysozyme,Homo sapiens,DSC,
657,901,1lz1,I106A,0.8,2.7,25,A,130,Lysozyme,Homo sapiens,DSC,
658,902,1lz1,I106V,1.31,2.7,25,A,130,Lysozyme,Homo sapiens,DSC,
659,903,1lz1,V110A,-1.24,2.7,25,A,130,Lysozyme,Homo sapiens,DSC,
660,904,1lz1,V110D,2.6,2.7,25,A,130,Lysozyme,Homo sapiens,DSC,
661,905,1lz1,V110F,1.88,2.7,25,A,130,Lysozyme,Homo sapiens,DSC,
662,906,1lz1,V110G,2.18,2.7,25,A,130,Lysozyme,Homo sapiens,DSC,
663,907,1lz1,V110I,0.81,2.7,25,A,130,Lysozyme,Homo sapiens,DSC,
664,908,1lz1,V110L,-0.08,2.7,25,A,130,Lysozyme,Homo sapiens,DSC,
665,909,1lz1,V110M,-0.35,2.7,25,A,130,Lysozyme,Homo sapiens,DSC,
666,910,1lz1,V110N,0.48,2.7,25,A,130,Lysozyme,Homo sapiens,DSC,
667,911,1lz1,V110P,-0.16,2.7,25,A,130,Lysozyme,Homo sapiens,DSC,
668,912,1lz1,V110R,1.58,2.7,25,A,130,Lysozyme,Homo sapiens,DSC,
669,913,1lz1,V110Y,0.84,2.7,25,A,130,Lysozyme,Homo sapiens,DSC,
670,914,1lz1,N118A,0.26,2.7,25,A,130,Lysozyme,Homo sapiens,DSC,
671,915,1lz1,N118G,1.68,2.7,25,A,130,Lysozyme,Homo sapiens,DSC,
672,916,1lz1,D120N,0.67,4,65,A,130,Lysozyme,Homo sapiens,DSC,
673,917,1lz1,V121A,0.9,2.7,25,A,130,Lysozyme,Homo sapiens,DSC,
674,918,1lz1,Y124F,-0.15,2.7,25,A,130,Lysozyme,Homo sapiens,DSC,
675,919,1lz1,V125A,0.04,2.7,25,A,130,Lysozyme,Homo sapiens,DSC,
676,920,1lz1,G127A,0.5,2.7,25,A,130,Lysozyme,Homo sapiens,DSC,
677,921,1lz1,G129A,0.94,2.7,25,A,130,Lysozyme,Homo sapiens,DSC,
678,922,1lz1,V130A,0.5,2.7,25,A,130,Lysozyme,Homo sapiens,DSC,
679,1022,1mjc,Y42W,-0.2,7,25,A,69,Cold Schock Protein,Escherichia Coli,CD,
680,1023,1mjc,S52W,0.2,7,25,A,69,Cold Schock Protein,Escherichia Coli,CD,
681,1024,1mjc,T68W,-0.7,7,25,A,69,Cold Schock Protein,Escherichia Coli,CD,
682,1031,1onc,M23L,2.22,7,25,A,104,Onconase,Rana pipiens,DSC,
683,1032,1onc,F28A,5.04,5.5,20,A,104,Onconase,Rana pipiens,DSC,
684,1033,1onc,F28T,4.92,5.5,20,A,104,Onconase,Rana pipiens,DSC,
685,1034,1onc,F36Y,3.7,5.5,20,A,104,Onconase,Rana pipiens,DSC,
686,1035,1pga,T2P,2.7,5.5,25,A,56,Protein G,Streptococcus sp.GX7805,CD,
687,1036,1pga,I6N,1.53,5.2,25,A,56,Protein G,Streptococcus sp.GX7805,DSC,
688,1037,1pga,I6T,1.6,5.2,25,A,56,Protein G,Streptococcus sp.GX7805,DSC,
689,1038,1pga,G9P,2.4,5.5,25,A,56,Protein G,Streptococcus sp.GX7805,CD,
690,1039,1pga,K10P,0.2,5.5,25,A,56,Protein G,Streptococcus sp.GX7805,CD,
691,1040,1pga,V21P,-0.5,5.5,25,A,56,Protein G,Streptococcus sp.GX7805,CD,
692,1041,1pga,A23P,0.3,5.5,25,A,56,Protein G,Streptococcus sp.GX7805,CD,
693,1042,1pga,A24P,0.5,5.5,25,A,56,Protein G,Streptococcus sp.GX7805,CD,
694,1043,1pga,A48P,0.7,5.5,25,A,56,Protein G,Streptococcus sp.GX7805,CD,
695,1044,1pga,T53F,-1.01,5.2,25,A,56,Protein G,Streptococcus sp.GX7805,DSC,
696,1045,1pga,T53I,0.3,5.2,25,A,56,Protein G,Streptococcus sp.GX7805,DSC,
697,1046,1pga,T53V,0.8,5.2,25,A,56,Protein G,Streptococcus sp.GX7805,DSC,
698,1047,1pga,T53Y,-0.5,5.2,25,A,56,Protein G,Streptococcus sp.GX7805,DSC,
699,1048,1poh,K49A,-1.6,7,25,A,85,HPr,Escherichia Coli,CD,
700,1049,1poh,K49D,-1.8,7,25,A,85,HPr,Escherichia Coli,CD,
701,1050,1poh,K49E,-2.1,7,25,A,85,HPr,Escherichia Coli,CD,
702,1051,1poh,K49G,-1.2,7,25,A,85,HPr,Escherichia Coli,CD,
703,1052,1poh,K49M,-1,7,25,A,85,HPr,Escherichia Coli,CD,
704,1053,1poh,K49N,-0.4,7,25,A,85,HPr,Escherichia Coli,CD,
705,1054,1poh,K49Q,-1.5,7,25,A,85,HPr,Escherichia Coli,CD,
706,1055,1poh,K49R,0.2,7,25,A,85,HPr,Escherichia Coli,CD,
707,1056,1poh,K49S,-1.2,7,25,A,85,HPr,Escherichia Coli,CD,
708,1066,1rbp,W24F,2.52(a),7.4,69,A,182,Retinol Binding Protein,Homo sapiens,CD ,
709,1067,1rbp,W24L,2.60(a),7.4,69,A,182,Retinol Binding Protein,Homo sapiens,CD ,
710,1068,1rbp,W24Y,2.20(a),7.4,69,A,182,Retinol Binding Protein,Homo sapiens,CD ,
711,1069,1rbp,W91H,0.10(a),7.4,69,A,182,Retinol Binding Protein,Homo sapiens,CD ,
712,1070,1rbp,W105F,0.44(a),7.4,69,A,182,Retinol Binding Protein,Homo sapiens,CD ,
713,1071,1rbp,R139Q,2.60(a),7.4,69,A,182,Retinol Binding Protein,Homo sapiens,CD ,
714,1072,1rn1,V16A,2.34,7,25,C,104,Ribonuclease T1 (pseudoWT) ,Aspergillus oryzae,CD-DSC,
715,1073,1rn1,V16C,4.99,7,25,C,104,Ribonuclease T1 (pseudoWT) ,Aspergillus oryzae,CD-DSC,
716,1074,1rn1,V16S,4.69,7,25,C,104,Ribonuclease T1 (pseudoWT) ,Aspergillus oryzae,CD-DSC,
717,1075,1rn1,V16T,3.65,7,25,C,104,Ribonuclease T1 (pseudoWT) ,Aspergillus oryzae,CD-DSC,
718,1076,1rn1,Y24W,-1.24(b),6,25,C,104,Ribonuclease T1 (pseudoWT) ,Aspergillus oryzae,DSC,
719,1077,1rn1,Q25K,-1.4,7,25,C,104,Ribonuclease T1 (pseudoWT) ,Aspergillus oryzae,Fluorescence,
720,1078,1rn1,H40T,0.26(b),6,25,C,104,Ribonuclease T1 (pseudoWT) ,Aspergillus oryzae,DSC,
721,1079,1rn1,Y42W,0.14(b),6,25,C,104,Ribonuclease T1 (pseudoWT) ,Aspergillus oryzae,DSC,
722,1080,1rn1,N44A,1.60(a),7,51,C,104,Ribonuclease T1 (pseudoWT) ,Aspergillus oryzae,CD,
723,1081,1rn1,N44D,1.60(a),7,51,C,104,Ribonuclease T1 (pseudoWT) ,Aspergillus oryzae,CD,
724,1082,1rn1,N44S,1.50(a),7,51,C,104,Ribonuclease T1 (pseudoWT) ,Aspergillus oryzae,CD,
725,1083,1rn1,Y45W,-0.74(b),6,25,C,104,Ribonuclease T1 (pseudoWT) ,Aspergillus oryzae,DSC,
726,1084,1rn1,D49A,-0.50(a),7,52,C,104,Ribonuclease T1 (pseudoWT) ,Aspergillus oryzae,DSC,
727,1085,1rn1,D49F,0.40(a),7,52,C,104,Ribonuclease T1 (pseudoWT) ,Aspergillus oryzae,DSC,
728,1086,1rn1,D49H,-1.10(a),7,55,C,104,Ribonuclease T1 (pseudoWT) ,Aspergillus oryzae,DSC,
729,1087,1rn1,D49Y,0.50(a),7,52,C,104,Ribonuclease T1 (pseudoWT) ,Aspergillus oryzae,DSC,
730,1088,1rn1,D49W,0.90(a),7,52,C,104,Ribonuclease T1 (pseudoWT) ,Aspergillus oryzae,DSC,
731,1089,1rn1,E58A,1,7,25,C,104,Ribonuclease T1 (pseudoWT) ,Aspergillus oryzae,Fluorescence,
732,1090,1rn1,W59Y,0.93(b),6,25,C,104,Ribonuclease T1 (pseudoWT) ,Aspergillus oryzae,DSC,
733,1091,1rn1,D76A,3.8,7,15,C,104,Ribonuclease T1 (pseudoWT) ,Aspergillus oryzae,DSC,
734,1092,1rn1,D76N,3.1,7,15,C,104,Ribonuclease T1 (pseudoWT) ,Aspergillus oryzae,DSC,
735,1093,1rn1,D76S,3.1,7,15,C,104,Ribonuclease T1 (pseudoWT) ,Aspergillus oryzae,DSC,
736,1094,1rn1,V78A,4.08,7,25,C,104,Ribonuclease T1 (pseudoWT) ,Aspergillus oryzae,CD-DSC,
737,1095,1rn1,V78S,4.87,7,25,C,104,Ribonuclease T1 (pseudoWT) ,Aspergillus oryzae,CD-DSC,
738,1096,1rn1,V78T,3.59,7,25,C,104,Ribonuclease T1 (pseudoWT) ,Aspergillus oryzae,CD-DSC,
739,1097,1rn1,V89C,3.54,7,25,C,104,Ribonuclease T1 (pseudoWT) ,Aspergillus oryzae,CD-DSC,
740,1098,1rn1,V89T,3.07,7,25,C,104,Ribonuclease T1 (pseudoWT) ,Aspergillus oryzae,CD-DSC,
741,1099,1rn1,H92A,1.53(b),6,25,C,104,Ribonuclease T1 (pseudoWT) ,Aspergillus oryzae,DSC,
742,1100,1rro,P21A,0.74(a),7.4,54,A,108,Oncomodulin (Parvalbumin beta),Rattus Rattus,DSC,
743,1101,1rro,P26A,0.74(a),7.4,54,A,108,Oncomodulin (Parvalbumin beta),Rattus Rattus,DSC,
744,1102,1rtp,A21P,1.92(a),7.4,46,1,109,Parvalbumin (alpha),Rattus Rattus,DSC,
745,1103,1rtp,H26P,-1.25(a),7.4,46,1,109,Parvalbumin (alpha),Rattus Rattus,DSC,
746,1104,1rtp,K80S,0.29(a),7.4,46,1,109,Parvalbumin (alpha),Rattus Rattus,DSC,
747,1105,1shf,F87A,1.34,8,25,A,59,Fyn Tyrosine Kinase SH3,Homo sapiens,CD,
748,1106,1shf,F87L,1.99,8,25,A,59,Fyn Tyrosine Kinase SH3,Homo sapiens,CD,
749,1107,1shf,F87V,0.47,8,25,A,59,Fyn Tyrosine Kinase SH3,Homo sapiens,CD,
750,1108,1shf,A89G,1.56,8,25,A,59,Fyn Tyrosine Kinase SH3,Homo sapiens,CD,
751,1109,1shf,A89S,1.26,8,25,A,59,Fyn Tyrosine Kinase SH3,Homo sapiens,CD,
752,1110,1shf,L101F,1.2,8,25,A,59,Fyn Tyrosine Kinase SH3,Homo sapiens,CD,
753,1111,1shf,L101I,0.69,8,25,A,59,Fyn Tyrosine Kinase SH3,Homo sapiens,CD,
754,1112,1shf,L101V,1.63,8,25,A,59,Fyn Tyrosine Kinase SH3,Homo sapiens,CD,
755,1113,1shf,F103L,1.11,8,25,A,59,Fyn Tyrosine Kinase SH3,Homo sapiens,CD,
756,1114,1shf,F103V,1.88,8,25,A,59,Fyn Tyrosine Kinase SH3,Homo sapiens,CD,
757,1115,1shf,E107A,1.27,8,25,A,59,Fyn Tyrosine Kinase SH3,Homo sapiens,CD,
758,1116,1shf,E107D,-0.68,8,25,A,59,Fyn Tyrosine Kinase SH3,Homo sapiens,CD,
759,1117,1shf,E107F,1.63,8,25,A,59,Fyn Tyrosine Kinase SH3,Homo sapiens,CD,
760,1118,1shf,E107H,0.99,8,25,A,59,Fyn Tyrosine Kinase SH3,Homo sapiens,CD,
761,1119,1shf,E107K,0.97,8,25,A,59,Fyn Tyrosine Kinase SH3,Homo sapiens,CD,
762,1120,1shf,E107P,1.71,8,25,A,59,Fyn Tyrosine Kinase SH3,Homo sapiens,CD,
763,1121,1shf,E107Q,0.74,8,25,A,59,Fyn Tyrosine Kinase SH3,Homo sapiens,CD,
764,1122,1shf,E107S,1.64,8,25,A,59,Fyn Tyrosine Kinase SH3,Homo sapiens,CD,
765,1123,1shf,E107T,0.6,8,25,A,59,Fyn Tyrosine Kinase SH3,Homo sapiens,CD,
766,1124,1shf,E107V,2,8,25,A,59,Fyn Tyrosine Kinase SH3,Homo sapiens,CD,
767,1125,1shf,E107Y,2.4,8,25,A,59,Fyn Tyrosine Kinase SH3,Homo sapiens,CD,
768,1126,1shf,F109I,1.99,8,25,A,59,Fyn Tyrosine Kinase SH3,Homo sapiens,CD,
769,1127,1shf,F109L,0.76,8,25,A,59,Fyn Tyrosine Kinase SH3,Homo sapiens,CD,
770,1128,1shf,F109V,2.11,8,25,A,59,Fyn Tyrosine Kinase SH3,Homo sapiens,CD,
771,1129,1shf,I111L,1.01,8,25,A,59,Fyn Tyrosine Kinase SH3,Homo sapiens,CD,
772,1130,1shf,I111V,0.16,8,25,A,59,Fyn Tyrosine Kinase SH3,Homo sapiens,CD,
773,1131,1shf,W120F,0.55(c),8,25,A,59,Fyn Tyrosine Kinase SH3,Homo sapiens,CD,
774,1132,1shf,W120L,0.40(c),8,25,A,59,Fyn Tyrosine Kinase SH3,Homo sapiens,CD,
775,1133,1shf,W120V,0.99(c),8,25,A,59,Fyn Tyrosine Kinase SH3,Homo sapiens,CD,
776,1134,1shf,A122G,1.35,8,25,A,59,Fyn Tyrosine Kinase SH3,Homo sapiens,CD,
777,1135,1shf,A122V,-0.18,8,25,A,59,Fyn Tyrosine Kinase SH3,Homo sapiens,CD,
778,1136,1shf,S124A,0.71,8,25,A,59,Fyn Tyrosine Kinase SH3,Homo sapiens,CD,
779,1137,1shf,S124F,1.9,8,25,A,59,Fyn Tyrosine Kinase SH3,Homo sapiens,CD,
780,1138,1shf,S124H,1.25,8,25,A,59,Fyn Tyrosine Kinase SH3,Homo sapiens,CD,
781,1139,1shf,S124I,1.41,8,25,A,59,Fyn Tyrosine Kinase SH3,Homo sapiens,CD,
782,1140,1shf,S124K,-0.11,8,25,A,59,Fyn Tyrosine Kinase SH3,Homo sapiens,CD,
783,1141,1shf,S124L,0.37,8,25,A,59,Fyn Tyrosine Kinase SH3,Homo sapiens,CD,
784,1142,1shf,S124N,0.73,8,25,A,59,Fyn Tyrosine Kinase SH3,Homo sapiens,CD,
785,1143,1shf,S124R,0.18,8,25,A,59,Fyn Tyrosine Kinase SH3,Homo sapiens,CD,
786,1144,1shf,S124T,1.65,8,25,A,59,Fyn Tyrosine Kinase SH3,Homo sapiens,CD,
787,1145,1shf,S124V,1.1,8,25,A,59,Fyn Tyrosine Kinase SH3,Homo sapiens,CD,
788,1146,1shf,S124Y,2.27,8,25,A,59,Fyn Tyrosine Kinase SH3,Homo sapiens,CD,
789,1147,1shf,I133L,0.75,8,25,A,59,Fyn Tyrosine Kinase SH3,Homo sapiens,CD,
790,1148,1shf,I133V,0.04,8,25,A,59,Fyn Tyrosine Kinase SH3,Homo sapiens,CD,
791,1149,1shf,V138A,2.13,8,25,A,59,Fyn Tyrosine Kinase SH3,Homo sapiens,CD,
792,1150,1shf,V138F,0.73,8,25,A,59,Fyn Tyrosine Kinase SH3,Homo sapiens,CD,
793,1151,1shf,V138I,-0.17,8,25,A,59,Fyn Tyrosine Kinase SH3,Homo sapiens,CD,
794,1152,1shf,V138L,0.12,8,25,A,59,Fyn Tyrosine Kinase SH3,Homo sapiens,CD,
795,1154,1shg,N47A,0.46(a),3.5,59,A,62,Alpha spectrin SH3,Gallus gallus,DSC,
796,1155,1shg,D48G,-1.05,3.5,25,A,62,Alpha spectrin SH3,Gallus gallus,DSC,
797,1156,1shg,A56G,0.55(a),3.2,54,A,62,Alpha spectrin SH3,Gallus gallus,DSC,
798,1157,1shg,A56E,0.46(a),3.2,54,A,62,Alpha spectrin SH3,Gallus gallus,DSC,
799,1158,1shg,A56K,0.07(a),3.2,54,A,62,Alpha spectrin SH3,Gallus gallus,DSC,
800,1176,1tpk,V65A,2,4.5,64,A,88,Tissue Plasminogen Activator,Homo sapiens,DSC,
801,1177,1tpk,V65I,-0.3,4.5,64,A,88,Tissue Plasminogen Activator,Homo sapiens,DSC,
802,1178,1tpk,V65L,1.9,4.5,64,A,88,Tissue Plasminogen Activator,Homo sapiens,DSC,
803,1179,1tpk,V65M,2.2,4.5,64,A,88,Tissue Plasminogen Activator,Homo sapiens,DSC,
804,1180,1tpk,V65S,2.4,4.5,64,A,88,Tissue Plasminogen Activator,Homo sapiens,DSC,
805,1181,1tpk,V65T,1,4.5,64,A,88,Tissue Plasminogen Activator,Homo sapiens,DSC,
806,1221,1wq5,C81A,-0.18,9,25,A,268,Tryptophan Synthase Alpha SU,Escherichia Coli,DSC,
807,1222,1wq5,C81G,0.45,9,25,A,268,Tryptophan Synthase Alpha SU,Escherichia Coli,DSC,
808,1223,1wq5,C81S,-0.26,9,25,A,268,Tryptophan Synthase Alpha SU,Escherichia Coli,DSC,
809,1224,1wq5,C81V,1.71,9,25,A,268,Tryptophan Synthase Alpha SU,Escherichia Coli,DSC,
810,1225,1wq5,P96A,-0.48,9,25,A,268,Tryptophan Synthase Alpha SU,Escherichia Coli,DSC,
811,1231,1wq5,K109N,0.09,9,25,A,268,Tryptophan Synthase Alpha SU,Escherichia Coli,DSC,
812,1236,1wq5,C118A,-1.07,9,25,A,268,Tryptophan Synthase Alpha SU,Escherichia Coli,DSC,
813,1237,1wq5,C118S,-1.24,9,25,A,268,Tryptophan Synthase Alpha SU,Escherichia Coli,DSC,
814,1238,1wq5,C118V,-1.19,9,25,A,268,Tryptophan Synthase Alpha SU,Escherichia Coli,DSC,
815,1239,1wq5,P132A,0.01,9,25,A,268,Tryptophan Synthase Alpha SU,Escherichia Coli,DSC,
816,1240,1wq5,P132G,0.75,9,25,A,268,Tryptophan Synthase Alpha SU,Escherichia Coli,DSC,
817,1241,1wq5,C154A,0.54,9,25,A,268,Tryptophan Synthase Alpha SU,Escherichia Coli,DSC,
818,1242,1wq5,C154S,1.4,9,25,A,268,Tryptophan Synthase Alpha SU,Escherichia Coli,DSC,
819,1243,1wq5,C154V,-0.91,9,25,A,268,Tryptophan Synthase Alpha SU,Escherichia Coli,DSC,
820,1244,1wq5,P207A,1.85,9,25,A,268,Tryptophan Synthase Alpha SU,Escherichia Coli,DSC,
821,1245,1wq5,G211E,-0.53,7.8,25,A,268,Tryptophan Synthase Alpha SU,Escherichia Coli,DSC,
822,1246,1wq5,G211R,-0.53,7.8,25,A,268,Tryptophan Synthase Alpha SU,Escherichia Coli,DSC,
823,1247,1ycc,A7L,-0.35,2.1,25,A,108,Cytochrome c (Iso-1),Saccharomyces cerevisiae,CD,
824,1248,1ycc,A7Y,-0.27,2.1,25,A,108,Cytochrome c (Iso-1),Saccharomyces cerevisiae,CD,
825,1249,1ycc,F10I,0.91,4.6,25,A,108,Cytochrome c (Iso-1),Saccharomyces cerevisiae,CD,
826,1250,1ycc,F10M,3.32,4.6,25,A,108,Cytochrome c (Iso-1),Saccharomyces cerevisiae,CD,
827,1251,1ycc,F10W,1.34,4.6,25,A,108,Cytochrome c (Iso-1),Saccharomyces cerevisiae,CD,
828,1252,1ycc,F10Y,0.67,4.6,25,A,108,Cytochrome c (Iso-1),Saccharomyces cerevisiae,CD,
829,1253,1ycc,V20C,1.06,4.6,25,A,108,Cytochrome c (Iso-1),Saccharomyces cerevisiae,DSC,
830,1254,1ycc,T69E,-1.5,6,57,A,108,Cytochrome c (Iso-1),Saccharomyces cerevisiae,DSC,
831,1255,1ycc,K73I,0.4,5,25,A,108,Cytochrome c (Iso-1),Saccharomyces cerevisiae,CD,
832,1256,1ycc,K73V,-0.1,5,25,A,108,Cytochrome c (Iso-1),Saccharomyces cerevisiae,CD,
833,1257,1ycc,K73W,1.6,5,25,A,108,Cytochrome c (Iso-1),Saccharomyces cerevisiae,CD,
834,1258,1ycc,P76G,0.78,4.6,25,A,108,Cytochrome c (Iso-1),Saccharomyces cerevisiae,CD,
835,1259,1ycc,P76L,3.44,4.6,25,A,108,Cytochrome c (Iso-1),Saccharomyces cerevisiae,CD,
836,1260,1ycc,P76R,0.97,4.6,25,A,108,Cytochrome c (Iso-1),Saccharomyces cerevisiae,CD,
837,1261,1ycc,P76S,1.89,4.6,25,A,108,Cytochrome c (Iso-1),Saccharomyces cerevisiae,CD,
838,1262,1ycc,P76V,1.07,4.6,25,A,108,Cytochrome c (Iso-1),Saccharomyces cerevisiae,CD,
839,1263,1ycc,P76W,2.38,4.6,25,A,108,Cytochrome c (Iso-1),Saccharomyces cerevisiae,CD,
840,1264,1ycc,P76Y,2.07,4.6,25,A,108,Cytochrome c (Iso-1),Saccharomyces cerevisiae,CD,
841,1265,1ycc,F82Y,0.70(b),6,25,A,108,Cytochrome c (Iso-1),Saccharomyces cerevisiae,DSC,
842,1266,1ycc,L85A,2.80(b),6,25,A,108,Cytochrome c (Iso-1),Saccharomyces cerevisiae,DSC,
843,1267,1ycc,L94A,3.82,4.6,25,A,108,Cytochrome c (Iso-1),Saccharomyces cerevisiae,CD,
844,1268,1ycc,L94I,0.02,4.6,25,A,108,Cytochrome c (Iso-1),Saccharomyces cerevisiae,CD,
845,1269,1ycc,L94T,3.27,4.6,25,A,108,Cytochrome c (Iso-1),Saccharomyces cerevisiae,CD,
846,1270,1ycc,L94V,0.72,4.6,25,A,108,Cytochrome c (Iso-1),Saccharomyces cerevisiae,CD,
847,1271,1ycc,T96A,-1,6,57,A,108,Cytochrome c (Iso-1),Saccharomyces cerevisiae,DSC,
848,1272,1ycc,Y97F,-0.08,4.6,25,A,108,Cytochrome c (Iso-1),Saccharomyces cerevisiae,CD,
849,1273,1ycc,C102A,-2.90(a),6,47,A,108,Cytochrome c (Iso-1),Saccharomyces cerevisiae,Abs,
850,1274,1ycc,C102S,-2.80(a),6,47,A,108,Cytochrome c (Iso-1),Saccharomyces cerevisiae,Abs,
851,1275,1ycc,C102T,-0.8,6,57,A,108,Cytochrome c (Iso-1),Saccharomyces cerevisiae,DSC,
852,1285,1yea,N52I,-2.4(b),6,25,A,112,Cytochrome c (Iso-2),Saccharomyces cerevisiae,DSC,
853,1287,1yu5,H41Y,-1.1,7,25,X,67,Headpiece Villin Domain,Gallus gallus,CD,
854,1290,1zym,H189A,0.9,7.5,25,B,258,Amino Terminal Enzyme I,Escherichia Coli,DSC-CD,
855,1291,1zym,H189E,1.31,7.5,25,B,258,Amino Terminal Enzyme I,Escherichia Coli,DSC-CD,
856,1297,2a01,L141R,0.3,7.4,25,A,243,Apolipoprotein A-I,Homo sapiens,CD,
857,1299,2ci2,L27A,2.66(b),3,25,I,83,Chymotrypsin Inhibitor 2,Hordeum vulgare,DSC,
858,1300,2ci2,S31A,0.84(a),3,64,I,83,Chymotrypsin Inhibitor 2,Hordeum vulgare,DSC,
859,1301,2ci2,S31G,1.00(a),3.5,74,I,83,Chymotrypsin Inhibitor 2,Hordeum vulgare,DSC,
860,1302,2ci2,V38A,0.46(b),3,25,I,83,Chymotrypsin Inhibitor 2,Hordeum vulgare,DSC,
861,1303,2ci2,I39V,1.20(b),3.5,25,I,83,Chymotrypsin Inhibitor 2,Hordeum vulgare,DSC,
862,1304,2ci2,K43A,0.26(a),4.2,74,I,83,Chymotrypsin Inhibitor 2,Hordeum vulgare,CD,
863,1305,2ci2,P44A,1.82(a),4.2,74,I,83,Chymotrypsin Inhibitor 2,Hordeum vulgare,CD,
864,1306,2ci2,E45A,0.82(a),4.2,74,I,83,Chymotrypsin Inhibitor 2,Hordeum vulgare,CD,
865,1307,2ci2,I48V,0.92(b),3.5,25,I,83,Chymotrypsin Inhibitor 2,Hordeum vulgare,DSC,
866,1308,2ci2,V70A,2.17(b),3,25,I,83,Chymotrypsin Inhibitor 2,Hordeum vulgare,DSC,
867,1309,2ci2,I76V,-0.09(b),3,25,I,83,Chymotrypsin Inhibitor 2,Hordeum vulgare,DSC,
868,1314,2hbb,K12M,-1.9,5.5,25,A,51,Ribosomal L9 (N-terminal),Geobacillus stearotherm.,CD,
869,1315,2hbb,D23A,0.46,5.4,25,A,51,Ribosomal L9 (N-terminal),Geobacillus stearotherm.,CD,
870,1316,2hbb,D23N,0.72,5.4,25,A,51,Ribosomal L9 (N-terminal),Geobacillus stearotherm.,CD,
871,1317,2hip,Y12F,2.3,7,25,A,72,High potential iron sulfur,Halorhodospira halophila,DSC,
872,1318,2lzm,I3A,0.7,6.5,65,A,164,T4 Lyzozyme ,Enterobacteria phage T4,CD,
873,1319,2lzm,I3C,-0.43,6.5,65,A,164,T4 Lyzozyme ,Enterobacteria phage T4,CD,
874,1320,2lzm,I3D,3.2,6.5,65,A,164,T4 Lyzozyme ,Enterobacteria phage T4,CD,
875,1321,2lzm,I3E,2,6.5,65,A,164,T4 Lyzozyme ,Enterobacteria phage T4,CD,
876,1322,2lzm,I3F,1.1,6.5,65,A,164,T4 Lyzozyme ,Enterobacteria phage T4,CD,
877,1323,2lzm,I3G,2.1,6.5,65,A,164,T4 Lyzozyme ,Enterobacteria phage T4,CD,
878,1324,2lzm,I3L,-0.4,6.5,65,A,164,T4 Lyzozyme ,Enterobacteria phage T4,CD,
879,1325,2lzm,I3M,0.9,6.5,65,A,164,T4 Lyzozyme ,Enterobacteria phage T4,CD,
880,1326,2lzm,I3P,2.53,3,65,A,164,T4 Lyzozyme ,Enterobacteria phage T4,DSC,
881,1327,2lzm,I3S,1.7,6.5,65,A,164,T4 Lyzozyme ,Enterobacteria phage T4,CD,
882,1328,2lzm,I3T,2.3,6.5,65,A,164,T4 Lyzozyme ,Enterobacteria phage T4,CD,
883,1329,2lzm,I3V,0.4,6.5,65,A,164,T4 Lyzozyme ,Enterobacteria phage T4,CD,
884,1330,2lzm,I3W,2.8,6.5,65,A,164,T4 Lyzozyme ,Enterobacteria phage T4,CD,
885,1331,2lzm,I3Y,2.3,6.5,65,A,164,T4 Lyzozyme ,Enterobacteria phage T4,CD,
886,1332,2lzm,M6I,1.38,6,65,A,164,T4 Lyzozyme ,Enterobacteria phage T4,CD,
887,1333,2lzm,E11A,-1.1,5.4,69,A,164,T4 Lyzozyme ,Enterobacteria phage T4,CD,
888,1334,2lzm,E11F,-1.7,5.4,69,A,164,T4 Lyzozyme ,Enterobacteria phage T4,CD,
889,1335,2lzm,E11M,-1.6,5.4,69,A,164,T4 Lyzozyme ,Enterobacteria phage T4,CD,
890,1336,2lzm,K16E,-0.50(a),5.3,67,A,164,T4 Lyzozyme ,Enterobacteria phage T4,CD,
891,1338,2lzm,G30A,-0.1,5.4,69,A,164,T4 Lyzozyme ,Enterobacteria phage T4,CD,
892,1339,2lzm,G30F,1.5,5.4,69,A,164,T4 Lyzozyme ,Enterobacteria phage T4,CD,
893,1340,2lzm,P37A,0.3,2,12,A,164,T4 Lyzozyme ,Enterobacteria phage T4,CD,
894,1341,2lzm,S38A,0.77,3,50,A,164,T4 Lyzozyme ,Enterobacteria phage T4,CD,
895,1342,2lzm,S38D,-0.2,6.9,50,A,164,T4 Lyzozyme ,Enterobacteria phage T4,CD,
896,1343,2lzm,L39P,2.8,2,12,A,164,T4 Lyzozyme ,Enterobacteria phage T4,CD,
897,1344,2lzm,A41V,-0.16(b),5.4,25,A,164,T4 Lyzozyme ,Enterobacteria phage T4,CD,
898,1345,2lzm,S44A,-0.44(a),2.5,48,A,164,T4 Lyzozyme ,Enterobacteria phage T4,CD,
899,1346,2lzm,C54T,-0.3,6.5,65,A,164,T4 Lyzozyme ,Enterobacteria phage T4,CD,
900,1347,2lzm,C54V,0.7,6.5,65,A,164,T4 Lyzozyme ,Enterobacteria phage T4,CD,
901,1348,2lzm,N55G,0.60(a),6.5,65,A,164,T4 Lyzozyme ,Enterobacteria phage T4,CD,
902,1349,2lzm,K60P,0.00(a),6.5,65,A,164,T4 Lyzozyme ,Enterobacteria phage T4,CD,
903,1350,2lzm,N68A,-0.05(a),2.5,48,A,164,T4 Lyzozyme ,Enterobacteria phage T4,CD,
904,1351,2lzm,G77A,-0.40(a),6.5,65,A,164,T4 Lyzozyme ,Enterobacteria phage T4,CD,
905,1352,2lzm,A82P,-0.80(a),6.5,65,A,164,T4 Lyzozyme ,Enterobacteria phage T4,CD,
906,1353,2lzm,P86A,0.4,2,12,A,164,T4 Lyzozyme ,Enterobacteria phage T4,CD,
907,1363,2lzm,A93P,-0.10(a),6.5,65,A,164,T4 Lyzozyme ,Enterobacteria phage T4,CD,
908,1364,2lzm,R96H,2.80(a),6.5,65,A,164,T4 Lyzozyme ,Enterobacteria phage T4,CD,
909,1365,2lzm,A98V,8.05,3,25,A,164,T4 Lyzozyme ,Enterobacteria phage T4,CD,
910,1367,2lzm,M102V,3.9,3,25,A,164,T4 Lyzozyme ,Enterobacteria phage T4,CD,
911,1368,2lzm,Q105A,0.60(a),5.8,66,A,164,T4 Lyzozyme ,Enterobacteria phage T4,CD,
912,1369,2lzm,Q105E,1.10(a),5.8,66,A,164,T4 Lyzozyme ,Enterobacteria phage T4,CD,
913,1370,2lzm,Q105G,1.50(a),5.8,66,A,164,T4 Lyzozyme ,Enterobacteria phage T4,CD,
914,1371,2lzm,G113A,-0.30(a),6.5,65,A,164,T4 Lyzozyme ,Enterobacteria phage T4,CD,
915,1372,2lzm,T115E,-0.30(a),6.5,65,A,164,T4 Lyzozyme ,Enterobacteria phage T4,CD,
916,1373,2lzm,N116D,0.06(b),5.7,25,A,164,T4 Lyzozyme ,Enterobacteria phage T4,CD,
917,1374,2lzm,S117F,-1.1,5.4,69,A,164,T4 Lyzozyme ,Enterobacteria phage T4,CD,
918,1375,2lzm,S117I,-1.7,5.4,69,A,164,T4 Lyzozyme ,Enterobacteria phage T4,CD,
919,1376,2lzm,S117V,-2,5.4,69,A,164,T4 Lyzozyme ,Enterobacteria phage T4,CD,
920,1377,2lzm,R119E,0.04(a),5.3,67,A,164,T4 Lyzozyme ,Enterobacteria phage T4,CD,
921,1378,2lzm,R119M,-0.10(a),5.7,66,A,164,T4 Lyzozyme ,Enterobacteria phage T4,CD,
922,1379,2lzm,Q123E,-0.40(a),6.5,65,A,164,T4 Lyzozyme ,Enterobacteria phage T4,CD,
923,1380,2lzm,K124G,0.10(a),6.5,65,A,164,T4 Lyzozyme ,Enterobacteria phage T4,CD,
924,1381,2lzm,E128A,-0.16(a),2,86,A,164,T4 Lyzozyme ,Enterobacteria phage T4,CD,
925,1382,2lzm,E128K,1.33,3,25,A,164,T4 Lyzozyme ,Enterobacteria phage T4,CD,
926,1383,2lzm,A129V,0.80(a),2.9,42,A,164,T4 Lyzozyme ,Enterobacteria phage T4,CD,
927,1384,2lzm,V131A,-0.05(b),5.4,25,A,164,T4 Lyzozyme ,Enterobacteria phage T4,CD,
928,1385,2lzm,V131D,-0.08(a),3,53,A,164,T4 Lyzozyme ,Enterobacteria phage T4,CD,
929,1386,2lzm,V131E,-0.20(a),3,53,A,164,T4 Lyzozyme ,Enterobacteria phage T4,CD,
930,1387,2lzm,V131G,0.68(a),3,53,A,164,T4 Lyzozyme ,Enterobacteria phage T4,CD,
931,1388,2lzm,V131I,-0.16(a),3,53,A,164,T4 Lyzozyme ,Enterobacteria phage T4,CD,
932,1389,2lzm,V131L,-0.09(a),3,53,A,164,T4 Lyzozyme ,Enterobacteria phage T4,CD,
933,1390,2lzm,V131M,-0.12(a),3,53,A,164,T4 Lyzozyme ,Enterobacteria phage T4,CD,
934,1391,2lzm,V131S,0.05(a),3,53,A,164,T4 Lyzozyme ,Enterobacteria phage T4,CD,
935,1392,2lzm,V131T,0.12(a),2.8,51,A,164,T4 Lyzozyme ,Enterobacteria phage T4,CD,
936,1393,2lzm,N132F,-1.3,5.4,69,A,164,T4 Lyzozyme ,Enterobacteria phage T4,CD,
937,1394,2lzm,N132I,-1.2,5.4,69,A,164,T4 Lyzozyme ,Enterobacteria phage T4,CD,
938,1395,2lzm,N132M,-1.5,5.4,69,A,164,T4 Lyzozyme ,Enterobacteria phage T4,CD,
939,1396,2lzm,L133A,3.6,3,52,A,164,T4 Lyzozyme ,Enterobacteria phage T4,CD,
940,1397,2lzm,L133F,0.2,2.9,41,A,164,T4 Lyzozyme ,Enterobacteria phage T4,CD,
941,1398,2lzm,K135E,1.00(a),5.3,67,A,164,T4 Lyzozyme ,Enterobacteria phage T4,CD,
942,1400,2lzm,P143A,1,2,12,A,164,T4 Lyzozyme ,Enterobacteria phage T4,CD,
943,1401,2lzm,N144D,-0.30(b),5.7,25,A,164,T4 Lyzozyme ,Enterobacteria phage T4,CD,
944,1402,2lzm,A146T,4.07,6.5,25,A,164,T4 Lyzozyme ,Enterobacteria phage T4,CD,
945,1403,2lzm,K147E,0.70(a),5.3,67,A,164,T4 Lyzozyme ,Enterobacteria phage T4,CD,
946,1404,2lzm,V149C,2.44(b),3,25,A,164,T4 Lyzozyme ,Enterobacteria phage T4,CD,
947,1405,2lzm,T152S,2.88(b),3,25,A,164,T4 Lyzozyme ,Enterobacteria phage T4,CD,
948,1406,2lzm,R154E,1.10(a),5.3,67,A,164,T4 Lyzozyme ,Enterobacteria phage T4,CD,
949,1408,2lzm,T157A,1.40(a),2,42,A,164,T4 Lyzozyme ,Enterobacteria phage T4,CD,
950,1409,2lzm,T157C,1.30(a),2,42,A,164,T4 Lyzozyme ,Enterobacteria phage T4,CD,
951,1410,2lzm,T157N,0.45(a),2,42,A,164,T4 Lyzozyme ,Enterobacteria phage T4,CD,
952,1411,2lzm,T157E,1.50(a),2,42,A,164,T4 Lyzozyme ,Enterobacteria phage T4,CD,
953,1412,2lzm,T157F,2.40(a),2,42,A,164,T4 Lyzozyme ,Enterobacteria phage T4,CD,
954,1413,2lzm,T157G,1.10(a),2,42,A,164,T4 Lyzozyme ,Enterobacteria phage T4,CD,
955,1414,2lzm,T157H,2.10(a),2,42,A,164,T4 Lyzozyme ,Enterobacteria phage T4,CD,
956,1415,2lzm,T157I,2.90(a),3,42,A,164,T4 Lyzozyme ,Enterobacteria phage T4,CD,
957,1416,2lzm,T157L,1.30(a),2,42,A,164,T4 Lyzozyme ,Enterobacteria phage T4,CD,
958,1417,2lzm,T157D,1.10(a),2,42,A,164,T4 Lyzozyme ,Enterobacteria phage T4,CD,
959,1418,2lzm,T157R,1.30(a),2,42,A,164,T4 Lyzozyme ,Enterobacteria phage T4,CD,
960,1419,2lzm,T157S,0.66(a),2,42,A,164,T4 Lyzozyme ,Enterobacteria phage T4,CD,
961,1420,2lzm,T157V,1.60(a),2,42,A,164,T4 Lyzozyme ,Enterobacteria phage T4,CD,
962,1421,2lzm,A160T,1.65(a),6,42,A,164,T4 Lyzozyme ,Enterobacteria phage T4,CD,
963,1422,2rn2,D10A,-1.72(a),9,25,A,155,Ribonuclease H,Escherichia Coli,CD,
964,1423,2rn2,D10E,-0.52,9,25,A,155,Ribonuclease H,Escherichia Coli,CD,
965,1424,2rn2,D10H,-1.15(a),9,25,A,155,Ribonuclease H,Escherichia Coli,CD,
966,1425,2rn2,D10N,-0.98(a),9,25,A,155,Ribonuclease H,Escherichia Coli,CD,
967,1426,2rn2,D10S,-1.27(a),9,25,A,155,Ribonuclease H,Escherichia Coli,CD,
968,1427,2rn2,G23A,-1.02(b),5.5,25,A,155,Ribonuclease H,Escherichia Coli,CD,
969,1428,2rn2,A24V,-0.88(a),5.5,52,A,155,Ribonuclease H,Escherichia Coli,CD,
970,1429,2rn2,R41C,-0.44(a),5.5,52,A,155,Ribonuclease H,Escherichia Coli,CD,
971,1430,2rn2,E48A,0.16(a),9,25,A,155,Ribonuclease H,Escherichia Coli,CD,
972,1431,2rn2,E48D,0.13(a),9,25,A,155,Ribonuclease H,Escherichia Coli,CD,
973,1432,2rn2,E48Q,-0.16(a),9,25,A,155,Ribonuclease H,Escherichia Coli,CD,
974,1433,2rn2,A52C,-0.76(a),3,53,A,155,Ribonuclease H,Escherichia Coli,CD,
975,1434,2rn2,A52D,1.85(a),3,53,A,155,Ribonuclease H,Escherichia Coli,CD,
976,1435,2rn2,A52E,1.52(a),3,53,A,155,Ribonuclease H,Escherichia Coli,CD,
977,1436,2rn2,A52F,0.46(a),3,53,A,155,Ribonuclease H,Escherichia Coli,CD,
978,1437,2rn2,A52G,2.71(a),3,53,A,155,Ribonuclease H,Escherichia Coli,CD,
979,1438,2rn2,A52H,3.59(a),3,53,A,155,Ribonuclease H,Escherichia Coli,CD,
980,1439,2rn2,A52I,-1.88(a),3,53,A,155,Ribonuclease H,Escherichia Coli,CD,
981,1440,2rn2,A52K,5.93(a),3,53,A,155,Ribonuclease H,Escherichia Coli,CD,
982,1441,2rn2,A52L,-1.31(a),3,53,A,155,Ribonuclease H,Escherichia Coli,CD,
983,1442,2rn2,A52M,-0.49(a),3,53,A,155,Ribonuclease H,Escherichia Coli,CD,
984,1443,2rn2,A52N,1.79(a),3,53,A,155,Ribonuclease H,Escherichia Coli,CD,
985,1444,2rn2,A52P,1.64(a),3,53,A,155,Ribonuclease H,Escherichia Coli,CD,
986,1445,2rn2,A52Q,1.19(a),3,53,A,155,Ribonuclease H,Escherichia Coli,CD,
987,1446,2rn2,A52S,1.76(a),3,53,A,155,Ribonuclease H,Escherichia Coli,CD,
988,1447,2rn2,A52T,0.82(a),3,53,A,155,Ribonuclease H,Escherichia Coli,CD,
989,1448,2rn2,A52V,-1.67(a),3.0-5.5,53,A,155,Ribonuclease H,Escherichia Coli,CD,
990,1449,2rn2,A52Y,2.31(a),3,53,A,155,Ribonuclease H,Escherichia Coli,CD,
991,1450,2rn2,H62A,-0.55,7.8,25,A,155,Ribonuclease H,Escherichia Coli,CD,
992,1451,2rn2,H62D,0.17(a),5.5,52,A,155,Ribonuclease H,Escherichia Coli,CD,
993,1452,2rn2,H62P,-2.21(b),5.5,25,A,155,Ribonuclease H,Escherichia Coli,CD,
994,1453,2rn2,H62R,-0.36(a),5.5,52,A,155,Ribonuclease H,Escherichia Coli,CD,
995,1454,2rn2,S68A,0.45(a),3,52,A,155,Ribonuclease H,Escherichia Coli,CD,
996,1455,2rn2,S68G,2.40(a),3,52,A,155,Ribonuclease H,Escherichia Coli,CD,
997,1456,2rn2,S68L,0.48(a),3,52,A,155,Ribonuclease H,Escherichia Coli,CD,
998,1457,2rn2,S68T,0.20(a),3,52,A,155,Ribonuclease H,Escherichia Coli,CD,
999,1458,2rn2,S68V,-0.57(a),3,52,A,155,Ribonuclease H,Escherichia Coli,CD,
1000,1459,2rn2,D70A,-0.58(a),9,25,A,155,Ribonuclease H,Escherichia Coli,CD,
1001,1460,2rn2,D70E,-0.06(a),9,25,A,155,Ribonuclease H,Escherichia Coli,CD,
1002,1461,2rn2,D70N,-0.81(a),9,25,A,155,Ribonuclease H,Escherichia Coli,CD,
1003,1462,2rn2,V74A,3.40(a),5.5,52,A,155,Ribonuclease H,Escherichia Coli,CD,
1004,1463,2rn2,V74I,-0.60(a),5.5,52,A,155,Ribonuclease H,Escherichia Coli,CD,
1005,1464,2rn2,V74L,-1.10(b),5.5,25,A,155,Ribonuclease H,Escherichia Coli,CD,
1006,1466,2rn2,G77A,0.90(a),3,50,A,155,Ribonuclease H,Escherichia Coli,CD,
1007,1468,2rn2,H83A,0.12,7.8,25,A,155,Ribonuclease H,Escherichia Coli,CD,
1008,1469,2rn2,K91R,0.00(a),5.5,52,A,155,Ribonuclease H,Escherichia Coli,CD,
1009,1470,2rn2,D94E,0.4,5.5,52,A,155,Ribonuclease H,Escherichia Coli,CD,
1010,1471,2rn2,K95A,-0.10(a),5.5,52,A,155,Ribonuclease H,Escherichia Coli,CD,
1011,1472,2rn2,K95G,-1.28(b),5.5,25,A,155,Ribonuclease H,Escherichia Coli,CD,
1012,1473,2rn2,K95N,-0.88(a),5.5,52,A,155,Ribonuclease H,Escherichia Coli,CD,
1013,1474,2rn2,Q113P,0.60(a),5.5,52,A,155,Ribonuclease H,Escherichia Coli,CD,
1014,1476,2rn2,K117R,-0.03,5.5,52,A,155,Ribonuclease H,Escherichia Coli,CD,
1015,1477,2rn2,E119V,-0.74,5.5,52,A,155,Ribonuclease H,Escherichia Coli,CD,
1016,1478,2rn2,H124A,-0.05,7.9,-,A,155,Ribonuclease H,Escherichia Coli,CD,
1017,1479,2rn2,A125T,0.00(a),5.5,52,A,155,Ribonuclease H,Escherichia Coli,CD,
1018,1480,2rn2,H127A,0.31(a),3,25,A,155,Ribonuclease H,Escherichia Coli,CD,
1019,1481,2rn2,D134A,-0.98(b),9,25,A,155,Ribonuclease H,Escherichia Coli,CD,
1020,1482,2rn2,D134E,-0.91(a),5.5,52,A,155,Ribonuclease H,Escherichia Coli,CD,
1021,1483,2rn2,D134H,-2.97(b),5.5,25,A,155,Ribonuclease H,Escherichia Coli,CD,
1022,1484,2rn2,D134I,-1.37(a),5.5,52,A,155,Ribonuclease H,Escherichia Coli,CD,
1023,1485,2rn2,D134L,-1.54(a),5.5,52,A,155,Ribonuclease H,Escherichia Coli,CD,
1024,1486,2rn2,D134N,-1.64(b),5.5,25,A,155,Ribonuclease H,Escherichia Coli,CD,
1025,1487,2rn2,D134Q,-1.33(a),5.5,52,A,155,Ribonuclease H,Escherichia Coli,CD,
1026,1488,2rn2,D134S,-1.14(a),5.5,52,A,155,Ribonuclease H,Escherichia Coli,CD,
1027,1489,2rn2,D134T,-1.07(a),5.5,52,A,155,Ribonuclease H,Escherichia Coli,CD,
1028,1490,2rn2,D134V,-1.20(a),5.5,52,A,155,Ribonuclease H,Escherichia Coli,CD,
1029,1491,2rn2,E135K,0.22(a),5.5,52,A,155,Ribonuclease H,Escherichia Coli,CD,
1030,1493,2trx,D26I,-3.1,7,25,A,108,Thioredoxin,Escherichia Coli,DSC,
1031,1494,2trx,C32A,3.7,7,25,A,108,Thioredoxin,Escherichia Coli,DSC,
1032,1495,2trx,C35A,3.1,7,25,A,108,Thioredoxin,Escherichia Coli,DSC,
1033,1496,2trx,P40S,-1.45,7,25,A,108,Thioredoxin,Escherichia Coli,DSC,
1034,1497,2trx,T66L,1.4,7,25,A,108,Thioredoxin,Escherichia Coli,DSC,
1035,1498,2trx,T77V,1.1,7,25,A,108,Thioredoxin,Escherichia Coli,DSC,
1036,1499,2trx,L78K,3.9,7,85,A,108,Thioredoxin,Escherichia Coli,DSC,
1037,1500,2trx,L78R,4,7,85,A,108,Thioredoxin,Escherichia Coli,DSC,
1038,1501,3d2c,M134E,-3.02,7.2,25,A,181,Lipase 4D3,Bacillus subtilis,CD,
1039,1502,3d2c,M137P,-3.34,7.2,25,A,181,Lipase 4D3,Bacillus subtilis,CD,
1040,1503,3d2c,S163P,-2.11,7.2,25,A,181,Lipase 4D3,Bacillus subtilis,CD,
1041,1506,3mbp,P48A,2.7,7,25,A,370,Maltodextrin binding protein,Escherichia Coli,DSC,
1042,1507,3mbp,P48S,2.55,7,25,A,370,Maltodextrin binding protein,Escherichia Coli,DSC,
1043,1508,3mbp,P133A,7.8,7.4,25,A,370,Maltodextrin binding protein,Escherichia Coli,DSC,
1044,1509,3mbp,P133S,-1.16,7.4,25,A,370,Maltodextrin binding protein,Escherichia Coli,DSC,
1045,1510,3mbp,P159A,0.22,7.4,25,A,370,Maltodextrin binding protein,Escherichia Coli,DSC,
1046,1511,3mbp,P159S,4.72,7.4,25,A,370,Maltodextrin binding protein,Escherichia Coli,DSC,
1047,1512,3sil,A53L,-0.81,7,25,A,379,Sialidase,Salmonella Typhimurium,CD,
1048,1513,3sil,A69V,-0.62,7,25,A,379,Sialidase,Salmonella Typhimurium,CD,
1049,1518,451c,F7A,-1.10(a),5,51,A,82,Cytochrome c-551,Pseudomonas aeruginosa,CD,
1050,1519,451c,V13M,-0.40(a),5,51,A,82,Cytochrome c-551,Pseudomonas aeruginosa,CD,
1051,1521,451c,F34Y,-1.90(a),5,51,A,82,Cytochrome c-551,Pseudomonas aeruginosa,CD,
1052,1522,451c,Q37R,-0.50(a),5,51,A,82,Cytochrome c-551,Pseudomonas aeruginosa,CD,
1053,1523,451c,E43Y,-0.60(a),5,51,A,82,Cytochrome c-551,Pseudomonas aeruginosa,CD,
1054,1524,451c,V78I,-1.00(a),5,51,A,82,Cytochrome c-551,Pseudomonas aeruginosa,CD,
1055,1525,4blm,S126C,-0.5,7,25,A,265,Beta-Lactamase,Bacillus licheniformis,CD,
1056,1528,4blm,S265C,1.66,7,25,A,265,Beta-Lactamase,Bacillus licheniformis,CD,
1057,1529,4lyz,F3Y,0.45(a),6.4,74,A,129,Hen egg white Lysozyme,Gallus gallus,Abs,
1058,1532,4lyz,H15L,-0.76(a),6.4,74,A,129,Hen egg white Lysozyme,Gallus gallus,Abs,
1059,1533,4lyz,N19K,1.06(a),6.4,74,A,129,Hen egg white Lysozyme,Gallus gallus,Abs,
1060,1534,4lyz,R21Q,0.15(a),6.4,74,A,129,Hen egg white Lysozyme,Gallus gallus,Abs,
1061,1535,4lyz,A31I,-1.40(a),6.4,74,A,129,Hen egg white Lysozyme,Gallus gallus,Abs,
1062,1536,4lyz,A31L,-1.80(a),6.4,74,A,129,Hen egg white Lysozyme,Gallus gallus,Abs,
1063,1537,4lyz,A31V,-1.20(a),6.4,74,A,129,Hen egg white Lysozyme,Gallus gallus,Abs,
1064,1538,4lyz,F34Y,-0.19(a),6.4,74,A,129,Hen egg white Lysozyme,Gallus gallus,Abs,
1065,1539,4lyz,T40I,2.20(a),6.4,74,A,129,Hen egg white Lysozyme,Gallus gallus,Abs,
1066,1540,4lyz,T40S,0.27(a),6.4,74,A,129,Hen egg white Lysozyme,Gallus gallus,Abs,
1067,1541,4lyz,G49A,0.73,2.7,25,A,129,Hen egg white Lysozyme,Gallus gallus,DSC,
1068,1542,4lyz,I55A,4.40(a),6.4,74,A,129,Hen egg white Lysozyme,Gallus gallus,Abs,
1069,1543,4lyz,I55F,2.46(a),6.4,74,A,129,Hen egg white Lysozyme,Gallus gallus,Abs,
1070,1544,4lyz,I55L,0.45(a),6.4,74,A,129,Hen egg white Lysozyme,Gallus gallus,Abs,
1071,1545,4lyz,I55M,2.27(a),6.4,74,A,129,Hen egg white Lysozyme,Gallus gallus,Abs,
1072,1546,4lyz,I55T,4.96(a),6.4,74,A,129,Hen egg white Lysozyme,Gallus gallus,Abs,
1073,1547,4lyz,I55V,0.91(a),6.4,74,A,129,Hen egg white Lysozyme,Gallus gallus,Abs,
1074,1548,4lyz,G67A,0.52,2.7,25,A,129,Hen egg white Lysozyme,Gallus gallus,DSC,
1075,1549,4lyz,R68K,0.04(a),6.4,74,A,129,Hen egg white Lysozyme,Gallus gallus,Abs,
1076,1550,4lyz,G71A,2.12,2.7,25,A,129,Hen egg white Lysozyme,Gallus gallus,DSC,
1077,1551,4lyz,R73K,-0.23(a),6.4,74,A,129,Hen egg white Lysozyme,Gallus gallus,Abs,
1078,1552,4lyz,N77H,0.38(a),6.4,74,A,129,Hen egg white Lysozyme,Gallus gallus,Abs,
1079,1553,4lyz,S91A,0.15(a),6.4,74,A,129,Hen egg white Lysozyme,Gallus gallus,Abs,
1080,1554,4lyz,S91D,2.31(a),6.4,74,A,129,Hen egg white Lysozyme,Gallus gallus,Abs,
1081,1555,4lyz,S91T,-1.00(a),6.4,74,A,129,Hen egg white Lysozyme,Gallus gallus,Abs,
1082,1556,4lyz,S91V,0.08(a),6.4,74,A,129,Hen egg white Lysozyme,Gallus gallus,Abs,
1083,1557,4lyz,S91Y,3.07(a),6.4,74,A,129,Hen egg white Lysozyme,Gallus gallus,Abs,
1084,1558,4lyz,D101A,-0.76(a),6.4,74,A,129,Hen egg white Lysozyme,Gallus gallus,Abs,
1085,1559,4lyz,D101E,0.00(a),6.4,74,A,129,Hen egg white Lysozyme,Gallus gallus,Abs,
1086,1560,4lyz,D101F,-0.72(a),6.4,74,A,129,Hen egg white Lysozyme,Gallus gallus,Abs,
1087,1561,4lyz,D101G,-0.45(a),6.4,74,A,129,Hen egg white Lysozyme,Gallus gallus,Abs,
1088,1562,4lyz,D101K,-0.19(a),6.4,74,A,129,Hen egg white Lysozyme,Gallus gallus,Abs,
1089,1563,4lyz,D101N,-0.04(a),6.4,74,A,129,Hen egg white Lysozyme,Gallus gallus,Abs,
1090,1564,4lyz,D101Q,0.08(a),6.4,74,A,129,Hen egg white Lysozyme,Gallus gallus,Abs,
1091,1565,4lyz,D101R,-0.27(a),6.4,74,A,129,Hen egg white Lysozyme,Gallus gallus,Abs,
1092,1566,4lyz,D101S,-0.87(a),6.4,74,A,129,Hen egg white Lysozyme,Gallus gallus,Abs,
1093,1567,4lyz,G102A,1.2,2.7,25,A,129,Hen egg white Lysozyme,Gallus gallus,DSC,
1094,1568,4lyz,G102R,-0.38(a),6.4,74,A,129,Hen egg white Lysozyme,Gallus gallus,Abs,
1095,1569,4lyz,G102V,0.04(a),6.4,74,A,129,Hen egg white Lysozyme,Gallus gallus,Abs,
1096,1570,4lyz,R114H,-0.68(a),6.4,74,A,129,Hen egg white Lysozyme,Gallus gallus,Abs,
1097,1571,4lyz,G117A,0.82,2.7,25,A,129,Hen egg white Lysozyme,Gallus gallus,DSC,
1098,1572,4lyz,Q121H,0.45(a),6.4,74,A,129,Hen egg white Lysozyme,Gallus gallus,Abs,
1099,1599,5pti,F22A,1.2,2,25,A,58,Pancreatic Trypsin Inhibitor,Bos Taurus,DSC,
1100,1602,5pti,Y35A,5,3,25,A,58,Pancreatic Trypsin Inhibitor,Bos Taurus,CD,
1101,1605,5pti,G36S,0.70(a),4.6,73,A,58,Pancreatic Trypsin Inhibitor,Bos Taurus,CD,
