ddG,variant_info,pdb_id,mut_info,pos,wt,mut
1.19,1aky_V8I,1aky,V8I,8,V,I
0.96,1aky_Q48E,1aky,Q48E,48,Q,E
2.15,1aky_T77H,1aky,T77H,77,T,H
2.63,1aky_T110H,1aky,T110H,110,T,H
2.15,1aky_N169D,1aky,N169D,169,N,D
1.91,1aky_I213F,1aky,I213F,213,I,F
1.6,1am7_H31D,1am7,H31D,31,H,D
1.4,1ank_D84H,1ank,D84H,84,D,H
2.4,1ank_G85V,1ank,G85V,85,G,V
0.8,1ank_F86L,1ank,F86L,86,F,L
0.2,1ank_R88G,1ank,R88G,88,R,G
1.48,1ayf_T54A,1ayf,T54A,54,T,A
0.12,1ayf_T54S,1ayf,T54S,54,T,S
2.17,1ayf_H56Q,1ayf,H56Q,56,H,Q
1.36,1ayf_H56R,1ayf,H56R,56,H,R
1.41,1ayf_H56T,1ayf,H56T,56,H,T
0.48,1ayf_D76E,1ayf,D76E,76,D,E
0.1,1ayf_Y82F,1ayf,Y82F,82,Y,F
0.69,1ayf_Y82L,1ayf,Y82L,82,Y,L
0.65,1ayf_Y82S,1ayf,Y82S,82,Y,S
-0.93,1ayf_C95S,1ayf,C95S,95,C,S
2.03,1azp_W24A,1azp,W24A,24,W,A
-0.53,1azp_V30I,1azp,V30I,30,V,I
0.6,1bni_D8A,1bni,D8A,8,D,A
1.0,1bni_D8G,1bni,D8G,8,D,G
0.6,1bni_D12G,1bni,D12G,12,D,G
4.2,1bni_L14A,1bni,L14A,14,L,A
-0.38,1bni_T16R,1bni,T16R,16,T,R
1.9,1bni_T17A,1bni,T17A,17,T,A
0.09,1bni_D22M,1bni,D22M,22,D,M
1.9,1bni_T26G,1bni,T26G,26,T,G
1.86,1bni_I51V,1bni,I51V,51,I,V
5.3,1bni_G52A,1bni,G52A,52,G,A
3.4,1bni_G53A,1bni,G53A,53,G,A
7.8,1bni_G53V,1bni,G53V,53,G,V
2.38,1bni_D54N,1bni,D54N,54,D,N
2.68,1bni_R69M,1bni,R69M,69,R,M
1.4,1bni_R83Q,1bni,R83Q,83,R,Q
4.2,1bni_I88A,1bni,I88A,88,I,A
1.4,1bni_I88V,1bni,I88V,88,I,V
1.38,1bni_S91A,1bni,S91A,91,S,A
2.65,1bni_S92A,1bni,S92A,92,S,A
3.3,1bni_I96A,1bni,I96A,96,I,A
0.9,1bni_I96V,1bni,I96V,96,I,V
0.41,1bvc_L9A,1bvc,L9A,9,L,A
0.44,1bvc_L11A,1bvc,L11A,11,L,A
0.67,1bvc_V13A,1bvc,V13A,13,V,A
1.12,1bvc_G23A,1bvc,G23A,23,G,A
1.33,1bvc_I28A,1bvc,I28A,28,I,A
0.55,1bvc_I28L,1bvc,I28L,28,I,L
0.56,1bvc_I28M,1bvc,I28M,28,I,M
-0.04,1bvc_I28V,1bvc,I28V,28,I,V
2.37,1bvc_L29A,1bvc,L29A,29,L,A
1.12,1bvc_L29I,1bvc,L29I,29,L,I
-0.12,1bvc_L29M,1bvc,L29M,29,L,M
1.72,1bvc_L29V,1bvc,L29V,29,L,V
0.8,1bvc_L49I,1bvc,L49I,49,L,I
1.41,1bvc_T51A,1bvc,T51A,51,T,A
-0.75,1bvc_V66A,1bvc,V66A,66,V,A
0.26,1bvc_T67A,1bvc,T67A,67,T,A
1.18,1bvc_L69A,1bvc,L69A,69,L,A
0.02,1bvc_L69I,1bvc,L69I,69,L,I
0.0,1bvc_L69M,1bvc,L69M,69,L,M
0.1,1bvc_L69V,1bvc,L69V,69,L,V
-0.59,1bvc_P88A,1bvc,P88A,88,P,A
1.84,1bvc_I111A,1bvc,I111A,111,I,A
0.64,1bvc_I111L,1bvc,I111L,111,I,L
1.14,1bvc_I111M,1bvc,I111M,111,I,M
1.45,1bvc_V114A,1bvc,V114A,114,V,A
-0.16,1bvc_H116A,1bvc,H116A,116,H,A
0.26,1bvc_S117A,1bvc,S117A,117,S,A
-1.05,1bvc_G129A,1bvc,G129A,129,G,A
1.54,1bvc_L135I,1bvc,L135I,135,L,I
0.79,1bvc_L135M,1bvc,L135M,135,L,M
2.25,1bvc_L135V,1bvc,L135V,135,L,V
1.78,1bvc_L137A,1bvc,L137A,137,L,A
1.92,1bvc_I142A,1bvc,I142A,142,I,A
-0.63,1bvc_I142L,1bvc,I142L,142,I,L
-0.93,1bvc_I142M,1bvc,I142M,142,I,M
0.12,1bvc_I142V,1bvc,I142V,142,I,V
1.6,1bvc_L149A,1bvc,L149A,149,L,A
-5.01,1c52_M69A,1c52,M69A,69,M,A
0.71,1c52_M69H,1c52,M69H,69,M,H
0.75,1c8c_W24A,1c8c,W24A,24,W,A
0.73,1c8c_I30V,1c8c,I30V,30,I,V
2.14,1c8c_F32Y,1c8c,F32Y,32,F,Y
-0.55,1c9o_Q2L,1c9o,Q2L,2,Q,L
1.89,1c9o_R3A,1c9o,R3A,3,R,A
2.75,1c9o_R3E,1c9o,R3E,3,R,E
0.19,1c9o_R3K,1c9o,R3K,3,R,K
0.93,1c9o_R3L,1c9o,R3L,3,R,L
-0.33,1c9o_N11S,1c9o,N11S,11,N,S
0.43,1c9o_E12K,1c9o,E12K,12,E,K
0.05,1c9o_Y15F,1c9o,Y15F,15,Y,F
0.29,1c9o_E21A,1c9o,E21A,21,E,A
0.26,1c9o_E21K,1c9o,E21K,21,E,K
0.29,1c9o_G23Q,1c9o,G23Q,23,G,Q
-0.22,1c9o_S24D,1c9o,S24D,24,S,D
0.76,1c9o_H29E,1c9o,H29E,29,H,E
-0.17,1c9o_T31S,1c9o,T31S,31,T,S
0.19,1c9o_E36K,1c9o,E36K,36,E,K
0.22,1c9o_E46A,1c9o,E46A,46,E,A
0.64,1c9o_E46K,1c9o,E46K,46,E,K
0.5,1c9o_E50K,1c9o,E50K,50,E,K
0.1,1c9o_Q53E,1c9o,Q53E,53,Q,E
-0.1,1c9o_N55K,1c9o,N55K,55,N,K
-0.76,1c9o_R56E,1c9o,R56E,56,R,E
0.26,1c9o_V64T,1c9o,V64T,64,V,T
1.24,1c9o_L66E,1c9o,L66E,66,L,E
4.43,1chk_W28F,1chk,W28F,28,W,F
4.27,1chk_W101F,1chk,W101F,101,W,F
2.51,1chk_W227F,1chk,W227F,227,W,F
-1.74,1csp_M1R,1csp,M1R,1,M,R
0.36,1csp_L2R,1csp,L2R,2,L,R
-2.75,1csp_E3K,1csp,E3K,3,E,K
-1.62,1csp_E3L,1csp,E3L,3,E,L
-1.31,1csp_E3Q,1csp,E3Q,3,E,Q
-2.65,1csp_E3R,1csp,E3R,3,E,R
-1.77,1csp_E3V,1csp,E3V,3,E,V
-0.67,1csp_N10D,1csp,N10D,10,N,D
2.27,1csp_F15A,1csp,F15A,15,F,A
1.53,1csp_F17A,1csp,F17A,17,F,A
0.81,1csp_D25Q,1csp,D25Q,25,D,Q
0.84,1csp_F27A,1csp,F27A,27,F,A
-0.14,1csp_F38A,1csp,F38A,38,F,A
-0.29,1csp_E43S,1csp,E43S,43,E,S
0.6,1csp_A46E,1csp,A46E,46,A,E
-1.41,1csp_A46K,1csp,A46K,46,A,K
-0.81,1csp_A46L,1csp,A46L,46,A,L
-0.1,1csp_S48E,1csp,S48E,48,S,E
-1.41,1csp_S48K,1csp,S48K,48,S,K
-1.58,1csp_S48R,1csp,S48R,48,S,R
1.22,1csp_E50Q,1csp,E50Q,50,E,Q
-0.38,1csp_R56Q,1csp,R56Q,56,R,Q
-1.07,1csp_T64R,1csp,T64R,64,T,R
-1.53,1csp_K65I,1csp,K65I,65,K,I
-2.17,1csp_E66K,1csp,E66K,66,E,K
-2.1,1csp_E66L,1csp,E66L,66,E,L
-1.72,1csp_E66V,1csp,E66V,66,E,V
3.41,1cyo_F35H,1cyo,F35H,35,F,H
1.92,1cyo_F35L,1cyo,F35L,35,F,L
-0.12,1cyo_F35Y,1cyo,F35Y,35,F,Y
2.37,1cyo_V45E,1cyo,V45E,45,V,E
1.36,1cyo_V45H,1cyo,V45H,45,V,H
1.54,1cyo_V45Y,1cyo,V45Y,45,V,Y
1.1,1cyo_V61E,1cyo,V61E,61,V,E
1.63,1cyo_V61H,1cyo,V61H,61,V,H
2.34,1cyo_V61K,1cyo,V61K,61,V,K
1.29,1cyo_V61Y,1cyo,V61Y,61,V,Y
-1.08,1e0w_W85A,1e0w,W85A,85,W,A
2.2,1e0w_W85F,1e0w,W85F,85,W,F
0.53,1e0w_W85H,1e0w,W85H,85,W,H
2.77,1e0w_Y172A,1e0w,Y172A,172,Y,A
0.5,1e0w_Y172F,1e0w,Y172F,172,Y,F
-0.86,1e0w_Y172S,1e0w,Y172S,172,Y,S
2.58,1e0w_W266A,1e0w,W266A,266,W,A
1.81,1e0w_W266F,1e0w,W266F,266,W,F
3.99,1e0w_W266H,1e0w,W266H,266,W,H
-2.27,1e0w_W274A,1e0w,W274A,274,W,A
-0.43,1e0w_W274F,1e0w,W274F,274,W,F
-0.14,1e0w_W274H,1e0w,W274H,274,W,H
0.21,1ey0_I18M,1ey0,I18M,18,I,M
-1.0,1ey0_D21K,1ey0,D21K,21,D,K
-1.4,1ey0_D21N,1ey0,D21N,21,D,N
1.72,1ey0_V23A,1ey0,V23A,23,V,A
0.41,1ey0_K24G,1ey0,K24G,24,K,G
1.78,1ey0_L25A,1ey0,L25A,25,L,A
1.1,1ey0_G29C,1ey0,G29C,29,G,C
1.1,1ey0_G29F,1ey0,G29F,29,G,F
0.6,1ey0_M32I,1ey0,M32I,32,M,I
0.8,1ey0_M32L,1ey0,M32L,32,M,L
-0.4,1ey0_T33V,1ey0,T33V,33,T,V
-0.7,1ey0_T41I,1ey0,T41I,41,T,I
0.0,1ey0_H46Y,1ey0,H46Y,46,H,Y
0.8,1ey0_G50C,1ey0,G50C,50,G,C
0.4,1ey0_G50F,1ey0,G50F,50,G,F
0.7,1ey0_E57C,1ey0,E57C,57,E,C
0.9,1ey0_E57F,1ey0,E57F,57,E,F
-0.5,1ey0_S59A,1ey0,S59A,59,S,A
1.2,1ey0_A60C,1ey0,A60C,60,A,C
1.72,1ey0_V66A,1ey0,V66A,66,V,A
0.11,1ey0_V66L,1ey0,V66L,66,V,L
1.22,1ey0_V66W,1ey0,V66W,66,V,W
2.08,1ey0_A69T,1ey0,A69T,69,A,T
0.5,1ey0_K70C,1ey0,K70C,70,K,C
0.0,1ey0_K70F,1ey0,K70F,70,K,F
0.4,1ey0_K78C,1ey0,K78C,78,K,C
-0.1,1ey0_K78F,1ey0,K78F,78,K,F
2.0,1ey0_G79S,1ey0,G79S,79,G,S
1.18,1ey0_G88V,1ey0,G88V,88,G,V
1.22,1ey0_L89F,1ey0,L89F,89,L,F
1.46,1ey0_A90S,1ey0,A90S,90,A,S
2.7,1ey0_R105C,1ey0,R105C,105,R,C
3.1,1ey0_R105F,1ey0,R105F,105,R,F
0.8,1ey0_A112C,1ey0,A112C,112,A,C
1.3,1ey0_A112F,1ey0,A112F,112,A,F
-1.0,1ey0_P117G,1ey0,P117G,117,P,G
-1.57,1ey0_H124L,1ey0,H124L,124,H,L
-0.7,1ey0_S128A,1ey0,S128A,128,S,A
0.7,1ey0_K134C,1ey0,K134C,134,K,C
0.3,1ey0_K134F,1ey0,K134F,134,K,F
2.12,1f6r_H32A,1f6r,H32A,32,H,A
-0.07,1f6r_H32Y,1f6r,H32Y,32,H,Y
0.93,1f6r_V42A,1f6r,V42A,42,V,A
1.15,1f6r_V42G,1f6r,V42G,42,V,G
0.24,1f6r_V42N,1f6r,V42N,42,V,N
0.41,1f6r_Q54A,1f6r,Q54A,54,Q,A
0.93,1f6r_I59W,1f6r,I59W,59,I,W
2.56,1f6r_Y103A,1f6r,Y103A,103,Y,A
0.26,1f6r_Y103P,1f6r,Y103P,103,Y,P
2.44,1f6r_W104Y,1f6r,W104Y,104,W,Y
1.05,1f6r_A106S,1f6r,A106S,106,A,S
0.79,1f6r_H107A,1f6r,H107A,107,H,A
1.72,1f6r_H107W,1f6r,H107W,107,H,W
0.19,1f6r_H107Y,1f6r,H107Y,107,H,Y
0.19,1f6r_L110E,1f6r,L110E,110,L,E
-1.39,1f6r_L110H,1f6r,L110H,110,L,H
-0.43,1f6r_L110R,1f6r,L110R,110,L,R
0.65,1f6r_K114E,1f6r,K114E,114,K,E
-2.65,1f6r_K114N,1f6r,K114N,114,K,N
0.6,1f6r_K114Q,1f6r,K114Q,114,K,Q
0.96,1f6r_Q117A,1f6r,Q117A,117,Q,A
0.6,1f6r_W118H,1f6r,W118H,118,W,H
1.17,1f6r_W118Y,1f6r,W118Y,118,W,Y
6.82,1fvk_P151A,1fvk,P151A,151,P,A
-0.72,1gv5_V103I,1gv5,V103I,103,V,I
0.53,1h7m_D2A,1h7m,D2A,2,D,A
0.89,1h7m_E6A,1h7m,E6A,6,E,A
0.76,1h7m_R8A,1h7m,R8A,8,R,A
0.62,1h7m_K9A,1h7m,K9A,9,K,A
0.49,1h7m_K9M,1h7m,K9M,9,K,M
-0.24,1h7m_D12A,1h7m,D12A,12,D,A
0.91,1h7m_K15A,1h7m,K15A,15,K,A
-0.07,1h7m_R21A,1h7m,R21A,21,R,A
-0.43,1h7m_K22A,1h7m,K22A,22,K,A
1.2,1h7m_K28A,1h7m,K28A,28,K,A
-0.12,1h7m_K33A,1h7m,K33A,33,K,A
0.07,1h7m_R39A,1h7m,R39A,39,R,A
-0.33,1h7m_R42A,1h7m,R42A,42,R,A
-0.05,1h7m_D44A,1h7m,D44A,44,D,A
1.09,1h7m_K46A,1h7m,K46A,46,K,A
0.05,1h7m_E47A,1h7m,E47A,47,E,A
-0.36,1h7m_D48A,1h7m,D48A,48,D,A
-0.57,1h7m_E50A,1h7m,E50A,50,E,A
0.26,1h7m_R54A,1h7m,R54A,54,R,A
1.29,1h7m_E62A,1h7m,E62A,62,E,A
0.26,1h7m_E64A,1h7m,E64A,64,E,A
0.74,1h7m_E69A,1h7m,E69A,69,E,A
-0.19,1h7m_R76A,1h7m,R76A,76,R,A
0.5,1h7m_H78A,1h7m,H78A,78,H,A
1.36,1h7m_D87A,1h7m,D87A,87,D,A
0.45,1h7m_E90A,1h7m,E90A,90,E,A
0.52,1h7m_R92A,1h7m,R92A,92,R,A
0.79,1h7m_R92M,1h7m,R92M,92,R,M
1.6,1hfy_T38A,1hfy,T38A,38,T,A
1.24,1ihb_F37H,1ihb,F37H,37,F,H
0.32,1ihb_R55V,1ihb,R55V,55,R,V
-0.71,1ihb_F71N,1ihb,F71N,71,F,N
0.46,1ihb_F82Q,1ihb,F82Q,82,F,Q
1.08,1ihb_F92N,1ihb,F92N,92,F,N
2.91,1io2_I6A,1io2,I6A,6,I,A
-1.67,1io2_D7N,1io2,D7N,7,D,N
-2.65,1io2_E8A,1io2,E8A,8,E,A
-0.6,1io2_E8Q,1io2,E8Q,8,E,Q
2.12,1io2_I15A,1io2,I15A,15,I,A
4.42,1io2_I20A,1io2,I20A,20,I,A
4.54,1io2_L33A,1io2,L33A,33,L,A
3.97,1io2_I56A,1io2,I56A,56,I,A
2.87,1io2_L92A,1io2,L92A,92,L,A
4.04,1io2_I102A,1io2,I102A,102,I,A
-1.58,1io2_D105A,1io2,D105A,105,D,A
5.26,1io2_L118A,1io2,L118A,118,L,A
-2.56,1io2_D135A,1io2,D135A,135,D,A
2.61,1io2_L147A,1io2,L147A,147,L,A
0.2,1jiw_A8P,1jiw,A8P,8,A,P
0.7,1jiw_D10A,1jiw,D10A,10,D,A
0.5,1jiw_D10P,1jiw,D10P,10,D,P
2.3,1jiw_W15F,1jiw,W15F,15,W,F
3.4,1jnx_R1699W,1jnx,R1699W,1699,R,W
4.19,1jnx_M1775R,1jnx,M1775R,1775,M,R
1.7,1jnx_V1833M,1jnx,V1833M,1833,V,M
0.7,1ke4_Y150F,1ke4,Y150F,150,Y,F
3.72,1kf2_V47A,1kf2,V47A,47,V,A
2.58,1kf2_V54A,1kf2,V54A,54,V,A
4.87,1kf2_V54G,1kf2,V54G,54,V,G
1.95,1kf2_V54I,1kf2,V54I,54,V,I
1.08,1kf2_V54L,1kf2,V54L,54,V,L
2.85,1kf2_V57A,1kf2,V57A,57,V,A
5.52,1kf2_V57G,1kf2,V57G,57,V,G
1.3,1kf2_V57I,1kf2,V57I,57,V,I
2.37,1kf2_V57L,1kf2,V57L,57,V,L
2.02,1kf2_V63A,1kf2,V63A,63,V,A
3.5,1kf2_V63G,1kf2,V63G,63,V,G
0.43,1kf2_A64G,1kf2,A64G,64,A,G
2.99,1kf2_I81A,1kf2,I81A,81,I,A
4.8,1kf2_I81G,1kf2,I81G,81,I,G
0.43,1kf2_I81V,1kf2,I81V,81,I,V
3.54,1kf2_Y97F,1kf2,Y97F,97,Y,F
4.37,1kf2_I106A,1kf2,I106A,106,I,A
1.79,1kf2_I106L,1kf2,I106L,106,I,L
0.8,1kf2_I106V,1kf2,I106V,106,I,V
2.84,1kf2_I107A,1kf2,I107A,107,I,A
2.19,1kf2_I107L,1kf2,I107L,107,I,L
0.08,1kf2_I107V,1kf2,I107V,107,I,V
4.2,1kf2_V108A,1kf2,V108A,108,V,A
0.43,1kf2_V108I,1kf2,V108I,108,V,I
0.7,1kf2_V108L,1kf2,V108L,108,V,L
0.43,1kf2_A109G,1kf2,A109G,109,A,G
0.66,1kf2_V116A,1kf2,V116A,116,V,A
1.18,1kf2_V116G,1kf2,V116G,116,V,G
1.92,1kf2_V118A,1kf2,V118A,118,V,A
2.77,1kf2_V118G,1kf2,V118G,118,V,G
3.2,1kf3_F46L,1kf3,F46L,46,F,L
4.54,1kf3_F46V,1kf3,F46V,46,F,V
-0.61,1kf3_N67D,1kf3,N67D,67,N,D
2.5,1kf3_S75A,1kf3,S75A,75,S,A
2.8,1kf3_S75T,1kf3,S75T,75,S,T
2.2,1kf3_P93G,1kf3,P93G,93,P,G
3.3,1kf3_P114G,1kf3,P114G,114,P,G
0.51,1kf5_A4S,1kf5,A4S,4,A,S
0.37,1kf5_A5S,1kf5,A5S,5,A,S
-0.46,1kf5_S123A,1kf5,S123A,123,S,A
-0.5,1kfw_G92P,1kfw,G92P,92,G,P
-0.8,1kfw_N197K,1kfw,N197K,197,N,K
-0.62,1kfw_G405Q,1kfw,G405Q,405,G,Q
1.22,1l63_M6A,1l63,M6A,6,M,A
4.98,1l63_M6L,1l63,M6L,6,M,L
2.26,1l63_L7A,1l63,L7A,7,L,A
0.71,1l63_E11H,1l63,E11H,11,E,H
1.43,1l63_E11N,1l63,E11N,11,E,N
0.03,1l63_R14K,1l63,R14K,14,R,K
4.21,1l63_I17A,1l63,I17A,17,I,A
3.28,1l63_I17M,1l63,I17M,17,I,M
0.5,1l63_D20A,1l63,D20A,20,D,A
-1.11,1l63_D20N,1l63,D20N,20,D,N
0.18,1l63_D20S,1l63,D20S,20,D,S
-0.58,1l63_D20T,1l63,D20T,20,D,T
-0.57,1l63_E22K,1l63,E22K,22,E,K
-0.57,1l63_T26S,1l63,T26S,26,T,S
3.1,1l63_I27A,1l63,I27A,27,I,A
7.09,1l63_I27M,1l63,I27M,27,I,M
2.2,1l63_G28A,1l63,G28A,28,G,A
2.6,1l63_I29A,1l63,I29A,29,I,A
5.17,1l63_L33A,1l63,L33A,33,L,A
2.64,1l63_L33M,1l63,L33M,33,L,M
0.0,1l63_S38N,1l63,S38N,38,S,N
0.9,1l63_L39A,1l63,L39A,39,L,A
0.17,1l63_N40A,1l63,N40A,40,N,A
-0.44,1l63_N40D,1l63,N40D,40,N,D
-0.29,1l63_A41D,1l63,A41D,41,A,D
0.76,1l63_A41S,1l63,A41S,41,A,S
5.18,1l63_A42F,1l63,A42F,42,A,F
4.4,1l63_A42I,1l63,A42I,42,A,I
5.1,1l63_A42L,1l63,A42L,42,A,L
3.7,1l63_A42K,1l63,A42K,42,A,K
3.54,1l63_A42V,1l63,A42V,42,A,V
2.56,1l63_A42S,1l63,A42S,42,A,S
2.17,1l63_K43A,1l63,K43A,43,K,A
-0.43,1l63_S44A,1l63,S44A,44,S,A
0.11,1l63_S44C,1l63,S44C,44,S,C
0.11,1l63_S44D,1l63,S44D,44,S,D
0.0,1l63_S44E,1l63,S44E,44,S,E
-0.06,1l63_S44F,1l63,S44F,44,S,F
0.53,1l63_S44G,1l63,S44G,44,S,G
-0.04,1l63_S44H,1l63,S44H,44,S,H
-0.31,1l63_S44I,1l63,S44I,44,S,I
-0.2,1l63_S44K,1l63,S44K,44,S,K
-0.39,1l63_S44L,1l63,S44L,44,S,L
-0.33,1l63_S44M,1l63,S44M,44,S,M
0.14,1l63_S44N,1l63,S44N,44,S,N
3.03,1l63_S44P,1l63,S44P,44,S,P
-0.27,1l63_S44Q,1l63,S44Q,44,S,Q
-0.24,1l63_S44R,1l63,S44R,44,S,R
-0.01,1l63_S44T,1l63,S44T,44,S,T
-0.1,1l63_S44V,1l63,S44V,44,S,V
-0.05,1l63_S44W,1l63,S44W,44,S,W
-0.19,1l63_S44Y,1l63,S44Y,44,S,Y
0.33,1l63_E45A,1l63,E45A,45,E,A
4.21,1l63_L46A,1l63,L46A,46,L,A
1.64,1l63_D47A,1l63,D47A,47,D,A
1.92,1l63_K48A,1l63,K48A,48,K,A
0.42,1l63_A49S,1l63,A49S,49,A,S
1.75,1l63_I50A,1l63,I50A,50,I,A
1.19,1l63_I50M,1l63,I50M,50,I,M
3.2,1l63_I58A,1l63,I58A,58,I,A
3.4,1l63_I58T,1l63,I58T,58,I,T
1.5,1l63_T59A,1l63,T59A,59,T,A
1.2,1l63_T59D,1l63,T59D,59,T,D
1.6,1l63_T59G,1l63,T59G,59,T,G
1.1,1l63_T59N,1l63,T59N,59,T,N
0.2,1l63_T59S,1l63,T59S,59,T,S
1.5,1l63_T59V,1l63,T59V,59,T,V
0.1,1l63_K60H,1l63,K60H,60,K,H
5.08,1l63_L66A,1l63,L66A,66,L,A
1.03,1l63_L66M,1l63,L66M,66,L,M
1.9,1l63_F67A,1l63,F67A,67,F,A
2.9,1l63_Q69P,1l63,Q69P,69,Q,P
1.5,1l63_V71A,1l63,V71A,71,V,A
2.7,1l63_D72P,1l63,D72P,72,D,P
0.31,1l63_A73S,1l63,A73S,73,A,S
4.6,1l63_A74P,1l63,A74P,74,A,P
0.49,1l63_V75T,1l63,V75T,75,V,T
0.57,1l63_I78A,1l63,I78A,78,I,A
1.62,1l63_I78M,1l63,I78M,78,I,M
0.68,1l63_I78V,1l63,I78V,78,I,V
0.17,1l63_R80K,1l63,R80K,80,R,K
0.2,1l63_A82S,1l63,A82S,82,A,S
0.4,1l63_K83H,1l63,K83H,83,K,H
3.53,1l63_L84A,1l63,L84A,84,L,A
2.42,1l63_L84M,1l63,L84M,84,L,M
0.57,1l63_V87A,1l63,V87A,87,V,A
0.63,1l63_V87I,1l63,V87I,87,V,I
2.16,1l63_V87M,1l63,V87M,87,V,M
1.17,1l63_V87T,1l63,V87T,87,V,T
1.1,1l63_S90H,1l63,S90H,90,S,H
2.22,1l63_L91A,1l63,L91A,91,L,A
0.66,1l63_L91M,1l63,L91M,91,L,M
1.4,1l63_D92N,1l63,D92N,92,D,N
0.14,1l63_A93S,1l63,A93S,93,A,S
-0.06,1l63_A93T,1l63,A93T,93,A,T
1.8,1l63_V94A,1l63,V94A,94,V,A
2.08,1l63_A98S,1l63,A98S,98,A,S
1.06,1l63_A98C,1l63,A98C,98,A,C
4.0,1l63_A98M,1l63,A98M,98,A,M
4.43,1l63_A98V,1l63,A98V,98,A,V
3.34,1l63_L99A,1l63,L99A,99,L,A
0.3,1l63_L99F,1l63,L99F,99,L,F
1.5,1l63_L99I,1l63,L99I,99,L,I
-0.41,1l63_L99M,1l63,L99M,99,L,M
2.0,1l63_L99V,1l63,L99V,99,L,V
1.7,1l63_I100A,1l63,I100A,100,I,A
0.8,1l63_I100M,1l63,I100M,100,I,M
0.4,1l63_I100V,1l63,I100V,100,I,V
1.5,1l63_N101A,1l63,N101A,101,N,A
2.76,1l63_M102A,1l63,M102A,102,M,A
1.71,1l63_M102L,1l63,M102L,102,M,L
1.11,1l63_V103A,1l63,V103A,103,V,A
0.26,1l63_V103I,1l63,V103I,103,V,I
1.6,1l63_V103M,1l63,V103M,103,V,M
2.62,1l63_F104A,1l63,F104A,104,F,A
1.08,1l63_F104M,1l63,F104M,104,F,M
1.2,1l63_Q105M,1l63,Q105M,105,Q,M
2.0,1l63_M106A,1l63,M106A,106,M,A
-0.02,1l63_M106I,1l63,M106I,106,M,I
3.5,1l63_M106K,1l63,M106K,106,M,K
0.0,1l63_M106L,1l63,M106L,106,M,L
-0.26,1l63_E108V,1l63,E108V,108,E,V
-0.6,1l63_T109D,1l63,T109D,109,T,D
-0.1,1l63_T109N,1l63,T109N,109,T,N
0.94,1l63_V111A,1l63,V111A,111,V,A
1.69,1l63_V111F,1l63,V111F,111,V,F
0.85,1l63_V111I,1l63,V111I,111,V,I
0.43,1l63_V111M,1l63,V111M,111,V,M
-0.3,1l63_G113E,1l63,G113E,113,G,E
0.14,1l63_T115A,1l63,T115A,115,T,A
-0.17,1l63_N116A,1l63,N116A,116,N,A
-1.27,1l63_S117A,1l63,S117A,117,S,A
-1.1,1l63_S117F,1l63,S117F,117,S,F
2.71,1l63_L118A,1l63,L118A,118,L,A
1.18,1l63_L118I,1l63,L118I,118,L,I
0.08,1l63_L118M,1l63,L118M,118,L,M
0.18,1l63_R119A,1l63,R119A,119,R,A
0.29,1l63_R119H,1l63,R119H,119,R,H
0.2,1l63_M120A,1l63,M120A,120,M,A
1.98,1l63_M120K,1l63,M120K,120,M,K
-0.42,1l63_M120L,1l63,M120L,120,M,L
0.72,1l63_M120Y,1l63,M120Y,120,M,Y
2.67,1l63_L121A,1l63,L121A,121,L,A
0.21,1l63_L121M,1l63,L121M,121,L,M
0.24,1l63_Q122A,1l63,Q122A,122,Q,A
0.22,1l63_Q123A,1l63,Q123A,123,Q,A
1.93,1l63_A129L,1l63,A129L,129,A,L
2.53,1l63_A129M,1l63,A129M,129,A,M
1.85,1l63_A129F,1l63,A129F,129,A,F
3.2,1l63_A129W,1l63,A129W,129,A,W
0.81,1l63_A130S,1l63,A130S,130,A,S
7.52,1l63_L133D,1l63,L133D,133,L,D
0.27,1l63_L133F,1l63,L133F,133,L,F
0.27,1l63_L133M,1l63,L133M,133,L,M
0.21,1l63_A134S,1l63,A134S,134,A,S
-0.3,1l63_N144H,1l63,N144H,144,N,H
-0.5,1l63_N144E,1l63,N144E,144,N,E
0.71,1l63_V149A,1l63,V149A,149,V,A
2.0,1l63_V149C,1l63,V149C,149,V,C
4.9,1l63_V149G,1l63,V149G,149,V,G
0.48,1l63_V149I,1l63,V149I,149,V,I
2.44,1l63_V149M,1l63,V149M,149,V,M
4.4,1l63_V149S,1l63,V149S,149,V,S
3.0,1l63_V149T,1l63,V149T,149,V,T
-0.39,1l63_T151S,1l63,T151S,151,T,S
1.5,1l63_T152A,1l63,T152A,152,T,A
0.5,1l63_T152C,1l63,T152C,152,T,C
0.4,1l63_T152I,1l63,T152I,152,T,I
2.0,1l63_T152S,1l63,T152S,152,T,S
-0.2,1l63_T152V,1l63,T152V,152,T,V
2.84,1l63_F153A,1l63,F153A,153,F,A
0.2,1l63_F153I,1l63,F153I,153,F,I
-0.3,1l63_F153L,1l63,F153L,153,F,L
0.3,1l63_F153M,1l63,F153M,153,F,M
1.8,1l63_F153V,1l63,F153V,153,F,V
1.8,1lhm_V2A,1lhm,V2A,2,V,A
0.37,1lhm_I23V,1lhm,I23V,23,I,V
1.18,1lhm_I56V,1lhm,I56V,56,I,V
1.06,1lhm_I59A,1lhm,I59A,59,I,A
1.2,1lhm_I59V,1lhm,I59V,59,I,V
0.67,1lhm_V74A,1lhm,V74A,74,V,A
0.67,1lhm_I89V,1lhm,I89V,89,I,V
0.79,1lhm_V93A,1lhm,V93A,93,V,A
1.21,1lhm_V99A,1lhm,V99A,99,V,A
1.08,1lhm_V100A,1lhm,V100A,100,V,A
1.31,1lhm_I106V,1lhm,I106V,106,I,V
-0.12,1lhm_V110A,1lhm,V110A,110,V,A
1.96,1lhm_V121A,1lhm,V121A,121,V,A
1.06,1lhm_V125A,1lhm,V125A,125,V,A
0.93,1lhm_V130A,1lhm,V130A,130,V,A
0.9,1lni_V2T,1lni,V2T,2,V,T
0.0,1lni_T5V,1lni,T5V,5,T,V
-0.3,1lni_T16V,1lni,T16V,16,T,V
1.4,1lni_T18V,1lni,T18V,18,T,V
-0.9,1lni_D25K,1lni,D25K,25,D,K
4.05,1lni_D33A,1lni,D33A,33,D,A
1.3,1lni_V36T,1lni,V36T,36,V,T
-1.0,1lni_Q38A,1lni,Q38A,38,Q,A
2.2,1lni_N39A,1lni,N39A,39,N,A
1.5,1lni_N39D,1lni,N39D,39,N,D
2.3,1lni_N39S,1lni,N39S,39,N,S
0.7,1lni_E41K,1lni,E41K,41,E,K
0.5,1lni_V43T,1lni,V43T,43,V,T
1.7,1lni_E54Q,1lni,E54Q,54,E,Q
1.9,1lni_T56V,1lni,T56V,56,T,V
4.4,1lni_V57T,1lni,V57T,57,V,T
1.7,1lni_T59V,1lni,T59V,59,T,V
1.0,1lni_R65A,1lni,R65A,65,R,A
0.0,1lni_T67V,1lni,T67V,67,T,V
0.2,1lni_T72V,1lni,T72V,72,T,V
-1.1,1lni_E74K,1lni,E74K,74,E,K
-1.47,1lni_D79A,1lni,D79A,79,D,A
-1.26,1lni_D79E,1lni,D79E,79,D,E
-1.06,1lni_D79F,1lni,D79F,79,D,F
-1.21,1lni_D79H,1lni,D79H,79,D,H
-1.02,1lni_D79I,1lni,D79I,79,D,I
-0.73,1lni_D79K,1lni,D79K,79,D,K
0.39,1lni_D79L,1lni,D79L,79,D,L
-1.21,1lni_D79N,1lni,D79N,79,D,N
0.19,1lni_D79R,1lni,D79R,79,D,R
-0.73,1lni_D79W,1lni,D79W,79,D,W
-0.53,1lni_D79Y,1lni,D79Y,79,D,Y
1.7,1lni_T82V,1lni,T82V,82,T,V
0.0,1lni_H85Q,1lni,H85Q,85,H,Q
-0.49,1lni_Q94K,1lni,Q94K,94,Q,K
2.3,1lz1_K1A,1lz1,K1A,1,K,A
1.39,1lz1_K1M,1lz1,K1M,1,K,M
0.76,1lz1_V2A,1lz1,V2A,2,V,A
0.84,1lz1_V2D,1lz1,V2D,2,V,D
0.84,1lz1_V2F,1lz1,V2F,2,V,F
1.3,1lz1_V2G,1lz1,V2G,2,V,G
0.41,1lz1_V2I,1lz1,V2I,2,V,I
-0.31,1lz1_V2L,1lz1,V2L,2,V,L
0.22,1lz1_V2M,1lz1,V2M,2,V,M
0.77,1lz1_V2N,1lz1,V2N,2,V,N
0.64,1lz1_V2R,1lz1,V2R,2,V,R
0.81,1lz1_V2S,1lz1,V2S,2,V,S
1.6,1lz1_V2Y,1lz1,V2Y,2,V,Y
1.43,1lz1_E7Q,1lz1,E7Q,7,E,Q
2.24,1lz1_L8T,1lz1,L8T,8,L,T
0.18,1lz1_A9S,1lz1,A9S,9,A,S
0.0,1lz1_T11A,1lz1,T11A,11,T,A
-0.07,1lz1_T11V,1lz1,T11V,11,T,V
1.69,1lz1_G16A,1lz1,G16A,16,G,A
1.7,1lz1_D18N,1lz1,D18N,18,D,N
1.04,1lz1_G19A,1lz1,G19A,19,G,A
0.42,1lz1_Y20F,1lz1,Y20F,20,Y,F
1.48,1lz1_R21A,1lz1,R21A,21,R,A
0.72,1lz1_R21G,1lz1,R21G,21,R,G
3.48,1lz1_G22A,1lz1,G22A,22,G,A
0.73,1lz1_I23A,1lz1,I23A,23,I,A
0.36,1lz1_I23V,1lz1,I23V,23,I,V
0.46,1lz1_S24A,1lz1,S24A,24,S,A
1.13,1lz1_A32L,1lz1,A32L,32,A,L
0.67,1lz1_A32S,1lz1,A32S,32,A,S
0.74,1lz1_E35L,1lz1,E35L,35,E,L
0.46,1lz1_S36A,1lz1,S36A,36,S,A
0.74,1lz1_G37A,1lz1,G37A,37,G,A
-0.18,1lz1_G37Q,1lz1,G37Q,37,G,Q
2.77,1lz1_Y38A,1lz1,Y38A,38,Y,A
-0.56,1lz1_Y38F,1lz1,Y38F,38,Y,F
2.54,1lz1_Y38G,1lz1,Y38G,38,Y,G
1.24,1lz1_T40A,1lz1,T40A,40,T,A
1.02,1lz1_T40V,1lz1,T40V,40,T,V
-0.16,1lz1_T43A,1lz1,T43A,43,T,A
0.27,1lz1_T43V,1lz1,T43V,43,T,V
-0.98,1lz1_Y45F,1lz1,Y45F,45,Y,F
0.02,1lz1_A47P,1lz1,A47P,47,A,P
1.53,1lz1_G48A,1lz1,G48A,48,G,A
1.0,1lz1_D49N,1lz1,D49N,49,D,N
0.63,1lz1_R50A,1lz1,R50A,50,R,A
1.08,1lz1_R50G,1lz1,R50G,50,R,G
-0.01,1lz1_S51A,1lz1,S51A,51,S,A
-0.38,1lz1_T52A,1lz1,T52A,52,T,A
0.44,1lz1_T52V,1lz1,T52V,52,T,V
0.98,1lz1_Y54F,1lz1,Y54F,54,Y,F
2.32,1lz1_I56A,1lz1,I56A,56,I,A
3.54,1lz1_I56F,1lz1,I56F,56,I,F
0.41,1lz1_I56L,1lz1,I56L,56,I,L
1.49,1lz1_I56M,1lz1,I56M,56,I,M
2.31,1lz1_I56T,1lz1,I56T,56,I,T
0.0,1lz1_I56V,1lz1,I56V,56,I,V
1.23,1lz1_Q58A,1lz1,Q58A,58,Q,A
-1.61,1lz1_Q58G,1lz1,Q58G,58,Q,G
0.36,1lz1_I59A,1lz1,I59A,59,I,A
0.67,1lz1_I59F,1lz1,I59F,59,I,F
2.17,1lz1_I59G,1lz1,I59G,59,I,G
-0.7,1lz1_I59L,1lz1,I59L,59,I,L
0.8,1lz1_I59M,1lz1,I59M,59,I,M
2.05,1lz1_I59S,1lz1,I59S,59,I,S
1.0,1lz1_I59T,1lz1,I59T,59,I,T
1.19,1lz1_I59V,1lz1,I59V,59,I,V
3.16,1lz1_I59Y,1lz1,I59Y,59,I,Y
0.5,1lz1_S61A,1lz1,S61A,61,S,A
0.35,1lz1_Y63F,1lz1,Y63F,63,Y,F
2.25,1lz1_D67N,1lz1,D67N,67,D,N
0.97,1lz1_G68A,1lz1,G68A,68,G,A
0.58,1lz1_T70A,1lz1,T70A,70,T,A
0.62,1lz1_T70V,1lz1,T70V,70,T,V
0.51,1lz1_P71G,1lz1,P71G,71,P,G
0.31,1lz1_G72A,1lz1,G72A,72,G,A
-0.07,1lz1_V74A,1lz1,V74A,74,V,A
0.98,1lz1_V74D,1lz1,V74D,74,V,D
0.04,1lz1_V74F,1lz1,V74F,74,V,F
0.25,1lz1_V74G,1lz1,V74G,74,V,G
1.93,1lz1_V74I,1lz1,V74I,74,V,I
0.4,1lz1_V74L,1lz1,V74L,74,V,L
0.35,1lz1_V74M,1lz1,V74M,74,V,M
-1.16,1lz1_V74N,1lz1,V74N,74,V,N
1.44,1lz1_V74R,1lz1,V74R,74,V,R
0.0,1lz1_V74S,1lz1,V74S,74,V,S
1.13,1lz1_V74Y,1lz1,V74Y,74,V,Y
1.2,1lz1_H78A,1lz1,H78A,78,H,A
0.76,1lz1_H78G,1lz1,H78G,78,H,G
-0.82,1lz1_S80A,1lz1,S80A,80,S,A
-0.98,1lz1_S82A,1lz1,S82A,82,S,A
1.73,1lz1_I89A,1lz1,I89A,89,I,A
0.67,1lz1_I89V,1lz1,I89V,89,I,V
0.7,1lz1_D91P,1lz1,D91P,91,D,P
2.2,1lz1_A92S,1lz1,A92S,92,A,S
0.46,1lz1_V93A,1lz1,V93A,93,V,A
0.78,1lz1_V93T,1lz1,V93T,93,V,T
1.15,1lz1_A96M,1lz1,A96M,96,A,M
0.98,1lz1_A96S,1lz1,A96S,96,A,S
0.72,1lz1_V99A,1lz1,V99A,99,V,A
0.89,1lz1_V99T,1lz1,V99T,99,V,T
-0.82,1lz1_V100A,1lz1,V100A,100,V,A
2.42,1lz1_V100F,1lz1,V100F,100,V,F
0.82,1lz1_V100T,1lz1,V100T,100,V,T
0.67,1lz1_D102N,1lz1,D102N,102,D,N
0.07,1lz1_P103G,1lz1,P103G,103,P,G
1.06,1lz1_G105A,1lz1,G105A,105,G,A
0.8,1lz1_I106A,1lz1,I106A,106,I,A
1.31,1lz1_I106V,1lz1,I106V,106,I,V
-1.24,1lz1_V110A,1lz1,V110A,110,V,A
2.6,1lz1_V110D,1lz1,V110D,110,V,D
1.88,1lz1_V110F,1lz1,V110F,110,V,F
2.18,1lz1_V110G,1lz1,V110G,110,V,G
0.81,1lz1_V110I,1lz1,V110I,110,V,I
-0.08,1lz1_V110L,1lz1,V110L,110,V,L
-0.35,1lz1_V110M,1lz1,V110M,110,V,M
0.48,1lz1_V110N,1lz1,V110N,110,V,N
-0.16,1lz1_V110P,1lz1,V110P,110,V,P
1.58,1lz1_V110R,1lz1,V110R,110,V,R
0.84,1lz1_V110Y,1lz1,V110Y,110,V,Y
0.26,1lz1_N118A,1lz1,N118A,118,N,A
1.68,1lz1_N118G,1lz1,N118G,118,N,G
0.67,1lz1_D120N,1lz1,D120N,120,D,N
0.9,1lz1_V121A,1lz1,V121A,121,V,A
-0.15,1lz1_Y124F,1lz1,Y124F,124,Y,F
0.04,1lz1_V125A,1lz1,V125A,125,V,A
0.5,1lz1_G127A,1lz1,G127A,127,G,A
0.94,1lz1_G129A,1lz1,G129A,129,G,A
0.5,1lz1_V130A,1lz1,V130A,130,V,A
-0.2,1mjc_Y42W,1mjc,Y42W,42,Y,W
0.2,1mjc_S52W,1mjc,S52W,52,S,W
-0.7,1mjc_T68W,1mjc,T68W,68,T,W
2.22,1onc_M23L,1onc,M23L,23,M,L
5.04,1onc_F28A,1onc,F28A,28,F,A
4.92,1onc_F28T,1onc,F28T,28,F,T
3.7,1onc_F36Y,1onc,F36Y,36,F,Y
2.7,1pga_T2P,1pga,T2P,2,T,P
1.53,1pga_I6N,1pga,I6N,6,I,N
1.6,1pga_I6T,1pga,I6T,6,I,T
2.4,1pga_G9P,1pga,G9P,9,G,P
0.2,1pga_K10P,1pga,K10P,10,K,P
-0.5,1pga_V21P,1pga,V21P,21,V,P
0.3,1pga_A23P,1pga,A23P,23,A,P
0.5,1pga_A24P,1pga,A24P,24,A,P
0.7,1pga_A48P,1pga,A48P,48,A,P
-1.01,1pga_T53F,1pga,T53F,53,T,F
0.3,1pga_T53I,1pga,T53I,53,T,I
0.8,1pga_T53V,1pga,T53V,53,T,V
-0.5,1pga_T53Y,1pga,T53Y,53,T,Y
-1.6,1poh_K49A,1poh,K49A,49,K,A
-1.8,1poh_K49D,1poh,K49D,49,K,D
-2.1,1poh_K49E,1poh,K49E,49,K,E
-1.2,1poh_K49G,1poh,K49G,49,K,G
-1.0,1poh_K49M,1poh,K49M,49,K,M
-0.4,1poh_K49N,1poh,K49N,49,K,N
-1.5,1poh_K49Q,1poh,K49Q,49,K,Q
0.2,1poh_K49R,1poh,K49R,49,K,R
-1.2,1poh_K49S,1poh,K49S,49,K,S
2.52,1rbp_W24F,1rbp,W24F,24,W,F
2.6,1rbp_W24L,1rbp,W24L,24,W,L
2.2,1rbp_W24Y,1rbp,W24Y,24,W,Y
0.1,1rbp_W91H,1rbp,W91H,91,W,H
0.44,1rbp_W105F,1rbp,W105F,105,W,F
2.6,1rbp_R139Q,1rbp,R139Q,139,R,Q
2.34,1rn1_V16A,1rn1,V16A,16,V,A
4.99,1rn1_V16C,1rn1,V16C,16,V,C
4.69,1rn1_V16S,1rn1,V16S,16,V,S
3.65,1rn1_V16T,1rn1,V16T,16,V,T
-1.24,1rn1_Y24W,1rn1,Y24W,24,Y,W
-1.4,1rn1_Q25K,1rn1,Q25K,25,Q,K
0.26,1rn1_H40T,1rn1,H40T,40,H,T
0.14,1rn1_Y42W,1rn1,Y42W,42,Y,W
1.6,1rn1_N44A,1rn1,N44A,44,N,A
1.6,1rn1_N44D,1rn1,N44D,44,N,D
1.5,1rn1_N44S,1rn1,N44S,44,N,S
-0.74,1rn1_Y45W,1rn1,Y45W,45,Y,W
-0.5,1rn1_D49A,1rn1,D49A,49,D,A
0.4,1rn1_D49F,1rn1,D49F,49,D,F
-1.1,1rn1_D49H,1rn1,D49H,49,D,H
0.5,1rn1_D49Y,1rn1,D49Y,49,D,Y
0.9,1rn1_D49W,1rn1,D49W,49,D,W
1.0,1rn1_E58A,1rn1,E58A,58,E,A
0.93,1rn1_W59Y,1rn1,W59Y,59,W,Y
3.8,1rn1_D76A,1rn1,D76A,76,D,A
3.1,1rn1_D76N,1rn1,D76N,76,D,N
3.1,1rn1_D76S,1rn1,D76S,76,D,S
4.08,1rn1_V78A,1rn1,V78A,78,V,A
4.87,1rn1_V78S,1rn1,V78S,78,V,S
3.59,1rn1_V78T,1rn1,V78T,78,V,T
3.54,1rn1_V89C,1rn1,V89C,89,V,C
3.07,1rn1_V89T,1rn1,V89T,89,V,T
1.53,1rn1_H92A,1rn1,H92A,92,H,A
0.74,1rro_P21A,1rro,P21A,21,P,A
0.74,1rro_P26A,1rro,P26A,26,P,A
1.92,1rtp_A21P,1rtp,A21P,21,A,P
-1.25,1rtp_H26P,1rtp,H26P,26,H,P
0.29,1rtp_K80S,1rtp,K80S,80,K,S
1.34,1shf_F87A,1shf,F87A,87,F,A
1.99,1shf_F87L,1shf,F87L,87,F,L
0.47,1shf_F87V,1shf,F87V,87,F,V
1.56,1shf_A89G,1shf,A89G,89,A,G
1.26,1shf_A89S,1shf,A89S,89,A,S
1.2,1shf_L101F,1shf,L101F,101,L,F
0.69,1shf_L101I,1shf,L101I,101,L,I
1.63,1shf_L101V,1shf,L101V,101,L,V
1.11,1shf_F103L,1shf,F103L,103,F,L
1.88,1shf_F103V,1shf,F103V,103,F,V
1.27,1shf_E107A,1shf,E107A,107,E,A
-0.68,1shf_E107D,1shf,E107D,107,E,D
1.63,1shf_E107F,1shf,E107F,107,E,F
0.99,1shf_E107H,1shf,E107H,107,E,H
0.97,1shf_E107K,1shf,E107K,107,E,K
1.71,1shf_E107P,1shf,E107P,107,E,P
0.74,1shf_E107Q,1shf,E107Q,107,E,Q
1.64,1shf_E107S,1shf,E107S,107,E,S
0.6,1shf_E107T,1shf,E107T,107,E,T
2.0,1shf_E107V,1shf,E107V,107,E,V
2.4,1shf_E107Y,1shf,E107Y,107,E,Y
1.99,1shf_F109I,1shf,F109I,109,F,I
0.76,1shf_F109L,1shf,F109L,109,F,L
2.11,1shf_F109V,1shf,F109V,109,F,V
1.01,1shf_I111L,1shf,I111L,111,I,L
0.16,1shf_I111V,1shf,I111V,111,I,V
0.55,1shf_W120F,1shf,W120F,120,W,F
0.4,1shf_W120L,1shf,W120L,120,W,L
0.99,1shf_W120V,1shf,W120V,120,W,V
1.35,1shf_A122G,1shf,A122G,122,A,G
-0.18,1shf_A122V,1shf,A122V,122,A,V
0.71,1shf_S124A,1shf,S124A,124,S,A
1.9,1shf_S124F,1shf,S124F,124,S,F
1.25,1shf_S124H,1shf,S124H,124,S,H
1.41,1shf_S124I,1shf,S124I,124,S,I
-0.11,1shf_S124K,1shf,S124K,124,S,K
0.37,1shf_S124L,1shf,S124L,124,S,L
0.73,1shf_S124N,1shf,S124N,124,S,N
0.18,1shf_S124R,1shf,S124R,124,S,R
1.65,1shf_S124T,1shf,S124T,124,S,T
1.1,1shf_S124V,1shf,S124V,124,S,V
2.27,1shf_S124Y,1shf,S124Y,124,S,Y
0.75,1shf_I133L,1shf,I133L,133,I,L
0.04,1shf_I133V,1shf,I133V,133,I,V
2.13,1shf_V138A,1shf,V138A,138,V,A
0.73,1shf_V138F,1shf,V138F,138,V,F
-0.17,1shf_V138I,1shf,V138I,138,V,I
0.12,1shf_V138L,1shf,V138L,138,V,L
0.46,1shg_N47A,1shg,N47A,47,N,A
-1.05,1shg_D48G,1shg,D48G,48,D,G
0.55,1shg_A56G,1shg,A56G,56,A,G
0.46,1shg_A56E,1shg,A56E,56,A,E
0.07,1shg_A56K,1shg,A56K,56,A,K
2.0,1tpk_V65A,1tpk,V65A,65,V,A
-0.3,1tpk_V65I,1tpk,V65I,65,V,I
1.9,1tpk_V65L,1tpk,V65L,65,V,L
2.2,1tpk_V65M,1tpk,V65M,65,V,M
2.4,1tpk_V65S,1tpk,V65S,65,V,S
1.0,1tpk_V65T,1tpk,V65T,65,V,T
-0.18,1wq5_C81A,1wq5,C81A,81,C,A
0.45,1wq5_C81G,1wq5,C81G,81,C,G
-0.26,1wq5_C81S,1wq5,C81S,81,C,S
1.71,1wq5_C81V,1wq5,C81V,81,C,V
-0.48,1wq5_P96A,1wq5,P96A,96,P,A
0.09,1wq5_K109N,1wq5,K109N,109,K,N
-1.07,1wq5_C118A,1wq5,C118A,118,C,A
-1.24,1wq5_C118S,1wq5,C118S,118,C,S
-1.19,1wq5_C118V,1wq5,C118V,118,C,V
0.01,1wq5_P132A,1wq5,P132A,132,P,A
0.75,1wq5_P132G,1wq5,P132G,132,P,G
0.54,1wq5_C154A,1wq5,C154A,154,C,A
1.4,1wq5_C154S,1wq5,C154S,154,C,S
-0.91,1wq5_C154V,1wq5,C154V,154,C,V
1.85,1wq5_P207A,1wq5,P207A,207,P,A
-0.53,1wq5_G211E,1wq5,G211E,211,G,E
-0.53,1wq5_G211R,1wq5,G211R,211,G,R
-0.35,1ycc_A7L,1ycc,A7L,7,A,L
-0.27,1ycc_A7Y,1ycc,A7Y,7,A,Y
0.91,1ycc_F10I,1ycc,F10I,10,F,I
3.32,1ycc_F10M,1ycc,F10M,10,F,M
1.34,1ycc_F10W,1ycc,F10W,10,F,W
0.67,1ycc_F10Y,1ycc,F10Y,10,F,Y
1.06,1ycc_V20C,1ycc,V20C,20,V,C
-1.5,1ycc_T69E,1ycc,T69E,69,T,E
0.4,1ycc_K73I,1ycc,K73I,73,K,I
-0.1,1ycc_K73V,1ycc,K73V,73,K,V
1.6,1ycc_K73W,1ycc,K73W,73,K,W
0.78,1ycc_P76G,1ycc,P76G,76,P,G
3.44,1ycc_P76L,1ycc,P76L,76,P,L
0.97,1ycc_P76R,1ycc,P76R,76,P,R
1.89,1ycc_P76S,1ycc,P76S,76,P,S
1.07,1ycc_P76V,1ycc,P76V,76,P,V
2.38,1ycc_P76W,1ycc,P76W,76,P,W
2.07,1ycc_P76Y,1ycc,P76Y,76,P,Y
0.7,1ycc_F82Y,1ycc,F82Y,82,F,Y
2.8,1ycc_L85A,1ycc,L85A,85,L,A
3.82,1ycc_L94A,1ycc,L94A,94,L,A
0.02,1ycc_L94I,1ycc,L94I,94,L,I
3.27,1ycc_L94T,1ycc,L94T,94,L,T
0.72,1ycc_L94V,1ycc,L94V,94,L,V
-1.0,1ycc_T96A,1ycc,T96A,96,T,A
-0.08,1ycc_Y97F,1ycc,Y97F,97,Y,F
-2.9,1ycc_C102A,1ycc,C102A,102,C,A
-2.8,1ycc_C102S,1ycc,C102S,102,C,S
-0.8,1ycc_C102T,1ycc,C102T,102,C,T
-2.4,1yea_N52I,1yea,N52I,52,N,I
-1.1,1yu5_H41Y,1yu5,H41Y,41,H,Y
0.9,1zym_H189A,1zym,H189A,189,H,A
1.31,1zym_H189E,1zym,H189E,189,H,E
0.3,2a01_L141R,2a01,L141R,141,L,R
2.66,2ci2_L27A,2ci2,L27A,27,L,A
0.84,2ci2_S31A,2ci2,S31A,31,S,A
1.0,2ci2_S31G,2ci2,S31G,31,S,G
0.46,2ci2_V38A,2ci2,V38A,38,V,A
1.2,2ci2_I39V,2ci2,I39V,39,I,V
0.26,2ci2_K43A,2ci2,K43A,43,K,A
1.82,2ci2_P44A,2ci2,P44A,44,P,A
0.82,2ci2_E45A,2ci2,E45A,45,E,A
0.92,2ci2_I48V,2ci2,I48V,48,I,V
2.17,2ci2_V70A,2ci2,V70A,70,V,A
-0.09,2ci2_I76V,2ci2,I76V,76,I,V
-1.9,2hbb_K12M,2hbb,K12M,12,K,M
0.46,2hbb_D23A,2hbb,D23A,23,D,A
0.72,2hbb_D23N,2hbb,D23N,23,D,N
2.3,2hip_Y12F,2hip,Y12F,12,Y,F
0.7,2lzm_I3A,2lzm,I3A,3,I,A
-0.43,2lzm_I3C,2lzm,I3C,3,I,C
3.2,2lzm_I3D,2lzm,I3D,3,I,D
2.0,2lzm_I3E,2lzm,I3E,3,I,E
1.1,2lzm_I3F,2lzm,I3F,3,I,F
2.1,2lzm_I3G,2lzm,I3G,3,I,G
-0.4,2lzm_I3L,2lzm,I3L,3,I,L
0.9,2lzm_I3M,2lzm,I3M,3,I,M
2.53,2lzm_I3P,2lzm,I3P,3,I,P
1.7,2lzm_I3S,2lzm,I3S,3,I,S
2.3,2lzm_I3T,2lzm,I3T,3,I,T
0.4,2lzm_I3V,2lzm,I3V,3,I,V
2.8,2lzm_I3W,2lzm,I3W,3,I,W
2.3,2lzm_I3Y,2lzm,I3Y,3,I,Y
1.38,2lzm_M6I,2lzm,M6I,6,M,I
-1.1,2lzm_E11A,2lzm,E11A,11,E,A
-1.7,2lzm_E11F,2lzm,E11F,11,E,F
-1.6,2lzm_E11M,2lzm,E11M,11,E,M
-0.5,2lzm_K16E,2lzm,K16E,16,K,E
-0.1,2lzm_G30A,2lzm,G30A,30,G,A
1.5,2lzm_G30F,2lzm,G30F,30,G,F
0.3,2lzm_P37A,2lzm,P37A,37,P,A
0.77,2lzm_S38A,2lzm,S38A,38,S,A
-0.2,2lzm_S38D,2lzm,S38D,38,S,D
2.8,2lzm_L39P,2lzm,L39P,39,L,P
-0.16,2lzm_A41V,2lzm,A41V,41,A,V
-0.44,2lzm_S44A,2lzm,S44A,44,S,A
-0.3,2lzm_C54T,2lzm,C54T,54,C,T
0.7,2lzm_C54V,2lzm,C54V,54,C,V
0.6,2lzm_N55G,2lzm,N55G,55,N,G
0.0,2lzm_K60P,2lzm,K60P,60,K,P
-0.05,2lzm_N68A,2lzm,N68A,68,N,A
-0.4,2lzm_G77A,2lzm,G77A,77,G,A
-0.8,2lzm_A82P,2lzm,A82P,82,A,P
0.4,2lzm_P86A,2lzm,P86A,86,P,A
-0.1,2lzm_A93P,2lzm,A93P,93,A,P
2.8,2lzm_R96H,2lzm,R96H,96,R,H
8.05,2lzm_A98V,2lzm,A98V,98,A,V
3.9,2lzm_M102V,2lzm,M102V,102,M,V
0.6,2lzm_Q105A,2lzm,Q105A,105,Q,A
1.1,2lzm_Q105E,2lzm,Q105E,105,Q,E
1.5,2lzm_Q105G,2lzm,Q105G,105,Q,G
-0.3,2lzm_G113A,2lzm,G113A,113,G,A
-0.3,2lzm_T115E,2lzm,T115E,115,T,E
0.06,2lzm_N116D,2lzm,N116D,116,N,D
-1.1,2lzm_S117F,2lzm,S117F,117,S,F
-1.7,2lzm_S117I,2lzm,S117I,117,S,I
-2.0,2lzm_S117V,2lzm,S117V,117,S,V
0.04,2lzm_R119E,2lzm,R119E,119,R,E
-0.1,2lzm_R119M,2lzm,R119M,119,R,M
-0.4,2lzm_Q123E,2lzm,Q123E,123,Q,E
0.1,2lzm_K124G,2lzm,K124G,124,K,G
-0.16,2lzm_E128A,2lzm,E128A,128,E,A
1.33,2lzm_E128K,2lzm,E128K,128,E,K
0.8,2lzm_A129V,2lzm,A129V,129,A,V
-0.05,2lzm_V131A,2lzm,V131A,131,V,A
-0.08,2lzm_V131D,2lzm,V131D,131,V,D
-0.2,2lzm_V131E,2lzm,V131E,131,V,E
0.68,2lzm_V131G,2lzm,V131G,131,V,G
-0.16,2lzm_V131I,2lzm,V131I,131,V,I
-0.09,2lzm_V131L,2lzm,V131L,131,V,L
-0.12,2lzm_V131M,2lzm,V131M,131,V,M
0.05,2lzm_V131S,2lzm,V131S,131,V,S
0.12,2lzm_V131T,2lzm,V131T,131,V,T
-1.3,2lzm_N132F,2lzm,N132F,132,N,F
-1.2,2lzm_N132I,2lzm,N132I,132,N,I
-1.5,2lzm_N132M,2lzm,N132M,132,N,M
3.6,2lzm_L133A,2lzm,L133A,133,L,A
0.2,2lzm_L133F,2lzm,L133F,133,L,F
1.0,2lzm_K135E,2lzm,K135E,135,K,E
1.0,2lzm_P143A,2lzm,P143A,143,P,A
-0.3,2lzm_N144D,2lzm,N144D,144,N,D
4.07,2lzm_A146T,2lzm,A146T,146,A,T
0.7,2lzm_K147E,2lzm,K147E,147,K,E
2.44,2lzm_V149C,2lzm,V149C,149,V,C
2.88,2lzm_T152S,2lzm,T152S,152,T,S
1.1,2lzm_R154E,2lzm,R154E,154,R,E
1.4,2lzm_T157A,2lzm,T157A,157,T,A
1.3,2lzm_T157C,2lzm,T157C,157,T,C
0.45,2lzm_T157N,2lzm,T157N,157,T,N
1.5,2lzm_T157E,2lzm,T157E,157,T,E
2.4,2lzm_T157F,2lzm,T157F,157,T,F
1.1,2lzm_T157G,2lzm,T157G,157,T,G
2.1,2lzm_T157H,2lzm,T157H,157,T,H
2.9,2lzm_T157I,2lzm,T157I,157,T,I
1.3,2lzm_T157L,2lzm,T157L,157,T,L
1.1,2lzm_T157D,2lzm,T157D,157,T,D
1.3,2lzm_T157R,2lzm,T157R,157,T,R
0.66,2lzm_T157S,2lzm,T157S,157,T,S
1.6,2lzm_T157V,2lzm,T157V,157,T,V
1.65,2lzm_A160T,2lzm,A160T,160,A,T
-1.72,2rn2_D10A,2rn2,D10A,10,D,A
-0.52,2rn2_D10E,2rn2,D10E,10,D,E
-1.15,2rn2_D10H,2rn2,D10H,10,D,H
-0.98,2rn2_D10N,2rn2,D10N,10,D,N
-1.27,2rn2_D10S,2rn2,D10S,10,D,S
-1.02,2rn2_G23A,2rn2,G23A,23,G,A
-0.88,2rn2_A24V,2rn2,A24V,24,A,V
-0.44,2rn2_R41C,2rn2,R41C,41,R,C
0.16,2rn2_E48A,2rn2,E48A,48,E,A
0.13,2rn2_E48D,2rn2,E48D,48,E,D
-0.16,2rn2_E48Q,2rn2,E48Q,48,E,Q
-0.76,2rn2_A52C,2rn2,A52C,52,A,C
1.85,2rn2_A52D,2rn2,A52D,52,A,D
1.52,2rn2_A52E,2rn2,A52E,52,A,E
0.46,2rn2_A52F,2rn2,A52F,52,A,F
2.71,2rn2_A52G,2rn2,A52G,52,A,G
3.59,2rn2_A52H,2rn2,A52H,52,A,H
-1.88,2rn2_A52I,2rn2,A52I,52,A,I
5.93,2rn2_A52K,2rn2,A52K,52,A,K
-1.31,2rn2_A52L,2rn2,A52L,52,A,L
-0.49,2rn2_A52M,2rn2,A52M,52,A,M
1.79,2rn2_A52N,2rn2,A52N,52,A,N
1.64,2rn2_A52P,2rn2,A52P,52,A,P
1.19,2rn2_A52Q,2rn2,A52Q,52,A,Q
1.76,2rn2_A52S,2rn2,A52S,52,A,S
0.82,2rn2_A52T,2rn2,A52T,52,A,T
-1.67,2rn2_A52V,2rn2,A52V,52,A,V
2.31,2rn2_A52Y,2rn2,A52Y,52,A,Y
-0.55,2rn2_H62A,2rn2,H62A,62,H,A
0.17,2rn2_H62D,2rn2,H62D,62,H,D
-2.21,2rn2_H62P,2rn2,H62P,62,H,P
-0.36,2rn2_H62R,2rn2,H62R,62,H,R
0.45,2rn2_S68A,2rn2,S68A,68,S,A
2.4,2rn2_S68G,2rn2,S68G,68,S,G
0.48,2rn2_S68L,2rn2,S68L,68,S,L
0.2,2rn2_S68T,2rn2,S68T,68,S,T
-0.57,2rn2_S68V,2rn2,S68V,68,S,V
-0.58,2rn2_D70A,2rn2,D70A,70,D,A
-0.06,2rn2_D70E,2rn2,D70E,70,D,E
-0.81,2rn2_D70N,2rn2,D70N,70,D,N
3.4,2rn2_V74A,2rn2,V74A,74,V,A
-0.6,2rn2_V74I,2rn2,V74I,74,V,I
-1.1,2rn2_V74L,2rn2,V74L,74,V,L
0.9,2rn2_G77A,2rn2,G77A,77,G,A
0.12,2rn2_H83A,2rn2,H83A,83,H,A
0.0,2rn2_K91R,2rn2,K91R,91,K,R
0.4,2rn2_D94E,2rn2,D94E,94,D,E
-0.1,2rn2_K95A,2rn2,K95A,95,K,A
-1.28,2rn2_K95G,2rn2,K95G,95,K,G
-0.88,2rn2_K95N,2rn2,K95N,95,K,N
0.6,2rn2_Q113P,2rn2,Q113P,113,Q,P
-0.03,2rn2_K117R,2rn2,K117R,117,K,R
-0.74,2rn2_E119V,2rn2,E119V,119,E,V
-0.05,2rn2_H124A,2rn2,H124A,124,H,A
0.0,2rn2_A125T,2rn2,A125T,125,A,T
0.31,2rn2_H127A,2rn2,H127A,127,H,A
-0.98,2rn2_D134A,2rn2,D134A,134,D,A
-0.91,2rn2_D134E,2rn2,D134E,134,D,E
-2.97,2rn2_D134H,2rn2,D134H,134,D,H
-1.37,2rn2_D134I,2rn2,D134I,134,D,I
-1.54,2rn2_D134L,2rn2,D134L,134,D,L
-1.64,2rn2_D134N,2rn2,D134N,134,D,N
-1.33,2rn2_D134Q,2rn2,D134Q,134,D,Q
-1.14,2rn2_D134S,2rn2,D134S,134,D,S
-1.07,2rn2_D134T,2rn2,D134T,134,D,T
-1.2,2rn2_D134V,2rn2,D134V,134,D,V
0.22,2rn2_E135K,2rn2,E135K,135,E,K
-3.1,2trx_D26I,2trx,D26I,26,D,I
3.7,2trx_C32A,2trx,C32A,32,C,A
3.1,2trx_C35A,2trx,C35A,35,C,A
-1.45,2trx_P40S,2trx,P40S,40,P,S
1.4,2trx_T66L,2trx,T66L,66,T,L
1.1,2trx_T77V,2trx,T77V,77,T,V
3.9,2trx_L78K,2trx,L78K,78,L,K
4.0,2trx_L78R,2trx,L78R,78,L,R
-3.02,3d2c_M134E,3d2c,M134E,134,M,E
-3.34,3d2c_M137P,3d2c,M137P,137,M,P
-2.11,3d2c_S163P,3d2c,S163P,163,S,P
2.7,3mbp_P48A,3mbp,P48A,48,P,A
2.55,3mbp_P48S,3mbp,P48S,48,P,S
7.8,3mbp_P133A,3mbp,P133A,133,P,A
-1.16,3mbp_P133S,3mbp,P133S,133,P,S
0.22,3mbp_P159A,3mbp,P159A,159,P,A
4.72,3mbp_P159S,3mbp,P159S,159,P,S
-0.81,3sil_A53L,3sil,A53L,53,A,L
-0.62,3sil_A69V,3sil,A69V,69,A,V
-1.1,451c_F7A,451c,F7A,7,F,A
-0.4,451c_V13M,451c,V13M,13,V,M
-1.9,451c_F34Y,451c,F34Y,34,F,Y
-0.5,451c_Q37R,451c,Q37R,37,Q,R
-0.6,451c_E43Y,451c,E43Y,43,E,Y
-1.0,451c_V78I,451c,V78I,78,V,I
-0.5,4blm_S126C,4blm,S126C,126,S,C
1.66,4blm_S265C,4blm,S265C,265,S,C
0.45,4lyz_F3Y,4lyz,F3Y,3,F,Y
-0.76,4lyz_H15L,4lyz,H15L,15,H,L
1.06,4lyz_N19K,4lyz,N19K,19,N,K
0.15,4lyz_R21Q,4lyz,R21Q,21,R,Q
-1.4,4lyz_A31I,4lyz,A31I,31,A,I
-1.8,4lyz_A31L,4lyz,A31L,31,A,L
-1.2,4lyz_A31V,4lyz,A31V,31,A,V
-0.19,4lyz_F34Y,4lyz,F34Y,34,F,Y
2.2,4lyz_T40I,4lyz,T40I,40,T,I
0.27,4lyz_T40S,4lyz,T40S,40,T,S
0.73,4lyz_G49A,4lyz,G49A,49,G,A
4.4,4lyz_I55A,4lyz,I55A,55,I,A
2.46,4lyz_I55F,4lyz,I55F,55,I,F
0.45,4lyz_I55L,4lyz,I55L,55,I,L
2.27,4lyz_I55M,4lyz,I55M,55,I,M
4.96,4lyz_I55T,4lyz,I55T,55,I,T
0.91,4lyz_I55V,4lyz,I55V,55,I,V
0.52,4lyz_G67A,4lyz,G67A,67,G,A
0.04,4lyz_R68K,4lyz,R68K,68,R,K
2.12,4lyz_G71A,4lyz,G71A,71,G,A
-0.23,4lyz_R73K,4lyz,R73K,73,R,K
0.38,4lyz_N77H,4lyz,N77H,77,N,H
0.15,4lyz_S91A,4lyz,S91A,91,S,A
2.31,4lyz_S91D,4lyz,S91D,91,S,D
-1.0,4lyz_S91T,4lyz,S91T,91,S,T
0.08,4lyz_S91V,4lyz,S91V,91,S,V
3.07,4lyz_S91Y,4lyz,S91Y,91,S,Y
-0.76,4lyz_D101A,4lyz,D101A,101,D,A
0.0,4lyz_D101E,4lyz,D101E,101,D,E
-0.72,4lyz_D101F,4lyz,D101F,101,D,F
-0.45,4lyz_D101G,4lyz,D101G,101,D,G
-0.19,4lyz_D101K,4lyz,D101K,101,D,K
-0.04,4lyz_D101N,4lyz,D101N,101,D,N
0.08,4lyz_D101Q,4lyz,D101Q,101,D,Q
-0.27,4lyz_D101R,4lyz,D101R,101,D,R
-0.87,4lyz_D101S,4lyz,D101S,101,D,S
1.2,4lyz_G102A,4lyz,G102A,102,G,A
-0.38,4lyz_G102R,4lyz,G102R,102,G,R
0.04,4lyz_G102V,4lyz,G102V,102,G,V
-0.68,4lyz_R114H,4lyz,R114H,114,R,H
0.82,4lyz_G117A,4lyz,G117A,117,G,A
0.45,4lyz_Q121H,4lyz,Q121H,121,Q,H
1.2,5pti_F22A,5pti,F22A,22,F,A
5.0,5pti_Y35A,5pti,Y35A,35,Y,A
0.7,5pti_G36S,5pti,G36S,36,G,S
-5.0,1bpi_Y35G,1bpi,Y35G,35,Y,G
-4.9,1bpi_G37A,1bpi,G37A,37,G,A
-5.7,1bpi_N43G,1bpi,N43G,43,N,G
-4.7,1bpi_N44G,1bpi,N44G,44,N,G
-0.7,1bpi_G36S,1bpi,G36S,36,G,S
-0.5,1bpi_R1A,1bpi,R1A,1,R,A
-1.3,1bpi_P2A,1bpi,P2A,2,P,A
0.2,1bpi_D3A,1bpi,D3A,3,D,A
-3.0,1bpi_F4A,1bpi,F4A,4,F,A
-0.6,1bpi_L6A,1bpi,L6A,6,L,A
-1.5,1bpi_E7A,1bpi,E7A,7,E,A
-0.3,1bpi_P8A,1bpi,P8A,8,P,A
-0.8,1bpi_P9A,1bpi,P9A,9,P,A
-1.2,1bpi_Y10A,1bpi,Y10A,10,Y,A
0.0,1bpi_T11A,1bpi,T11A,11,T,A
-1.8,1bpi_G12A,1bpi,G12A,12,G,A
-1.2,1bpi_P13A,1bpi,P13A,13,P,A
-0.4,1bpi_K15A,1bpi,K15A,15,K,A
-0.3,1bpi_R17A,1bpi,R17A,17,R,A
-1.5,1bpi_I18A,1bpi,I18A,18,I,A
-2.1,1bpi_I19A,1bpi,I19A,19,I,A
-1.8,1bpi_R20A,1bpi,R20A,20,R,A
-2.0,1bpi_F22A,1bpi,F22A,22,F,A
-2.2,1bpi_N24A,1bpi,N24A,24,N,A
0.0,1bpi_K26A,1bpi,K26A,26,K,A
-1.0,1bpi_G28A,1bpi,G28A,28,G,A
0.0,1bpi_L29A,1bpi,L29A,29,L,A
-1.0,1bpi_Q31A,1bpi,Q31A,31,Q,A
-0.1,1bpi_T32A,1bpi,T32A,32,T,A
-1.2,1bpi_V34A,1bpi,V34A,34,V,A
-1.1,1bpi_Y35A,1bpi,Y35A,35,Y,A
-2.1,1bpi_G36A,1bpi,G36A,36,G,A
-2.3,1bpi_G37A,1bpi,G37A,37,G,A
0.0,1bpi_R39A,1bpi,R39A,39,R,A
-0.4,1bpi_K41A,1bpi,K41A,41,K,A
-0.5,1bpi_R42A,1bpi,R42A,42,R,A
-3.3,1bpi_N44A,1bpi,N44A,44,N,A
0.1,1bpi_K46A,1bpi,K46A,46,K,A
-1.6,1bpi_S47A,1bpi,S47A,47,S,A
-0.2,1bpi_E49A,1bpi,E49A,49,E,A
-0.4,1bpi_D50A,1bpi,D50A,50,D,A
-1.7,1bpi_M52A,1bpi,M52A,52,M,A
-0.1,1bpi_R53A,1bpi,R53A,53,R,A
-0.1,1bpi_T54A,1bpi,T54A,54,T,A
-0.2,1bpi_G56A,1bpi,G56A,56,G,A
-0.2,1bpi_G57A,1bpi,G57A,57,G,A
-1.2,1bpi_F22A,1bpi,F22A,22,F,A
-5.9,1bpi_Y23A,1bpi,Y23A,23,Y,A
-5.0,1bpi_Y35G,1bpi,Y35G,35,Y,G
-5.7,1bpi_N43G,1bpi,N43G,43,N,G
-6.9,1bpi_F45A,1bpi,F45A,45,F,A
0.36,1iro_V24I,1iro,V24I,24,V,I
0.76,1iro_I33L,1iro,I33L,33,I,L
0.36,1iro_V24I,1iro,V24I,24,V,I
0.76,1iro_I33L,1iro,I33L,33,I,L
0.02,1c9o_L67AL,1c9o,L67AL,67A,L,L
-0.07,1c9o_L66LA,1c9o,L66LA,66L,L,A
-0.07,1c9o_L66LA,1c9o,L66LA,66L,L,A
0.4,1rgg_Y30F,1rgg,Y30F,30,Y,F
-0.2,1rgg_Y49F,1rgg,Y49F,49,Y,F
-2.3,1rgg_Y51F,1rgg,Y51F,51,Y,F
-3.6,1rgg_Y52F,1rgg,Y52F,52,Y,F
-0.6,1rgg_Y55F,1rgg,Y55F,55,Y,F
-1.5,1rgg_Y80F,1rgg,Y80F,80,Y,F
-1.2,1rgg_Y81F,1rgg,Y81F,81,Y,F
-0.3,1rgg_Y86F,1rgg,Y86F,86,Y,F
-1.5,1rgg_N39D,1rgg,N39D,39,N,D
-2.3,1rgg_N39S,1rgg,N39S,39,N,S
-2.2,1rgg_N39A,1rgg,N39A,39,N,A
-0.9,1rgg_D25K,1rgg,D25K,25,D,K
-1.1,1rgg_E74K,1rgg,E74K,74,E,K
-1.4,1rgg_T18V,1rgg,T18V,18,T,V
-1.9,1rgg_T56V,1rgg,T56V,56,T,V
0.0,1rgg_T67V,1rgg,T67V,67,T,V
-1.7,1rgg_T82V,1rgg,T82V,82,T,V
0.0,1rgg_T5V,1rgg,T5V,5,T,V
0.3,1rgg_T16V,1rgg,T16V,16,T,V
-1.7,1rgg_T59V,1rgg,T59V,59,T,V
-0.2,1rgg_T72V,1rgg,T72V,72,T,V
-0.9,1rgg_V2T,1rgg,V2T,2,V,T
-1.3,1rgg_V36T,1rgg,V36T,36,V,T
-0.5,1rgg_V43T,1rgg,V43T,43,V,T
-4.4,1rgg_V57T,1rgg,V57T,57,V,T
1.0,1rgg_Q38A,1rgg,Q38A,38,Q,A
-0.7,1rgg_E41K,1rgg,E41K,41,E,K
-1.7,1rgg_E54Q,1rgg,E54Q,54,E,Q
-1.0,1rgg_R65A,1rgg,R65A,65,R,A
0.9,1rgg_E74K,1rgg,E74K,74,E,K
0.0,1rgg_H85Q,1rgg,H85Q,85,H,Q
0.4,1rgg_Q38A,1rgg,Q38A,38,Q,A
-1.5,1rgg_E41K,1rgg,E41K,41,E,K
-2.3,1rgg_E54Q,1rgg,E54Q,54,E,Q
-1.3,1rgg_R65A,1rgg,R65A,65,R,A
0.1,1rgg_E74K,1rgg,E74K,74,E,K
0.0,1rgg_H85Q,1rgg,H85Q,85,H,Q
3.0,1rgg_D79F,1rgg,D79F,79,D,F
2.9,1rgg_D79Y,1rgg,D79Y,79,D,Y
2.8,1rgg_D79A,1rgg,D79A,79,D,A
2.9,1rgg_D79I,1rgg,D79I,79,D,I
2.7,1rgg_D79R,1rgg,D79R,79,D,R
2.7,1rgg_D79L,1rgg,D79L,79,D,L
2.3,1rgg_D79K,1rgg,D79K,79,D,K
2.3,1rgg_D79W,1rgg,D79W,79,D,W
1.8,1rgg_D79H,1rgg,D79H,79,D,H
1.8,1rgg_D79N,1rgg,D79N,79,D,N
-0.3,1rgg_D79E,1rgg,D79E,79,D,E
0.3,1rgg_Q94K,1rgg,Q94K,94,Q,K
-6.2,1rgg_D33A,1rgg,D33A,33,D,A
3.0,1rgg_D79F,1rgg,D79F,79,D,F
2.7,1rgg_D79A,1rgg,D79A,79,D,A
2.8,1rgg_D79I,1rgg,D79I,79,D,I
2.7,1rgg_D79R,1rgg,D79R,79,D,R
2.7,1rgg_D79L,1rgg,D79L,79,D,L
2.3,1rgg_D79K,1rgg,D79K,79,D,K
2.3,1rgg_D79W,1rgg,D79W,79,D,W
1.8,1rgg_D79H,1rgg,D79H,79,D,H
1.8,1rgg_D79N,1rgg,D79N,79,D,N
-0.3,1rgg_D79E,1rgg,D79E,79,D,E
-6.0,1rgg_D33A,1rgg,D33A,33,D,A
-1.2,1rgg_D79N,1rgg,D79N,79,D,N
-0.3,1rgg_D79A,1rgg,D79A,79,D,A
-0.3,1rgg_D79F,1rgg,D79F,79,D,F
0.2,1rgg_Q94K,1rgg,Q94K,94,Q,K
2.3,1rgg_D79N,1rgg,D79N,79,D,N
3.3,1rgg_D79A,1rgg,D79A,79,D,A
3.7,1rgg_D79F,1rgg,D79F,79,D,F
1.1,1rgg_Q94K,1rgg,Q94K,94,Q,K
4.2,1ycc_N57I,1ycc,N57I,57,N,I
3.14,1ycc_N52I,1ycc,N52I,52,N,I
-0.08,1ycc_N52Q,1ycc,N52Q,52,N,Q
-1.29,1ycc_N52S,1ycc,N52S,52,N,S
-0.05,1ycc_N52S,1ycc,N52S,52,N,S
0.74,1ycc_N52S,1ycc,N52S,52,N,S
-1.27,1ycc_N52H,1ycc,N52H,52,N,H
-0.53,1ycc_N52T,1ycc,N52T,52,N,T
0.59,1ycc_N52T,1ycc,N52T,52,N,T
1.01,1ycc_N52T,1ycc,N52T,52,N,T
0.98,1ycc_N52T,1ycc,N52T,52,N,T
0.63,1ycc_N52A,1ycc,N52A,52,N,A
1.67,1ycc_N52V,1ycc,N52V,52,N,V
2.44,1ycc_N52V,1ycc,N52V,52,N,V
2.25,1ycc_N52M,1ycc,N52M,52,N,M
2.91,1ycc_N52M,1ycc,N52M,52,N,M
2.56,1ycc_N52L,1ycc,N52L,52,N,L
2.02,1ycc_N52I,1ycc,N52I,52,N,I
3.14,1ycc_N52I,1ycc,N52I,52,N,I
3.03,1ycc_N52I,1ycc,N52I,52,N,I
2.62,1ycc_N52I,1ycc,N52I,52,N,I
4.3,1ycc_N52I,1ycc,N52I,52,N,I
0.15,1pin_K6A,1pin,K6A,6,K,A
-1.72,1pin_L7A,1pin,L7A,7,L,A
-0.85,1pin_L7I,1pin,L7I,7,L,I
-1.26,1pin_L7V,1pin,L7V,7,L,V
-0.9,1pin_L7N,1pin,L7N,7,L,N
-0.97,1pin_P8A,1pin,P8A,8,P,A
-0.92,1pin_P8G,1pin,P8G,8,P,G
-0.19,1pin_P9A,1pin,P9A,9,P,A
-0.49,1pin_P9G,1pin,P9G,9,P,G
-0.85,1pin_G10A,1pin,G10A,10,G,A
-1.93,1pin_W11F,1pin,W11F,11,W,F
-0.48,1pin_E12A,1pin,E12A,12,E,A
-0.02,1pin_K13A,1pin,K13A,13,K,A
-1.63,1pin_R14A,1pin,R14A,14,R,A
-0.59,1pin_M15A,1pin,M15A,15,M,A
-0.44,1pin_S16A,1pin,S16A,16,S,A
-0.92,1pin_S16G,1pin,S16G,16,S,G
0.0,1pin_R17A,1pin,R17A,17,R,A
-0.22,1pin_R17G,1pin,R17G,17,R,G
0.03,1pin_S18A,1pin,S18A,18,S,A
0.02,1pin_S18G,1pin,S18G,18,S,G
-0.14,1pin_S19A,1pin,S19A,19,S,A
0.01,1pin_S19G,1pin,S19G,19,S,G
-0.86,1pin_G20A,1pin,G20A,20,G,A
-0.65,1pin_R21A,1pin,R21A,21,R,A
-0.67,1pin_R21G,1pin,R21G,21,R,G
-0.26,1pin_V22A,1pin,V22A,22,V,A
-1.08,1pin_Y23A,1pin,Y23A,23,Y,A
-1.18,1pin_Y23L,1pin,Y23L,23,Y,L
-0.52,1pin_Y23F,1pin,Y23F,23,Y,F
-0.66,1pin_Y24F,1pin,Y24F,24,Y,F
-0.56,1pin_Y24W,1pin,Y24W,24,Y,W
-2.14,1pin_F25A,1pin,F25A,25,F,A
-1.37,1pin_F25L,1pin,F25L,25,F,L
0.22,1pin_F25Y,1pin,F25Y,25,F,Y
-1.88,1pin_N26D,1pin,N26D,26,N,D
-0.12,1pin_H27A,1pin,H27A,27,H,A
-0.68,1pin_H27G,1pin,H27G,27,H,G
-0.36,1pin_I28A,1pin,I28A,28,I,A
-0.48,1pin_I28G,1pin,I28G,28,I,G
-1.25,1pin_T29A,1pin,T29A,29,T,A
-1.99,1pin_T29G,1pin,T29G,29,T,G
-0.65,1pin_T29S,1pin,T29S,29,T,S
-1.33,1pin_T29D,1pin,T29D,29,T,D
-0.47,1pin_N30A,1pin,N30A,30,N,A
0.53,1pin_N30G,1pin,N30G,30,N,G
-1.49,1pin_A31G,1pin,A31G,31,A,G
-0.26,1pin_S32A,1pin,S32A,32,S,A
-0.81,1pin_S32G,1pin,S32G,32,S,G
-0.57,1pin_Q33A,1pin,Q33A,33,Q,A
-0.4,1pin_W34A,1pin,W34A,34,W,A
-0.1,1pin_W34F,1pin,W34F,34,W,F
-0.73,1pin_E35A,1pin,E35A,35,E,A
-0.29,1pin_R36A,1pin,R36A,36,R,A
0.05,1pin_S38A,1pin,S38A,38,S,A
-0.08,1pin_S38G,1pin,S38G,38,S,G
0.24,2rn2_Q76L,2rn2,Q76L,76,Q,L
0.3,2rn2_Q80L,2rn2,Q80L,80,Q,L
-4.6,1lz1_C77A,1lz1,C77A,77,C,A
1.07,1bvc_Q8A,1bvc,Q8A,8,Q,A
0.89,1bvc_Q8A,1bvc,Q8A,8,Q,A
-0.63,1bvc_Q8G,1bvc,Q8G,8,Q,G
-0.5,1bvc_Q8G,1bvc,Q8G,8,Q,G
0.36,1bvc_E109A,1bvc,E109A,109,E,A
0.17,1bvc_E109A,1bvc,E109A,109,E,A
-0.96,1bvc_E109G,1bvc,E109G,109,E,G
-0.89,1bvc_E109G,1bvc,E109G,109,E,G
0.6,1bvc_K140A,1bvc,K140A,140,K,A
0.35,1bvc_K140A,1bvc,K140A,140,K,A
-0.9,1bvc_W7F,1bvc,W7F,7,W,F
-1.1,1bvc_W14F,1bvc,W14F,14,W,F
-2.2,1bvc_M131A,1bvc,M131A,131,M,A
-2.1,1bvc_F123K,1bvc,F123K,123,F,K
-2.1,1bvc_A130K,1bvc,A130K,130,A,K
-0.9,1bvc_A130L,1bvc,A130L,130,A,L
-0.8,1bvc_H36Q,1bvc,H36Q,36,H,Q
-0.6,1bvc_V68T,1bvc,V68T,68,V,T
0.1,1bvc_W7F,1bvc,W7F,7,W,F
-1.1,1bvc_W7F,1bvc,W7F,7,W,F
-0.6,1bvc_W14F,1bvc,W14F,14,W,F
-0.5,1bvc_W14F,1bvc,W14F,14,W,F
-1.3,1bvc_M131A,1bvc,M131A,131,M,A
-0.9,1bvc_M131A,1bvc,M131A,131,M,A
-1.4,1bvc_F123K,1bvc,F123K,123,F,K
-0.7,1bvc_F123K,1bvc,F123K,123,F,K
-1.2,1bvc_A130K,1bvc,A130K,130,A,K
-0.9,1bvc_A130K,1bvc,A130K,130,A,K
-1.0,1bvc_A130L,1bvc,A130L,130,A,L
0.1,1bvc_A130L,1bvc,A130L,130,A,L
-0.7,1bvc_H36Q,1bvc,H36Q,36,H,Q
-0.1,1bvc_H36Q,1bvc,H36Q,36,H,Q
-0.4,1bvc_V68T,1bvc,V68T,68,V,T
-0.2,1bvc_V68T,1bvc,V68T,68,V,T
1.07,1sup_N218S,1sup,N218S,218,N,S
0.3,1sup_G169A,1sup,G169A,169,G,A
0.48,1sup_M50F,1sup,M50F,50,M,F
0.72,1sup_Y217K,1sup,Y217K,217,Y,K
1.25,1sup_Q206C,1sup,Q206C,206,Q,C
0.45,1sup_N76D,1sup,N76D,76,N,D
-2.7,2dri_L62C,2dri,L62C,62,L,C
-1.8,2dri_A188C,2dri,A188C,188,A,C
-3.4,2lzm_I58T,2lzm,I58T,58,I,T
-1.5,2lzm_N101A,2lzm,N101A,101,N,A
-1.2,2lzm_Q105M,2lzm,Q105M,105,Q,M
-3.1,2lzm_V149A,2lzm,V149A,149,V,A
-4.4,2lzm_V149S,2lzm,V149S,149,V,S
-3.0,2lzm_V149T,2lzm,V149T,149,V,T
-0.1,2lzm_V149I,2lzm,V149I,149,V,I
-4.9,2lzm_V149G,2lzm,V149G,149,V,G
-1.5,2lzm_T152A,2lzm,T152A,152,T,A
-0.5,2lzm_T152C,2lzm,T152C,152,T,C
0.2,2lzm_T152V,2lzm,T152V,152,T,V
-0.4,2lzm_T152I,2lzm,T152I,152,T,I
-0.6,1mgr_Y11F,1mgr,Y11F,11,Y,F
0.5,1mgr_Y33F,1mgr,Y33F,33,Y,F
-2.6,1mgr_Y54F,1mgr,Y54F,54,Y,F
-2.1,1mgr_Y55F,1mgr,Y55F,55,Y,F
-0.7,1mgr_Y58F,1mgr,Y58F,58,Y,F
-1.5,1mgr_Y83F,1mgr,Y83F,83,Y,F
-1.0,1mgr_Y84F,1mgr,Y84F,84,Y,F
0.0,1mgr_Y89F,1mgr,Y89F,89,Y,F
-2.53,1rop_L41V,1rop,L41V,41,L,V
-6.12,1rop_L41A,1rop,L41A,41,L,A
-1.8,1stn_G79S,1stn,G79S,79,G,S
-1.2,1stn_L89F,1stn,L89F,89,L,F
-1.5,1stn_V23F,1stn,V23F,23,V,F
0.0,1stn_H46Y,1stn,H46Y,46,H,Y
-0.2,1stn_I18M,1stn,I18M,18,I,M
0.7,1stn_H124L,1stn,H124L,124,H,L
-2.6,1stn_L25A,1stn,L25A,25,L,A
0.8,1stn_V66L,1stn,V66L,66,V,L
-1.3,1stn_G79S,1stn,G79S,79,G,S
0.5,1stn_G88V,1stn,G88V,88,G,V
-2.5,1stn_A90S,1stn,A90S,90,A,S
1.3,1stn_H124L,1stn,H124L,124,H,L
-2.8,1stn_L25A,1stn,L25A,25,L,A
0.6,1stn_V66L,1stn,V66L,66,V,L
-1.2,1stn_G79S,1stn,G79S,79,G,S
0.6,1stn_G88V,1stn,G88V,88,G,V
-2.6,1stn_A90S,1stn,A90S,90,A,S
1.9,1stn_H124L,1stn,H124L,124,H,L
2.0,1rop_D30G,1rop,D30G,30,D,G
1.8,1rop_D30Q,1rop,D30Q,30,D,Q
1.0,1rop_D30E,1rop,D30E,30,D,E
1.0,1rop_D30S,1rop,D30S,30,D,S
0.9,1rop_D30K,1rop,D30K,30,D,K
0.9,1rop_D30H,1rop,D30H,30,D,H
0.8,1rop_D30C,1rop,D30C,30,D,C
0.8,1rop_D30R,1rop,D30R,30,D,R
0.8,1rop_D30N,1rop,D30N,30,D,N
0.6,1rop_D30M,1rop,D30M,30,D,M
0.3,1rop_D30A,1rop,D30A,30,D,A
0.2,1rop_D30Y,1rop,D30Y,30,D,Y
-0.1,1rop_D30L,1rop,D30L,30,D,L
-0.1,1rop_D30F,1rop,D30F,30,D,F
-0.4,1rop_D30T,1rop,D30T,30,D,T
-0.4,1rop_D30V,1rop,D30V,30,D,V
-0.4,1rop_D30W,1rop,D30W,30,D,W
-0.8,1rop_D30I,1rop,D30I,30,D,I
-1.6,1rop_D30P,1rop,D30P,30,D,P
0.2,2lzm_N144E,2lzm,N144E,144,N,E
0.5,2lzm_N144E,2lzm,N144E,144,N,E
0.5,2lzm_N144E,2lzm,N144E,144,N,E
-0.8,2lzm_K60H,2lzm,K60H,60,K,H
-0.1,2lzm_K60H,2lzm,K60H,60,K,H
-1.0,2lzm_S90H,2lzm,S90H,90,S,H
-1.1,2lzm_S90H,2lzm,S90H,90,S,H
-1.1,2lzm_S90H,2lzm,S90H,90,S,H
-0.5,2lzm_K83H,2lzm,K83H,83,K,H
-0.4,2lzm_K83H,2lzm,K83H,83,K,H
-2.7,2lzm_L46A,2lzm,L46A,46,L,A
-3.5,2lzm_L118A,2lzm,L118A,118,L,A
-2.7,2lzm_L121A,2lzm,L121A,121,L,A
-5.0,2lzm_L99A,2lzm,L99A,99,L,A
-3.5,2lzm_F153A,2lzm,F153A,153,F,A
0.43,2lzm_N40A,2lzm,N40A,40,N,A
-0.96,2lzm_K43A,2lzm,K43A,43,K,A
0.55,2lzm_E45A,2lzm,E45A,45,E,A
-2.62,2lzm_L46A,2lzm,L46A,46,L,A
-0.28,2lzm_D47A,2lzm,D47A,47,D,A
-0.32,2lzm_K48A,2lzm,K48A,48,K,A
0.32,2lzm_N40A,2lzm,N40A,40,N,A
-1.03,2lzm_K43A,2lzm,K43A,43,K,A
0.01,2lzm_E45A,2lzm,E45A,45,E,A
-1.86,2lzm_L46A,2lzm,L46A,46,L,A
-0.95,2lzm_D47A,2lzm,D47A,47,D,A
-0.56,2lzm_K48A,2lzm,K48A,48,K,A
-0.03,2lzm_R14K,2lzm,R14K,14,R,K
0.57,2lzm_E22K,2lzm,E22K,22,E,K
0.57,2lzm_T26S,2lzm,T26S,26,T,S
0.44,2lzm_N40D,2lzm,N40D,40,N,D
0.29,2lzm_A41D,2lzm,A41D,41,A,D
-0.17,2lzm_R80K,2lzm,R80K,80,R,K
0.06,2lzm_A93T,2lzm,A93T,93,A,T
0.3,2lzm_G113E,2lzm,G113E,113,G,E
-0.29,2lzm_R119H,2lzm,R119H,119,R,H
0.39,2lzm_T151S,2lzm,T151S,151,T,S
0.35,2lzm_F153L,2lzm,F153L,153,F,L
-0.21,2lzm_N163D,2lzm,N163D,163,N,D
-1.5,2lzm_I78M,2lzm,I78M,78,I,M
-1.9,2lzm_L84M,2lzm,L84M,84,L,M
-0.8,2lzm_L91M,2lzm,L91M,91,L,M
-0.4,2lzm_L99M,2lzm,L99M,99,L,M
-1.6,2lzm_I100M,2lzm,I100M,100,I,M
-1.2,2lzm_V103M,2lzm,V103M,103,V,M
-0.7,2lzm_L118M,2lzm,L118M,118,L,M
-0.8,2lzm_L121M,2lzm,L121M,121,L,M
-0.4,2lzm_L133M,2lzm,L133M,133,L,M
-0.6,2lzm_F153M,2lzm,F153M,153,F,M
-2.3,2lzm_L121A,2lzm,L121A,121,L,A
-1.3,2lzm_A129L,2lzm,A129L,129,A,L
-1.9,2lzm_A129M,2lzm,A129M,129,A,M
-3.4,2lzm_F153A,2lzm,F153A,153,F,A
-0.14,2lzm_T115A,2lzm,T115A,115,T,A
0.17,2lzm_N116A,2lzm,N116A,116,N,A
1.27,2lzm_S117A,2lzm,S117A,117,S,A
-3.5,2lzm_L118A,2lzm,L118A,118,L,A
-0.18,2lzm_R119A,2lzm,R119A,119,R,A
-0.2,2lzm_M120A,2lzm,M120A,120,M,A
-2.7,2lzm_L121A,2lzm,L121A,121,L,A
-0.24,2lzm_Q122A,2lzm,Q122A,122,Q,A
-0.22,2lzm_Q123A,2lzm,Q123A,123,Q,A
-0.6,2lzm_A41S,2lzm,A41S,41,A,S
-2.3,2lzm_A42S,2lzm,A42S,42,A,S
-0.5,2lzm_A49S,2lzm,A49S,49,A,S
-0.4,2lzm_A73S,2lzm,A73S,73,A,S
-0.3,2lzm_A82S,2lzm,A82S,82,A,S
-0.2,2lzm_A93S,2lzm,A93S,93,A,S
-2.5,2lzm_A98S,2lzm,A98S,98,A,S
-1.0,2lzm_A130S,2lzm,A130S,130,A,S
-0.1,2lzm_A134S,2lzm,A134S,134,A,S
-1.3,2lzm_V75T,2lzm,V75T,75,V,T
-1.6,2lzm_V87T,2lzm,V87T,87,V,T
-2.8,2lzm_V149T,2lzm,V149T,149,V,T
-3.3,2lzm_Q69P,2lzm,Q69P,69,Q,P
-2.6,2lzm_D72P,2lzm,D72P,72,D,P
-2.9,2lzm_Q69P,2lzm,Q69P,69,Q,P
-2.7,2lzm_D72P,2lzm,D72P,72,D,P
-4.6,2lzm_A74P,2lzm,A74P,74,A,P
-5.7,2lzm_A74P,2lzm,A74P,74,A,P
-5.0,2lzm_A74P,2lzm,A74P,74,A,P
-4.5,2lzm_A74P,2lzm,A74P,74,A,P
-0.74,2lzm_M102L,2lzm,M102L,102,M,L
-1.43,2lzm_V111F,2lzm,V111F,111,V,F
-0.69,2lzm_V111I,2lzm,V111I,111,V,I
-0.82,2lzm_M102L,2lzm,M102L,102,M,L
-1.69,2lzm_V111F,2lzm,V111F,111,V,F
-0.85,2lzm_V111I,2lzm,V111I,111,V,I
-1.71,2lzm_W138Y,2lzm,W138Y,138,W,Y
-8.9,2lzm_M102K,2lzm,M102K,102,M,K
-4.9,2lzm_L133D,2lzm,L133D,133,L,D
-5.5,2lzm_L133D,2lzm,L133D,133,L,D
-6.9,2lzm_M102K,2lzm,M102K,102,M,K
-5.7,2lzm_L133D,2lzm,L133D,133,L,D
-2.2,2lzm_M102K,2lzm,M102K,102,M,K
-0.4,2lzm_I3C(S-H),2lzm,I3C(S-H),3C(S-H,I,)
1.0,2lzm_I3C(S-S),2lzm,I3C(S-S),3C(S-S,I,)
-1.2,2lzm_I3C(S-H),2lzm,I3C(S-H),3C(S-H,I,)
1.2,2lzm_I3C(S-S),2lzm,I3C(S-S),3C(S-S,I,)
-1.4,2lzm_G156D,2lzm,G156D,156,G,D
-2.3,2lzm_G156D,2lzm,G156D,156,G,D
0.1,2lzm_E11H,2lzm,E11H,11,E,H
-0.1,2lzm_E11N,2lzm,E11N,11,E,N
1.3,2lzm_D20N,2lzm,D20N,20,D,N
0.9,2lzm_D20T,2lzm,D20T,20,D,T
0.7,2lzm_D20S,2lzm,D20S,20,D,S
-0.3,2lzm_D20A,2lzm,D20A,20,D,A
0.39,2lzm_S44L,2lzm,S44L,44,S,L
0.33,2lzm_S44M,2lzm,S44M,44,S,M
0.31,2lzm_S44I,2lzm,S44I,44,S,I
0.27,2lzm_S44Q,2lzm,S44Q,44,S,Q
0.24,2lzm_S44R,2lzm,S44R,44,S,R
0.2,2lzm_S44K,2lzm,S44K,44,S,K
0.19,2lzm_S44Y,2lzm,S44Y,44,S,Y
0.1,2lzm_S44V,2lzm,S44V,44,S,V
0.06,2lzm_S44F,2lzm,S44F,44,S,F
0.05,2lzm_S44W,2lzm,S44W,44,S,W
0.04,2lzm_S44H,2lzm,S44H,44,S,H
0.01,2lzm_S44T,2lzm,S44T,44,S,T
0.0,2lzm_S44E,2lzm,S44E,44,S,E
-0.11,2lzm_S44D,2lzm,S44D,44,S,D
-0.11,2lzm_S44C,2lzm,S44C,44,S,C
-0.14,2lzm_S44N,2lzm,S44N,44,S,N
-0.53,2lzm_S44G,2lzm,S44G,44,S,G
-3.03,2lzm_S44P,2lzm,S44P,44,S,P
-5.0,2lzm_L99A,2lzm,L99A,99,L,A
-2.3,2lzm_L99V,2lzm,L99V,99,L,V
-1.4,2lzm_L99I,2lzm,L99I,99,L,I
-0.7,2lzm_L99M,2lzm,L99M,99,L,M
-0.4,2lzm_L99F,2lzm,L99F,99,L,F
-3.5,2lzm_F153A,2lzm,F153A,153,F,A
-1.8,2lzm_F153V,2lzm,F153V,153,F,V
-0.5,2lzm_F153I,2lzm,F153I,153,F,I
0.2,2lzm_F153L,2lzm,F153L,153,F,L
-0.8,2lzm_F153M,2lzm,F153M,153,F,M
-4.5,2lzm_L99A,2lzm,L99A,99,L,A
-2.0,2lzm_L99V,2lzm,L99V,99,L,V
-1.5,2lzm_L99I,2lzm,L99I,99,L,I
-0.6,2lzm_L99M,2lzm,L99M,99,L,M
-0.3,2lzm_L99F,2lzm,L99F,99,L,F
-3.8,2lzm_F153A,2lzm,F153A,153,F,A
-1.8,2lzm_F153V,2lzm,F153V,153,F,V
-0.2,2lzm_F153I,2lzm,F153I,153,F,I
0.3,2lzm_F153L,2lzm,F153L,153,F,L
-0.6,2lzm_F153M,2lzm,F153M,153,F,M
-0.6,2lzm_T59N,2lzm,T59N,59,T,N
-0.7,2lzm_T59S,2lzm,T59S,59,T,S
-0.9,2lzm_T59D,2lzm,T59D,59,T,D
-2.2,2lzm_T59G,2lzm,T59G,59,T,G
-2.8,2lzm_T59V,2lzm,T59V,59,T,V
-2.8,2lzm_T59A,2lzm,T59A,59,T,A
-1.1,2lzm_T59N,2lzm,T59N,59,T,N
-0.2,2lzm_T59S,2lzm,T59S,59,T,S
-1.2,2lzm_T59D,2lzm,T59D,59,T,D
-1.6,2lzm_T59G,2lzm,T59G,59,T,G
-1.5,2lzm_T59V,2lzm,T59V,59,T,V
-1.5,2lzm_T59A,2lzm,T59A,59,T,A
-0.1,2lzm_S38N,2lzm,S38N,38,S,N
-0.1,2lzm_D92N,2lzm,D92N,92,D,N
-0.3,2lzm_T109D,2lzm,T109D,109,T,D
0.0,2lzm_T109N,2lzm,T109N,109,T,N
-0.6,2lzm_N144H,2lzm,N144H,144,N,H
0.0,2lzm_S38N,2lzm,S38N,38,S,N
-1.4,2lzm_D92N,2lzm,D92N,92,D,N
0.6,2lzm_T109D,2lzm,T109D,109,T,D
0.1,2lzm_T109N,2lzm,T109N,109,T,N
0.3,2lzm_N144H,2lzm,N144H,144,N,H
-0.9,2lzm_L39A,2lzm,L39A,39,L,A
0.2,2lzm_N40A,2lzm,N40A,40,N,A
-3.7,2lzm_A42K,2lzm,A42K,42,A,K
-1.1,2lzm_K43A,2lzm,K43A,43,K,A
-2.1,2lzm_L46A,2lzm,L46A,46,L,A
-2.7,2lzm_I17A,2lzm,I17A,17,I,A
-3.1,2lzm_I27A,2lzm,I27A,27,I,A
-2.6,2lzm_I29A,2lzm,I29A,29,I,A
-2.0,2lzm_I50A,2lzm,I50A,50,I,A
-3.2,2lzm_I58A,2lzm,I58A,58,I,A
-1.6,2lzm_I78A,2lzm,I78A,78,I,A
-3.4,2lzm_I100A,2lzm,I100A,100,I,A
-1.5,2lzm_V71A,2lzm,V71A,71,V,A
-1.7,2lzm_V87A,2lzm,V87A,87,V,A
-1.8,2lzm_V94A,2lzm,V94A,94,V,A
-2.2,2lzm_V103A,2lzm,V103A,103,V,A
-1.3,2lzm_V111A,2lzm,V111A,111,V,A
-3.2,2lzm_V149A,2lzm,V149A,149,V,A
-1.9,2lzm_M6A,2lzm,M6A,6,M,A
-2.3,2lzm_M106A,2lzm,M106A,106,M,A
-1.9,2lzm_F67A,2lzm,F67A,67,F,A
-3.1,2lzm_F104A,2lzm,F104A,104,F,A
-2.6,2lzm_L7A,2lzm,L7A,7,L,A
-3.6,2lzm_L33A,2lzm,L33A,33,L,A
-3.9,2lzm_L66A,2lzm,L66A,66,L,A
-3.9,2lzm_L84A,2lzm,L84A,84,L,A
-3.1,2lzm_L91A,2lzm,L91A,91,L,A
-2.8,2lzm_M6L,2lzm,M6L,6,M,L
0.5,2lzm_M106L,2lzm,M106L,106,M,L
0.5,2lzm_M120L,2lzm,M120L,120,M,L
-3.4,2lzm_M106K,2lzm,M106K,106,M,K
-1.6,2lzm_M120K,2lzm,M120K,120,M,K
-4.0,2lzm_H31N,2lzm,H31N,31,H,N
1.2,2lzm_E108V,2lzm,E108V,108,E,V
-4.6,2lzm_L99A,2lzm,L99A,99,L,A
-7.4,2lzm_L99G,2lzm,L99G,99,L,G
0.7,2lzm_E108V,2lzm,E108V,108,E,V
-4.0,2lzm_L99A,2lzm,L99A,99,L,A
-6.3,2lzm_L99G,2lzm,L99G,99,L,G
-0.8,2lzm_I78V,2lzm,I78V,78,I,V
-1.2,2lzm_L118I,2lzm,L118I,118,L,I
-0.3,2lzm_V87I,2lzm,V87I,87,V,I
-0.4,2lzm_I100V,2lzm,I100V,100,I,V
-1.0,2lzm_M102L,2lzm,M102L,102,M,L
-0.5,2lzm_V103I,2lzm,V103I,103,V,I
0.2,2lzm_M106I,2lzm,M106I,106,M,I
-1.1,2lzm_V111A,2lzm,V111A,111,V,A
-0.1,2lzm_M120Y,2lzm,M120Y,120,M,Y
0.0,2lzm_V149I,2lzm,V149I,149,V,I
-0.4,1stn_W140H,1stn,W140H,140,W,H
-0.6,1stn_W140F,1stn,W140F,140,W,F
-1.1,1stn_W140Y,1stn,W140Y,140,W,Y
-4.5,1stn_W140L,1stn,W140L,140,W,L
1.4,2lzm_E108V,2lzm,E108V,108,E,V
-2.0,2lzm_G28A,2lzm,G28A,28,G,A
-0.12,1stn_S141A,1stn,S141A,141,S,A
-2.6,1stn_I18G,1stn,I18G,18,I,G
-1.4,1stn_T33S,1stn,T33S,33,T,S
-3.6,1stn_L36A,1stn,L36A,36,L,A
-5.4,1stn_L36G,1stn,L36G,36,L,G
-1.8,1stn_L37A,1stn,L37A,37,L,A
-3.9,1stn_L37G,1stn,L37G,37,L,G
-1.5,1stn_A60G,1stn,A60G,60,A,G
-2.9,1stn_A60V,1stn,A60V,60,A,V
-2.4,1stn_F61A,1stn,F61A,61,F,A
-4.7,1stn_F61G,1stn,F61G,61,F,G
-2.4,1stn_T62A,1stn,T62A,62,T,A
-3.4,1stn_T62G,1stn,T62G,62,T,G
-1.6,1stn_E73A,1stn,E73A,73,E,A
-4.1,1stn_F76A,1stn,F76A,76,F,A
-4.7,1stn_F76G,1stn,F76G,76,F,G
-3.2,1stn_D77A,1stn,D77A,77,D,A
-2.2,1stn_D77G,1stn,D77G,77,D,G
-2.4,1stn_G79S,1stn,G79S,79,G,S
-3.9,1stn_D83A,1stn,D83A,83,D,A
-2.8,1stn_D83G,1stn,D83G,83,D,G
-2.0,1stn_A90S,1stn,A90S,90,A,S
-5.3,1stn_Y91S,1stn,Y91S,91,Y,S
-3.6,1stn_D95A,1stn,D95A,95,D,A
0.0,2lzm_R96K,2lzm,R96K,96,R,K
-0.3,2lzm_R96Q,2lzm,R96Q,96,R,Q
-2.0,2lzm_R96A,2lzm,R96A,96,R,A
-2.4,2lzm_R96V,2lzm,R96V,96,R,V
-2.6,2lzm_R96S,2lzm,R96S,96,R,S
-2.5,2lzm_R96E,2lzm,R96E,96,R,E
-2.6,2lzm_R96G,2lzm,R96G,96,R,G
-2.7,2lzm_R96M,2lzm,R96M,96,R,M
-2.8,2lzm_R96T,2lzm,R96T,96,R,T
-3.1,1stn_D95G,1stn,D95G,95,D,G
-2.9,2lzm_R96C,2lzm,R96C,96,R,C
-2.9,2lzm_R96I,2lzm,R96I,96,R,I
-3.0,2lzm_R96N,2lzm,R96N,96,R,N
-3.2,2lzm_R96L,2lzm,R96L,96,R,L
-3.5,2lzm_R96D,2lzm,R96D,96,R,D
-4.2,2lzm_R96F,2lzm,R96F,96,R,F
-4.5,2lzm_R96W,2lzm,R96W,96,R,W
-4.7,2lzm_R96Y,2lzm,R96Y,96,R,Y
-5.5,2lzm_R96P,2lzm,R96P,96,R,P
-4.6,1stn_L103A,1stn,L103A,103,L,A
-0.6,2lzm_K85A,2lzm,K85A,85,K,A
-0.5,2lzm_D89A,2lzm,D89A,89,D,A
-2.5,1stn_N118D,1stn,N118D,118,N,D
-0.5,2lzm_R96K,2lzm,R96K,96,R,K
-0.7,2lzm_R96Q,2lzm,R96Q,96,R,Q
-2.0,2lzm_R96A,2lzm,R96A,96,R,A
-2.5,2lzm_R96V,2lzm,R96V,96,R,V
-2.8,2lzm_R96S,2lzm,R96S,96,R,S
-1.9,2lzm_R96E,2lzm,R96E,96,R,E
-3.2,2lzm_R96G,2lzm,R96G,96,R,G
-2.5,2lzm_R96M,2lzm,R96M,96,R,M
-3.1,2lzm_R96T,2lzm,R96T,96,R,T
-2.9,2lzm_R96C,2lzm,R96C,96,R,C
-2.8,2lzm_R96I,2lzm,R96I,96,R,I
-3.3,2lzm_R96N,2lzm,R96N,96,R,N
-3.2,2lzm_R96L,2lzm,R96L,96,R,L
-2.3,2lzm_R96D,2lzm,R96D,96,R,D
-4.2,2lzm_R96F,2lzm,R96F,96,R,F
-4.2,2lzm_R96W,2lzm,R96W,96,R,W
-4.5,2lzm_R96Y,2lzm,R96Y,96,R,Y
-6.0,2lzm_R96P,2lzm,R96P,96,R,P
0.1,2lzm_K85A,2lzm,K85A,85,K,A
-0.7,2lzm_D89A,2lzm,D89A,89,D,A
-1.1,3mbp_V8G,3mbp,V8G,8,V,G
-2.3,3mbp_G19C,3mbp,G19C,19,G,C
-1.5,3mbp_A276G,3mbp,A276G,276,A,G
-3.2,3mbp_Y283D,3mbp,Y283D,283,Y,D
0.7,3mbp_T345I,3mbp,T345I,345,T,I
0.0,3mbp_D55N,3mbp,D55N,55,D,N
0.5,1kfw_G93P(PDB:G92P),1kfw,G93P(PDB:G92P),93P(PDB:G92P,G,)
0.81,1kfw_N198K(PDB:N197K),1kfw,N198K(PDB:N197K),198K(PDB:N197K,N,)
-0.65,1kfw_G254P(PDB:G253P),1kfw,G254P(PDB:G253P),254P(PDB:G253P,G,)
0.62,1kfw_G406Q(PDB:G405Q),1kfw,G406Q(PDB:G405Q),406Q(PDB:G405Q,G,)
0.025,1shg_Y13F,1shg,Y13F,13,Y,F
0.067,1shg_Y57F,1shg,Y57F,57,Y,F
-0.44,1shg_F52Y,1shg,F52Y,52,F,Y
0.84,1shg_K59Y,1shg,K59Y,59,K,Y
0.92,1shg_K59F,1shg,K59F,59,K,F
2.53,1shg_Y13F,1shg,Y13F,13,Y,F
2.33,1shg_K18F,1shg,K18F,18,K,F
2.57,1shg_Y57F,1shg,Y57F,57,Y,F
2.51,1shg_K59F,1shg,K59F,59,K,F
2.1,1vqb_E30F,1vqb,E30F,30,E,F
0.7,1vqb_E30M,1vqb,E30M,30,E,M
-4.2,1vqb_C33S,1vqb,C33S,33,C,S
-2.0,1vqb_D36C,1vqb,D36C,36,D,C
-1.0,1vqb_D36N,1vqb,D36N,36,D,N
-7.4,1vqb_I47T,1vqb,I47T,47,I,T
-0.5,1vqb_C33A,1vqb,C33A,33,C,A
-0.9,1vqb_C33I,1vqb,C33I,33,C,I
-2.6,1vqb_C33L,1vqb,C33L,33,C,L
-4.3,1vqb_C33S,1vqb,C33S,33,C,S
-4.6,1vqb_C33T,1vqb,C33T,33,C,T
-5.3,1vqb_V35T,1vqb,V35T,35,V,T
-7.7,1vqb_L37A,1vqb,L37A,37,L,A
-4.6,1vqb_L37C,1vqb,L37C,37,L,C
-1.4,1vqb_L37I,1vqb,L37I,37,L,I
-5.2,1vqb_L37T,1vqb,L37T,37,L,T
-3.5,1vqb_L37V,1vqb,L37V,37,L,V
-2.1,1vqb_V45A,1vqb,V45A,45,V,A
-3.0,1vqb_V45L,1vqb,V45L,45,V,L
-3.5,1vqb_V45T,1vqb,V45T,45,V,T
-7.1,1vqb_I47A,1vqb,I47A,47,I,A
-6.1,1vqb_L49A,1vqb,L49A,49,L,A
-4.1,1vqb_L49C,1vqb,L49C,49,L,C
-1.9,1vqb_L49I,1vqb,L49I,49,L,I
-5.7,1vqb_L49T,1vqb,L49T,49,L,T
-2.9,1vqb_L49V,1vqb,L49V,49,L,V
-4.1,1vqb_V63C,1vqb,V63C,63,V,C
-5.0,1vqb_V63T,1vqb,V63T,63,V,T
-3.7,1vqb_S67C,1vqb,S67C,67,S,C
-1.6,1vqb_S67T,1vqb,S67T,67,S,T
-5.0,1vqb_F68V,1vqb,F68V,68,F,V
-4.4,1vqb_I78C,1vqb,I78C,78,I,C
-6.6,1vqb_I78T,1vqb,I78T,78,I,T
-1.3,1vqb_I78V,1vqb,I78V,78,I,V
-3.7,1vqb_L81C,1vqb,L81C,81,L,C
-5.1,1vqb_L81T,1vqb,L81T,81,L,T
-0.2,1vqb_L81V,1vqb,L81V,81,L,V
-0.3,1vqb_V19C,1vqb,V19C,19,V,C
-0.6,1vqb_V19T,1vqb,V19T,19,V,T
0.8,1vqb_K24V,1vqb,K24V,24,K,V
-0.4,1vqb_Y26R,1vqb,Y26R,26,Y,R
0.6,1vqb_E30M,1vqb,E30M,30,E,M
-1.1,1vqb_E30N,1vqb,E30N,30,E,N
-0.9,1vqb_L32H,1vqb,L32H,32,L,H
-1.6,1vqb_L32R,1vqb,L32R,32,L,R
2.8,1vqb_L32W,1vqb,L32W,32,L,W
-2.1,1vqb_D36C,1vqb,D36C,36,D,C
-1.6,1vqb_E40C,1vqb,E40C,40,E,C
-0.4,1vqb_E40T,1vqb,E40T,40,E,T
-0.4,1vqb_Y41A,1vqb,Y41A,41,Y,A
-2.1,1vqb_V43C,1vqb,V43C,43,V,C
-1.6,1vqb_V43T,1vqb,V43T,43,V,T
-0.8,1vqb_T48C,1vqb,T48C,48,T,C
0.0,1vqb_T48V,1vqb,T48V,48,T,V
-1.6,1vqb_D50H,1vqb,D50H,50,D,H
-0.7,1vqb_T62C,1vqb,T62C,62,T,C
1.3,1vqb_T62V,1vqb,T62V,62,T,V
-1.3,1vqb_K69H,1vqb,K69H,69,K,H
0.1,1vqb_K69M,1vqb,K69M,69,K,M
-3.3,1vqb_V70C,1vqb,V70C,70,V,C
-5.1,1vqb_V70P,1vqb,V70P,70,V,P
-3.5,1vqb_V70T,1vqb,V70T,70,V,T
-2.1,1vqb_M77A,1vqb,M77A,77,M,A
0.0,1vqb_M77C,1vqb,M77C,77,M,C
-0.2,1vqb_M77F,1vqb,M77F,77,M,F
-1.2,1vqb_M77L,1vqb,M77L,77,M,L
-0.8,1vqb_M77T,1vqb,M77T,77,M,T
-1.5,1vqb_D50H,1vqb,D50H,50,D,H
-4.2,1vqb_F68L,1vqb,F68L,68,F,L
-1.2,1vqb_K69H,1vqb,K69H,69,K,H
0.2,1vqb_K69M,1vqb,K69M,69,K,M
-3.1,1vqb_V70C,1vqb,V70C,70,V,C
-5.0,1vqb_V70P,1vqb,V70P,70,V,P
-2.03,1rn1_Y11F,1rn1,Y11F,11,Y,F
1.15,1rn1_Y42F,1rn1,Y42F,42,Y,F
-0.71,1rn1_Y56F,1rn1,Y56F,56,Y,F
-0.44,1rn1_Y57F,1rn1,Y57F,57,Y,F
-1.35,1rn1_Y68F,1rn1,Y68F,68,Y,F
-1.08,1rn1_S12A,1rn1,S12A,12,S,A
0.57,1rn1_S17A,1rn1,S17A,17,S,A
-1.56,1rn1_S64A,1rn1,S64A,64,S,A
-0.71,1rn1_N9A,1rn1,N9A,9,N,A
0.0,1rn1_N36A,1rn1,N36A,36,N,A
-2.91,1rn1_N81A,1rn1,N81A,81,N,A
-2.11,1rn1_Y11F,1rn1,Y11F,11,Y,F
1.14,1rn1_Y42F,1rn1,Y42F,42,Y,F
-0.78,1rn1_Y56F,1rn1,Y56F,56,Y,F
-0.5,1rn1_Y57F,1rn1,Y57F,57,Y,F
-1.36,1rn1_Y68F,1rn1,Y68F,68,Y,F
-1.23,1rn1_S12A,1rn1,S12A,12,S,A
0.67,1rn1_S17A,1rn1,S17A,17,S,A
-1.44,1rn1_S64A,1rn1,S64A,64,S,A
-0.9,1rn1_N9A,1rn1,N9A,9,N,A
0.03,1rn1_N36A,1rn1,N36A,36,N,A
-2.87,1rn1_N81A,1rn1,N81A,81,N,A
-0.74,1rn1_A21C,1rn1,A21C,21,A,C
0.33,1rn1_A21D,1rn1,A21D,21,A,D
0.05,1rn1_A21E,1rn1,A21E,21,A,E
-0.57,1rn1_A21F,1rn1,A21F,21,A,F
-0.9,1rn1_A21G,1rn1,A21G,21,A,G
-0.56,1rn1_A21H,1rn1,A21H,21,A,H
-0.44,1rn1_A21I,1rn1,A21I,21,A,I
-0.51,1rn1_A21K,1rn1,A21K,21,A,K
-0.13,1rn1_A21L,1rn1,A21L,21,A,L
-0.15,1rn1_A21M,1rn1,A21M,21,A,M
0.34,1rn1_A21N,1rn1,A21N,21,A,N
-0.26,1rn1_A21Q,1rn1,A21Q,21,A,Q
-0.41,1rn1_A21R,1rn1,A21R,21,A,R
-0.49,1rn1_A21S,1rn1,A21S,21,A,S
-0.57,1rn1_A21T,1rn1,A21T,21,A,T
-0.66,1rn1_A21V,1rn1,A21V,21,A,V
-0.3,1rn1_A21W,1rn1,A21W,21,A,W
-0.39,1rn1_A21Y,1rn1,A21Y,21,A,Y
-0.71,1rn1_A21D,1rn1,A21D,21,A,D
-0.69,1rn1_A21E,1rn1,A21E,21,A,E
-0.17,1rn1_A21H,1rn1,A21H,21,A,H
-0.4,1rn1_A21Q,1rn1,A21Q,21,A,Q
-0.4,1rn1_A21S,1rn1,A21S,21,A,S
-0.21,1ayf_Y82W,1ayf,Y82W,82,Y,W
0.38,1igv_E17Q,1igv,E17Q,17,E,Q
0.74,1igv_D19N,1igv,D19N,19,D,N
0.09,1igv_E26Q,1igv,E26Q,26,E,Q
-2.5,1cah_W5F,1cah,W5F,5,W,F
0.1,1cah_W5F,1cah,W5F,5,W,F
-6.3,1cah_W16F,1cah,W16F,16,W,F
0.3,1cah_W16F,1cah,W16F,16,W,F
0.1,1cah_C206S,1cah,C206S,206,C,S
-0.7,1cah_C206S,1cah,C206S,206,C,S
-0.43,1el1_V109K,1el1,V109K,109,V,K
-0.48,1el1_H21G,1el1,H21G,21,H,G
-0.24,1el1_I56L,1el1,I56L,56,I,L
-0.26,1el1_A93S,1el1,A93S,93,A,S
-6.69,4lyz_K13D,4lyz,K13D,13,K,D
-0.96,4lyz_G49N,4lyz,G49N,49,G,N
-2.15,4lyz_P70N,4lyz,P70N,70,P,N
-4.78,4lyz_C94A,4lyz,C94A,94,C,A
0.24,4lyz_N103D,4lyz,N103D,103,N,D
-0.24,4lyz_M105T,4lyz,M105T,105,M,T
-3.89,2ci2_I48A,2ci2,I48A,48,I,A
-4.91,2ci2_V66A,2ci2,V66A,66,V,A
-3.74,2ci2_L68A,2ci2,L68A,68,L,A
-4.23,2ci2_I76A,2ci2,I76A,76,I,A
-4.34,2ci2_I76A,2ci2,I76A,76,I,A
1.4,1poh_S46D,1poh,S46D,46,S,D
0.3,1poh_S46N,1poh,S46N,46,S,N
-1.1,1poh_S46A,1poh,S46A,46,S,A
-2.1,1clw_G177R,1clw,G177R,177,G,R
-1.6,1clw_T235I,1clw,T235I,235,T,I
-4.0,1clw_G244R,1clw,G244R,244,G,R
-2.3,1clw_E309V,1clw,E309V,309,E,V
-10.3,1clw_R285K,1clw,R285K,285,R,K
-0.4,1clw_G323D,1clw,G323D,323,G,D
-17.4,1clw_R382S,1clw,R382S,382,R,S
-0.7,2ci2_E33N,2ci2,E33N,33,E,N
-0.49,2ci2_K36A,2ci2,K36A,36,K,A
0.23,2ci2_K37A,2ci2,K37A,37,K,A
-0.97,2ci2_K37G,2ci2,K37G,37,K,G
-2.12,2ci2_I49A,2ci2,I49A,49,I,A
0.08,2ci2_I49V,2ci2,I49V,49,I,V
-0.85,2ci2_T22A,2ci2,T22A,22,T,A
-0.63,2ci2_V53A,2ci2,V53A,53,V,A
-1.03,2ci2_V53T,2ci2,V53T,53,V,T
-2.37,2ci2_L51A,2ci2,L51A,51,L,A
-0.5,2ci2_L51V,2ci2,L51V,51,L,V
-2.11,2ci2_F69L,2ci2,F69L,69,F,L
0.69,2afg_L44P,2afg,L44P,44,L,P
-1.46,2afg_L73V,2afg,L73V,73,L,V
-0.57,2afg_V109L,2afg,V109L,109,V,L
-0.26,2afg_C117S,2afg,C117S,117,C,S
1.6,2afg_H93G,2afg,H93G,93,H,G
0.7,2hpr_S46D,2hpr,S46D,46,S,D
-0.57,4lyz_M12L,4lyz,M12L,12,M,L
0.28,4lyz_M12F,4lyz,M12F,12,M,F
0.14,1ftg_E20K,1ftg,E20K,20,E,K
-0.06,1ftg_E40K,1ftg,E40K,40,E,K
-0.46,1ftg_E61K,1ftg,E61K,61,E,K
0.2,1ftg_D65K,1ftg,D65K,65,D,K
-0.13,1ftg_E72K,1ftg,E72K,72,E,K
-0.01,1ftg_D75K,1ftg,D75K,75,D,K
-0.58,1ftg_D126K,1ftg,D126K,126,D,K
0.01,1ftg_D150K,1ftg,D150K,150,D,K
-1.2,1ftg_E20K,1ftg,E20K,20,E,K
-1.16,1ftg_E40K,1ftg,E40K,40,E,K
0.22,1ftg_E61K,1ftg,E61K,61,E,K
-0.11,1ftg_D65K,1ftg,D65K,65,D,K
-1.38,1ftg_E72K,1ftg,E72K,72,E,K
-1.14,1ftg_D75K,1ftg,D75K,75,D,K
0.03,1ftg_D126K,1ftg,D126K,126,D,K
0.21,1ftg_D150K,1ftg,D150K,150,D,K
-1.06,1ftg_E20K,1ftg,E20K,20,E,K
-1.22,1ftg_E40K,1ftg,E40K,40,E,K
-0.24,1ftg_E61K,1ftg,E61K,61,E,K
0.09,1ftg_D65K,1ftg,D65K,65,D,K
-1.5,1ftg_E72K,1ftg,E72K,72,E,K
-1.15,1ftg_D75K,1ftg,D75K,75,D,K
-0.55,1ftg_D126K,1ftg,D126K,126,D,K
0.22,1ftg_D150K,1ftg,D150K,150,D,K
0.24,1ftg_E20K,1ftg,E20K,20,E,K
-0.4,1ftg_E40K,1ftg,E40K,40,E,K
-0.07,1ftg_E72K,1ftg,E72K,72,E,K
-0.25,1ftg_D75K,1ftg,D75K,75,D,K
-0.71,1ftg_D126K,1ftg,D126K,126,D,K
0.6,1ftg_D150K,1ftg,D150K,150,D,K
-0.95,1ftg_E20K,1ftg,E20K,20,E,K
-1.12,1ftg_E40K,1ftg,E40K,40,E,K
-1.4,1ftg_E72K,1ftg,E72K,72,E,K
-0.73,1ftg_D75K,1ftg,D75K,75,D,K
-0.28,1ftg_D126K,1ftg,D126K,126,D,K
-0.12,1ftg_D150K,1ftg,D150K,150,D,K
-0.71,1ftg_E20K,1ftg,E20K,20,E,K
-1.52,1ftg_E40K,1ftg,E40K,40,E,K
-1.47,1ftg_E72K,1ftg,E72K,72,E,K
-0.98,1ftg_D75K,1ftg,D75K,75,D,K
-0.99,1ftg_D126K,1ftg,D126K,126,D,K
0.48,1ftg_D150K,1ftg,D150K,150,D,K
-1.11,1ftg_L6A,1ftg,L6A,6,L,A
-0.67,1ftg_I22A,1ftg,I22A,22,I,A
-0.46,1ftg_V31A,1ftg,V31A,31,V,A
0.04,1ftg_D43A,1ftg,D43A,43,D,A
-0.41,1ftg_I51V,1ftg,I51V,51,I,V
-0.18,1ftg_I52V,1ftg,I52V,52,I,V
-0.11,1ftg_S71A,1ftg,S71A,71,S,A
-0.47,1ftg_A84G,1ftg,A84G,84,A,G
-0.22,1ftg_N97A,1ftg,N97A,97,N,A
0.85,1ftg_Q99A,1ftg,Q99A,99,Q,A
-0.38,1ftg_I104V,1ftg,I104V,104,I,V
-0.18,1ftg_S110A,1ftg,S110A,110,S,A
-0.95,1ftg_V117A,1ftg,V117A,117,V,A
0.65,1ftg_T122S,1ftg,T122S,122,T,S
-0.6,1ftg_V139A,1ftg,V139A,139,V,A
-0.15,1ftg_L143A,1ftg,L143A,143,L,A
-0.69,1ftg_I156V,1ftg,I156V,156,I,V
-0.73,1ftg_V160A,1ftg,V160A,160,V,A
-1.74,1ftg_L6A,1ftg,L6A,6,L,A
-1.03,1ftg_I22A,1ftg,I22A,22,I,A
-0.99,1ftg_V31A,1ftg,V31A,31,V,A
-0.03,1ftg_D43A,1ftg,D43A,43,D,A
-1.04,1ftg_I51V,1ftg,I51V,51,I,V
-0.6,1ftg_I52V,1ftg,I52V,52,I,V
0.13,1ftg_S71A,1ftg,S71A,71,S,A
-1.25,1ftg_A84G,1ftg,A84G,84,A,G
-0.24,1ftg_N97A,1ftg,N97A,97,N,A
0.49,1ftg_Q99A,1ftg,Q99A,99,Q,A
-0.11,1ftg_I104V,1ftg,I104V,104,I,V
-0.34,1ftg_S110A,1ftg,S110A,110,S,A
-1.32,1ftg_V117A,1ftg,V117A,117,V,A
0.11,1ftg_T122S,1ftg,T122S,122,T,S
-0.29,1ftg_V139A,1ftg,V139A,139,V,A
-0.11,1ftg_L143A,1ftg,L143A,143,L,A
-1.6,1ftg_I156V,1ftg,I156V,156,I,V
-1.1,1ftg_V160A,1ftg,V160A,160,V,A
0.754,2afg_H21Y,2afg,H21Y,21,H,Y
0.31,2afg_L44F,2afg,L44F,44,L,F
0.399,2afg_H102Y,2afg,H102Y,102,H,Y
0.331,2afg_F108Y,2afg,F108Y,108,F,Y
-0.079,2afg_V109I,2afg,V109I,109,V,I
0.385,2afg_H21Y,2afg,H21Y,21,H,Y
0.467,2afg_L44F,2afg,L44F,44,L,F
0.096,2afg_H102Y,2afg,H102Y,102,H,Y
0.334,2afg_F108Y,2afg,F108Y,108,F,Y
-0.108,2afg_V109I,2afg,V109I,109,V,I
-3.84,2ci2_I48A,2ci2,I48A,48,I,A
-4.88,2ci2_V66A,2ci2,V66A,66,V,A
-3.82,2ci2_L68A,2ci2,L68A,68,L,A
-4.25,2ci2_I76A,2ci2,I76A,76,I,A
0.04,2ci2_T58D,2ci2,T58D,58,T,D
-0.69,2ci2_T58A,2ci2,T58A,58,T,A
-0.68,2ci2_E60A,2ci2,E60A,60,E,A
-0.32,2ci2_T22V,2ci2,T22V,22,T,V
-0.85,2ci2_T22A,2ci2,T22A,22,T,A
-1.16,2ci2_T22G,2ci2,T22G,22,T,G
0.08,2ci2_I49V,2ci2,I49V,49,I,V
-2.12,2ci2_I49A,2ci2,I49A,49,I,A
-3.52,2ci2_I49G,2ci2,I49G,49,I,G
-1.34,2ci2_I49T,2ci2,I49T,49,I,T
-1.03,2ci2_V53T,2ci2,V53T,53,V,T
-0.64,2ci2_V53A,2ci2,V53A,53,V,A
-2.43,2ci2_V53G,2ci2,V53G,53,V,G
-1.88,2ci2_A77G,2ci2,A77G,77,A,G
-0.38,2ci2_V79T,2ci2,V79T,79,V,T
-1.51,2ci2_V79A,2ci2,V79A,79,V,A
-3.24,2ci2_V79G,2ci2,V79G,79,V,G
-1.15,2ci2_V82T,2ci2,V82T,82,V,T
-1.45,2ci2_V82A,2ci2,V82A,82,V,A
-3.5,2ci2_V82G,2ci2,V82G,82,V,G
-0.55,2ci2_K21A,2ci2,K21A,21,K,A
-0.67,2ci2_K21M,2ci2,K21M,21,K,M
-1.57,2ci2_P25A,2ci2,P25A,25,P,A
-0.47,2ci2_E26A,2ci2,E26A,26,E,A
-0.62,2ci2_E26Q,2ci2,E26Q,26,E,Q
0.42,2ci2_K30A,2ci2,K30A,30,K,A
-0.8,1iob_T9A,1iob,T9A,9,T,A
-0.29,2ci2_E33Q,2ci2,E33Q,33,E,Q
-0.52,2ci2_E33D,2ci2,E33D,33,E,D
-0.7,2ci2_E33N,2ci2,E33N,33,E,N
-0.47,2ci2_E34Q,2ci2,E34Q,34,E,Q
-0.74,2ci2_E34D,2ci2,E34D,34,E,D
-1.07,2ci2_E34N,2ci2,E34N,34,E,N
-1.09,2ci2_A35G,2ci2,A35G,35,A,G
-0.49,2ci2_K36A,2ci2,K36A,36,K,A
-2.32,2ci2_K36G,2ci2,K36G,36,K,G
0.21,2ci2_K37A,2ci2,K37A,37,K,A
-0.99,2ci2_K37G,2ci2,K37G,37,K,G
-1.33,2ci2_L40A,2ci2,L40A,40,L,A
-1.38,2ci2_L40G,2ci2,L40G,40,L,G
-0.02,2ci2_Q41A,2ci2,Q41A,41,Q,A
-0.6,2ci2_Q41G,2ci2,Q41G,41,Q,G
-0.96,2ci2_D42A,2ci2,D42A,42,D,A
-3.19,2ci2_K43G,2ci2,K43G,43,K,G
-2.37,2ci2_L51A,2ci2,L51A,51,L,A
-0.26,2ci2_L51I,2ci2,L51I,51,L,I
-0.5,2ci2_L51V,2ci2,L51V,51,L,V
-0.17,2ci2_P52A,2ci2,P52A,52,P,A
-0.02,2ci2_T55S,2ci2,T55S,55,T,S
-0.76,2ci2_T55V,2ci2,T55V,55,T,V
0.23,2ci2_T55A,2ci2,T55A,55,T,A
-0.03,2ci2_I56A,2ci2,I56A,56,I,A
-1.47,2ci2_V57A,2ci2,V57A,57,V,A
-0.7,2ci2_E60A,2ci2,E60A,60,E,A
-0.58,2ci2_R62A,2ci2,R62A,62,R,A
-0.8,2ci2_D64A,2ci2,D64A,64,D,A
-2.11,2ci2_F69L,2ci2,F69L,69,F,L
-2.39,2ci2_F69V,2ci2,F69V,69,F,V
-3.84,2ci2_F69A,2ci2,F69A,69,F,A
-3.41,2ci2_D71A,2ci2,D71A,71,D,A
0.004,2ci2_K72N,2ci2,K72N,72,K,N
-1.21,2ci2_N75D,2ci2,N75D,75,N,D
-0.83,2ci2_N75A,2ci2,N75A,75,N,A
-3.34,2ci2_P80A,2ci2,P80A,80,P,A
0.19,1ftg_V18I,1ftg,V18I,18,V,I
0.27,1ftg_E20K,1ftg,E20K,20,E,K
-0.02,1ftg_I21A,1ftg,I21A,21,I,A
0.17,1ftg_I21G,1ftg,I21G,21,I,G
0.17,1ftg_E40K,1ftg,E40K,40,E,K
0.02,1ftg_L50A,1ftg,L50A,50,L,A
0.38,1ftg_G68A,1ftg,G68A,68,G,A
0.33,1ftg_E72K,1ftg,E72K,72,E,K
0.4,1ftg_D75K,1ftg,D75K,75,D,K
0.05,1ftg_V83I,1ftg,V83I,83,V,I
0.43,1ftg_Q99A,1ftg,Q99A,99,Q,A
0.16,1ftg_A101V,1ftg,A101V,101,A,V
0.15,1ftg_E107A,1ftg,E107A,107,E,A
0.22,1ftg_Q111G,1ftg,Q111G,111,Q,G
-0.7,1iob_T9L,1iob,T9L,9,T,L
-1.9,1iob_T9Q,1iob,T9Q,9,T,Q
-2.6,1iob_T9G,1iob,T9G,9,T,G
0.08,1flv_V18I,1flv,V18I,18,V,I
0.04,1flv_V18L,1flv,V18L,18,V,L
0.03,1flv_V83I,1flv,V83I,83,V,I
0.44,1flv_V18I,1flv,V18I,18,V,I
0.04,1flv_V18L,1flv,V18L,18,V,L
-0.01,1flv_V83I,1flv,V83I,83,V,I
0.52,1flv_V18I,1flv,V18I,18,V,I
0.09,1flv_V18L,1flv,V18L,18,V,L
-0.03,1flv_V83I,1flv,V83I,83,V,I
-0.09,1flv_G87A,1flv,G87A,87,G,A
0.12,1flv_G87V,1flv,G87V,87,G,V
-0.21,1flv_G87L,1flv,G87L,87,G,L
-0.69,1flv_A101V,1flv,A101V,101,A,V
-0.53,1flv_A101L,1flv,A101L,101,A,L
-0.5,1iob_K97R,1iob,K97R,97,K,R
-1.2,1iob_K97G,1iob,K97G,97,K,G
1.5,1poh_S46D,1poh,S46D,46,S,D
0.5,1poh_S46N,1poh,S46N,46,S,N
-0.9,1poh_S46A,1poh,S46A,46,S,A
-0.72,2afg_L44F,2afg,L44F,44,L,F
0.07,2afg_F85W,2afg,F85W,85,F,W
-0.29,2afg_F132W,2afg,F132W,132,F,W
0.8,1iob_K97V,1iob,K97V,97,K,V
1.36,1pga_T53T,1pga,T53T,53,T,T
1.04,1pga_T53W,1pga,T53W,53,T,W
0.87,1pga_T53S,1pga,T53S,53,T,S
0.9,1pga_T53M,1pga,T53M,53,T,M
0.78,1pga_T53C,1pga,T53C,53,T,C
0.45,1pga_T53L,1pga,T53L,53,T,L
0.4,1pga_T53R,1pga,T53R,53,T,R
0.52,1pga_T53N,1pga,T53N,53,T,N
0.37,1pga_T53H,1pga,T53H,53,T,H
0.38,1pga_T53Q,1pga,T53Q,53,T,Q
0.35,1pga_T53K,1pga,T53K,53,T,K
0.23,1pga_T53E,1pga,T53E,53,T,E
-0.85,1pga_T53D,1pga,T53D,53,T,D
-1.21,1pga_T53G,1pga,T53G,53,T,G
-2.8,1pga_T25P,1pga,T25P,25,T,P
-3.5,1pga_V29P,1pga,V29P,29,V,P
-3.1,1pga_D36P,1pga,D36P,36,D,P
-8.4,1bni_G52V,1bni,G52V,52,G,V
-3.08,1bni_T6P,1bni,T6P,6,T,P
-0.97,1bni_D8S,1bni,D8S,8,D,S
-0.65,1bni_D12S,1bni,D12S,12,D,S
-1.66,1bni_T16G,1bni,T16G,16,T,G
-0.27,1bni_T16A,1bni,T16A,16,T,A
-4.03,1bni_Y17G,1bni,Y17G,17,Y,G
-2.57,1bni_Y17S,1bni,Y17S,17,Y,S
-0.7,1bni_H18G,1bni,H18G,18,H,G
-1.85,1bni_H18A,1bni,H18A,18,H,A
-2.28,1bni_H18S,1bni,H18S,18,H,S
-1.68,1bni_H18N,1bni,H18N,18,H,N
-2.56,1bni_H18D,1bni,H18D,18,H,D
-1.19,1bni_H18K,1bni,H18K,18,H,K
-1.17,1bni_H18R,1bni,H18R,18,H,R
1.1,1bni_D12A,1bni,D12A,12,D,A
-6.4,1bni_Y13G,1bni,Y13G,13,Y,G
-1.6,1bni_Q15G,1bni,Q15G,15,Q,G
-0.2,1bni_Q15A,1bni,Q15A,15,Q,A
-4.9,1bni_Y17G,1bni,Y17G,17,Y,G
-3.1,1bni_I55G,1bni,I55G,55,I,G
-2.5,1bni_R72G,1bni,R72G,72,R,G
-5.4,1bni_E73G,1bni,E73G,73,E,G
-7.4,1bni_I88G,1bni,I88G,88,I,G
-0.08,1bni_T26D,1bni,T26D,26,T,D
-7.0,1bni_L89G,1bni,L89G,89,L,G
-4.7,1bni_L95G,1bni,L95G,95,L,G
-5.7,1bni_I96G,1bni,I96G,96,I,G
-6.6,1bni_Y97G,1bni,Y97G,97,Y,G
-2.8,1bni_T100G,1bni,T100G,100,T,G
-0.55,1bni_K27G,1bni,K27G,27,K,G
-0.45,1bni_S28G,1bni,S28G,28,S,G
0.41,1bni_S28A,1bni,S28A,28,S,A
-1.81,1bni_E29G,1bni,E29G,29,E,G
-1.25,1bni_E29A,1bni,E29A,29,E,A
-1.23,1bni_E29S,1bni,E29S,29,E,S
-0.98,1bni_Q31G,1bni,Q31G,31,Q,G
-0.25,1bni_Q31S,1bni,Q31S,31,Q,S
0.1,1bni_Q31A,1bni,Q31A,31,Q,A
-3.12,1bni_G34A,1bni,G34A,34,G,A
-3.2,1bni_G34S,1bni,G34S,34,G,S
-2.75,1bni_G34N,1bni,G34N,34,G,N
-3.39,1bni_G34D,1bni,G34D,34,G,D
-2.65,1bni_G34H,1bni,G34H,34,G,H
-3.12,1bni_G34K,1bni,G34K,34,G,K
-2.42,1bni_G34R,1bni,G34R,34,G,R
-3.37,1bni_G34T,1bni,G34T,34,G,T
-0.1,1bni_A32R,1bni,A32R,32,A,R
-0.2,1bni_A32K,1bni,A32K,32,A,K
-0.3,1bni_A32M,1bni,A32M,32,A,M
-0.3,1bni_A32L,1bni,A32L,32,A,L
-0.4,1bni_A32S,1bni,A32S,32,A,S
-0.5,1bni_A32Q,1bni,A32Q,32,A,Q
-0.6,1bni_A32E,1bni,A32E,32,A,E
-0.7,1bni_A32N,1bni,A32N,32,A,N
-0.7,1bni_A32F,1bni,A32F,32,A,F
-0.7,1bni_A32D,1bni,A32D,32,A,D
-0.8,1bni_A32H,1bni,A32H,32,A,H
-0.8,1bni_A32T,1bni,A32T,32,A,T
-0.8,1bni_A32I,1bni,A32I,32,A,I
-0.8,1bni_A32Y,1bni,A32Y,32,A,Y
-0.9,1bni_A32V,1bni,A32V,32,A,V
-0.9,1bni_A32G,1bni,A32G,32,A,G
-1.0,1bni_A32W,1bni,A32W,32,A,W
-1.0,1bni_A32C,1bni,A32C,32,A,C
-4.1,1bni_A32P,1bni,A32P,32,A,P
0.4,1bni_S28E,1bni,S28E,28,S,E
-4.6,1bni_F7L,1bni,F7L,7,F,L
-0.22,1bni_T6S,1bni,T6S,6,T,S
-2.53,1bni_T6A,1bni,T6A,6,T,A
-1.34,1bni_T6G,1bni,T6G,6,T,G
-1.27,1bni_T6N,1bni,T6N,6,T,N
0.11,1bni_T6D,1bni,T6D,6,T,D
-1.87,1bni_T6Q,1bni,T6Q,6,T,Q
-0.27,1bni_T6E,1bni,T6E,6,T,E
-0.56,1bni_T26S,1bni,T26S,26,T,S
-2.31,1bni_T26V,1bni,T26V,26,T,V
-2.11,1bni_T26A,1bni,T26A,26,T,A
-1.29,1bni_T26N,1bni,T26N,26,T,N
-1.72,1bni_T26Q,1bni,T26Q,26,T,Q
-0.05,1bni_T26E,1bni,T26E,26,T,E
-2.23,1bni_T6A,1bni,T6A,6,T,A
-2.14,1bni_T26A,1bni,T26A,26,T,A
-1.6,1bni_H18Q,1bni,H18Q,18,H,Q
-1.87,1bni_T16S,1bni,T16S,16,T,S
-1.5,1bni_Y78F,1bni,Y78F,78,Y,F
-1.27,1bni_W94Y,1bni,W94Y,94,W,Y
-1.06,1bni_W94F,1bni,W94F,94,W,F
-1.59,1bni_W94L,1bni,W94L,94,W,L
-0.98,1bni_H18G,1bni,H18G,18,H,G
-0.99,1bni_W94Y,1bni,W94Y,94,W,Y
-0.6,1bni_W94F,1bni,W94F,94,W,F
-0.66,1bni_W94L,1bni,W94L,94,W,L
0.51,1bni_H18G,1bni,H18G,18,H,G
-3.71,1bni_Y13A,1bni,Y13A,13,Y,A
-2.26,1bni_Y17A,1bni,Y17A,17,Y,A
-0.41,1bni_Y13F,1bni,Y13F,13,Y,F
-0.3,1bni_Y17F,1bni,Y17F,17,Y,F
-2.72,1bni_R69S,1bni,R69S,69,R,S
-4.11,1bni_D93N,1bni,D93N,93,D,N
-3.13,1bni_R69K,1bni,R69K,69,R,K
-4.13,1bni_R83K,1bni,R83K,83,R,K
-4.8,1bni_D75N,1bni,D75N,75,D,N
-0.26,1g6n_S128A,1g6n,S128A,128,S,A
0.14,1g6n_S128P,1g6n,S128P,128,S,P
0.43,1bni_D12A,1bni,D12A,12,D,A
-0.6,1bni_I4V,1bni,I4V,4,I,V
-1.4,1bni_I4A,1bni,I4A,4,I,A
-1.9,1bni_N5A,1bni,N5A,5,N,A
-2.6,1bni_G34H,1bni,G34H,34,G,H
-2.65,1bni_T6H,1bni,T6H,6,T,H
-0.64,1bni_W94L,1bni,W94L,94,W,L
-3.15,1bni_G34H,1bni,G34H,34,G,H
-1.56,1bni_T6H,1bni,T6H,6,T,H
-1.2,1bni_T6G,1bni,T6G,6,T,G
-2.1,1bni_T6A,1bni,T6A,6,T,A
-2.5,1bni_V10T,1bni,V10T,10,V,T
-3.4,1bni_V10A,1bni,V10A,10,V,A
-0.3,1bni_D12A,1bni,D12A,12,D,A
-3.3,1bni_Y13A,1bni,Y13A,13,Y,A
-3.3,1bni_D54A,1bni,D54A,54,D,A
-2.5,1bni_E73A,1bni,E73A,73,E,A
-5.0,1bni_D75N,1bni,D75N,75,D,N
-1.7,1bni_T16S,1bni,T16S,16,T,S
1.0,1bni_Q15I,1bni,Q15I,15,Q,I
-1.2,1bni_H18K,1bni,H18K,18,H,K
0.2,1bni_K19R,1bni,K19R,19,K,R
0.0,1bni_E29Q,1bni,E29Q,29,E,Q
-0.2,1bni_Q31S,1bni,Q31S,31,Q,S
0.1,1bni_D44E,1bni,D44E,44,D,E
-0.3,1bni_I55V,1bni,I55V,55,I,V
-0.5,1bni_K62R,1bni,K62R,62,K,R
0.5,1bni_G65S,1bni,G65S,65,G,S
0.2,1bni_K66A,1bni,K66A,66,K,A
0.3,1bni_T79V,1bni,T79V,79,T,V
-0.12,1bni_S85A,1bni,S85A,85,S,A
-0.3,1bni_I88L,1bni,I88L,88,I,L
-0.3,1bni_L89V,1bni,L89V,89,L,V
-0.2,1bni_Q104A,1bni,Q104A,104,Q,A
0.9,1bni_K108R,1bni,K108R,108,K,R
-2.0,1bni_Y17A,1bni,Y17A,17,Y,A
-2.2,1bni_N23A,1bni,N23A,23,N,A
-2.7,1n0j_I58T,1n0j,I58T,58,I,T
12.7,1n0j_Y34F,1n0j,Y34F,34,Y,F
3.1,1n0j_Y34F,1n0j,Y34F,34,Y,F
2.79,1n0j_Q143N,1n0j,Q143N,143,Q,N
0.06,1n0j_Q143N,1n0j,Q143N,143,Q,N
-0.2,1rx4_V75A,1rx4,V75A,75,V,A
-0.2,1rx4_V75C,1rx4,V75C,75,V,C
-1.9,1rx4_V75S,1rx4,V75S,75,V,S
-1.7,1rx4_V75H,1rx4,V75H,75,V,H
-1.9,1rx4_V75H,1rx4,V75H,75,V,H
-2.0,1rx4_V75I,1rx4,V75I,75,V,I
-2.8,1rx4_V75R,1rx4,V75R,75,V,R
-2.3,1rx4_V75Y,1rx4,V75Y,75,V,Y
-3.01,1tup_R175H,1tup,R175H,175,R,H
-2.94,1tup_C242S,1tup,C242S,242,C,S
-1.94,1tup_R248Q,1tup,R248Q,248,R,Q
-1.95,1tup_R249S,1tup,R249S,249,R,S
-0.35,1tup_R273H,1tup,R273H,273,R,H
0.2,1rx4_V88A,1rx4,V88A,88,V,A
-1.73,1rx4_V88I,1rx4,V88I,88,V,I
0.5,1rx4_L28R,1rx4,L28R,28,L,R
-2.36,1rx4_E139K,1rx4,E139K,139,E,K
-1.36,1rx4_E139Q,1rx4,E139Q,139,E,Q
1.86,1hfy_T29V,1hfy,T29V,29,T,V
1.37,1hfy_T29I,1hfy,T29I,29,T,I
2.8,5cro_Q16L,5cro,Q16L,16,Q,L
2.2,5cro_Y26C,5cro,Y26C,26,Y,C
0.4,5cro_A36S,5cro,A36S,36,A,S
-0.1,5cro_Y26W,5cro,Y26W,26,Y,W
0.4,5cro_Y26F,5cro,Y26F,26,Y,F
0.9,5cro_Y26V,5cro,Y26V,26,Y,V
1.1,5cro_Y26L,5cro,Y26L,26,Y,L
1.4,5cro_Y26Q,5cro,Y26Q,26,Y,Q
1.9,5cro_Y26H,5cro,Y26H,26,Y,H
2.2,5cro_Y26C,5cro,Y26C,26,Y,C
2.7,5cro_Y26D,5cro,Y26D,26,Y,D
-0.04,1wq5_P57A,1wq5,P57A,57,P,A
-0.52,1wq5_P62A,1wq5,P62A,62,P,A
-1.35,3ssi_M103A,3ssi,M103A,103,M,A
-1.35,3ssi_M103V,3ssi,M103V,103,M,V
-2.01,3ssi_M103I,3ssi,M103I,103,M,I
0.77,3ssi_M103L,3ssi,M103L,103,M,L
-6.82,3ssi_M103G,3ssi,M103G,103,M,G
-2.32,3ssi_M103A,3ssi,M103A,103,M,A
-1.84,3ssi_M103V,3ssi,M103V,103,M,V
-1.89,3ssi_M103I,3ssi,M103I,103,M,I
0.15,3ssi_M103L,3ssi,M103L,103,M,L
-7.1,3ssi_M103G,3ssi,M103G,103,M,G
-2.8,3ssi_M103A,3ssi,M103A,103,M,A
-2.22,3ssi_M103V,3ssi,M103V,103,M,V
-2.29,3ssi_M103I,3ssi,M103I,103,M,I
-0.29,3ssi_M103L,3ssi,M103L,103,M,L
-6.78,3ssi_V13A,3ssi,V13A,13,V,A
-10.3,3ssi_V13G,3ssi,V13G,13,V,G
-5.69,3ssi_V13F,3ssi,V13F,13,V,F
-0.84,3ssi_V13I,3ssi,V13I,13,V,I
-2.21,3ssi_V13L,3ssi,V13L,13,V,L
-5.92,3ssi_V13M,3ssi,V13M,13,V,M
-6.93,3ssi_V13A,3ssi,V13A,13,V,A
-9.31,3ssi_V13G,3ssi,V13G,13,V,G
-5.33,3ssi_V13F,3ssi,V13F,13,V,F
-0.94,3ssi_V13I,3ssi,V13I,13,V,I
-2.52,3ssi_V13L,3ssi,V13L,13,V,L
-5.43,3ssi_V13M,3ssi,V13M,13,V,M
1.27,3ssi_M73K,3ssi,M73K,73,M,K
1.08,3ssi_M73D,3ssi,M73D,73,M,D
0.35,3ssi_M73E,3ssi,M73E,73,M,E
-0.21,3ssi_M73G,3ssi,M73G,73,M,G
0.54,3ssi_M73A,3ssi,M73A,73,M,A
-0.46,3ssi_M73V,3ssi,M73V,73,M,V
-0.13,3ssi_M73L,3ssi,M73L,73,M,L
-0.73,3ssi_M73I,3ssi,M73I,73,M,I
0.35,3ssi_M73K,3ssi,M73K,73,M,K
1.6,3ssi_M73D,3ssi,M73D,73,M,D
1.05,3ssi_M73E,3ssi,M73E,73,M,E
-0.06,3ssi_M73G,3ssi,M73G,73,M,G
0.55,3ssi_M73A,3ssi,M73A,73,M,A
-0.66,3ssi_M73V,3ssi,M73V,73,M,V
-0.25,3ssi_M73L,3ssi,M73L,73,M,L
-0.94,3ssi_M73I,3ssi,M73I,73,M,I
0.05,3ssi_M73K,3ssi,M73K,73,M,K
1.25,3ssi_M73D,3ssi,M73D,73,M,D
0.56,3ssi_M73E,3ssi,M73E,73,M,E
-0.49,3ssi_M73G,3ssi,M73G,73,M,G
0.13,3ssi_M73A,3ssi,M73A,73,M,A
-0.95,3ssi_M73V,3ssi,M73V,73,M,V
-0.55,3ssi_M73L,3ssi,M73L,73,M,L
-1.28,3ssi_M73I,3ssi,M73I,73,M,I
-0.7,3bls_Y150F,3bls,Y150F,150,Y,F
-5.0,1am7_H48N,1am7,H48N,48,H,N
0.32,1aar_F45W,1aar,F45W,45,F,W
0.12,1hfy_T29I,1hfy,T29I,29,T,I
0.06,1hfy_A30T,1hfy,A30T,30,A,T
0.3,1hfy_A30I,1hfy,A30I,30,A,I
0.18,1hfy_T33I,1hfy,T33I,33,T,I
0.2,1wq5_G211D,1wq5,G211D,211,G,D
-0.7,1wq5_G211D,1wq5,G211D,211,G,D
-0.4,1wq5_G211S,1wq5,G211S,211,G,S
-0.3,1wq5_G211S,1wq5,G211S,211,G,S
0.3,1wq5_G211V,1wq5,G211V,211,G,V
0.2,1wq5_G211V,1wq5,G211V,211,G,V
-0.7,1wq5_G211W,1wq5,G211W,211,G,W
-0.5,1wq5_G211W,1wq5,G211W,211,G,W
-0.1,1wq5_Y175C,1wq5,Y175C,175,Y,C
-0.5,1wq5_Y175C,1wq5,Y175C,175,Y,C
-0.07,1wq5_F139W,1wq5,F139W,139,F,W
0.09,1wq5_F139W,1wq5,F139W,139,F,W
0.23,1wq5_F258W,1wq5,F258W,258,F,W
-0.16,1wq5_F258W,1wq5,F258W,258,F,W
-3.49,1csp_K5E,1csp,K5E,5,K,E
-2.2,1csp_K5Q,1csp,K5Q,5,K,Q
-1.79,1csp_K5Q,1csp,K5Q,5,K,Q
-1.51,1csp_N10K,1csp,N10K,10,N,K
-0.72,1csp_E12K,1csp,E12K,12,E,K
-0.31,1csp_K13E,1csp,K13E,13,K,E
-0.17,1csp_K13Q,1csp,K13Q,13,K,Q
-0.5,1csp_E19K,1csp,E19K,19,E,K
-0.14,1csp_E19Q,1csp,E19Q,19,E,Q
-1.82,1csp_V20Q,1csp,V20Q,20,V,Q
-1.94,1csp_V20Q,1csp,V20Q,20,V,Q
-1.96,1csp_V20K,1csp,V20K,20,V,K
-1.94,1csp_V20K,1csp,V20K,20,V,K
-0.07,1csp_E21K,1csp,E21K,21,E,K
-0.24,1csp_E21Q,1csp,E21Q,21,E,Q
-0.6,1csp_D24K,1csp,D24K,24,D,K
-0.79,1csp_D24N,1csp,D24N,24,D,N
-1.46,1csp_D25K,1csp,D25K,25,D,K
-0.31,1csp_K39E,1csp,K39E,39,K,E
-0.07,1csp_K39Q,1csp,K39Q,39,K,Q
0.0,1csp_E42K,1csp,E42K,42,E,K
-0.12,1csp_E42Q,1csp,E42Q,42,E,Q
0.22,1csp_E43K,1csp,E43K,43,E,K
0.02,1csp_E43Q,1csp,E43Q,43,E,Q
-0.65,1csp_E50K,1csp,E50K,50,E,K
-0.02,1csp_E50K,1csp,E50K,50,E,K
-0.29,1csp_E53K,1csp,E53K,53,E,K
0.17,1csp_E53Q,1csp,E53Q,53,E,Q
-0.22,1csp_N55K,1csp,N55K,55,N,K
0.48,1csp_N55D,1csp,N55D,55,N,D
-1.91,1csp_K65E,1csp,K65E,65,K,E
-1.72,1csp_K65E,1csp,K65E,65,K,E
-0.96,1csp_K65Q,1csp,K65Q,65,K,Q
-0.76,1csp_K65Q,1csp,K65Q,65,K,Q
-3.11,1csp_K5E,1csp,K5E,5,K,E
-1.96,1csp_K5Q,1csp,K5Q,5,K,Q
-1.36,1csp_K5Q,1csp,K5Q,5,K,Q
-1.51,1csp_N10K,1csp,N10K,10,N,K
-0.62,1csp_E12K,1csp,E12K,12,E,K
-0.29,1csp_K13E,1csp,K13E,13,K,E
-0.14,1csp_K13Q,1csp,K13Q,13,K,Q
-0.57,1csp_E19K,1csp,E19K,19,E,K
-0.19,1csp_E19Q,1csp,E19Q,19,E,Q
-1.82,1csp_V20Q,1csp,V20Q,20,V,Q
-1.89,1csp_V20Q,1csp,V20Q,20,V,Q
-1.94,1csp_V20K,1csp,V20K,20,V,K
-1.89,1csp_V20K,1csp,V20K,20,V,K
-0.12,1csp_E21K,1csp,E21K,21,E,K
-0.31,1csp_E21Q,1csp,E21Q,21,E,Q
-0.48,1csp_D24K,1csp,D24K,24,D,K
-0.72,1csp_D24N,1csp,D24N,24,D,N
-1.39,1csp_D25K,1csp,D25K,25,D,K
-0.26,1csp_K39E,1csp,K39E,39,K,E
-0.02,1csp_K39Q,1csp,K39Q,39,K,Q
0.02,1csp_E42K,1csp,E42K,42,E,K
-0.12,1csp_E42Q,1csp,E42Q,42,E,Q
0.17,1csp_E43K,1csp,E43K,43,E,K
0.05,1csp_E43Q,1csp,E43Q,43,E,Q
-0.57,1csp_E50K,1csp,E50K,50,E,K
0.05,1csp_E50K,1csp,E50K,50,E,K
-0.19,1csp_E53K,1csp,E53K,53,E,K
0.19,1csp_E53Q,1csp,E53Q,53,E,Q
-0.1,1csp_N55K,1csp,N55K,55,N,K
0.5,1csp_N55D,1csp,N55D,55,N,D
-1.7,1csp_K65E,1csp,K65E,65,K,E
-1.51,1csp_K65E,1csp,K65E,65,K,E
-0.76,1csp_K65Q,1csp,K65Q,65,K,Q
-0.53,1csp_K65Q,1csp,K65Q,65,K,Q
-3.01,1csp_K5E,1csp,K5E,5,K,E
-2.46,1csp_K5E,1csp,K5E,5,K,E
-1.86,1csp_K5Q,1csp,K5Q,5,K,Q
-1.27,1csp_K5Q,1csp,K5Q,5,K,Q
-1.51,1csp_N10K,1csp,N10K,10,N,K
-0.57,1csp_E12K,1csp,E12K,12,E,K
-0.36,1csp_K13E,1csp,K13E,13,K,E
-0.22,1csp_K13Q,1csp,K13Q,13,K,Q
-0.65,1csp_E19K,1csp,E19K,19,E,K
-0.24,1csp_E19Q,1csp,E19Q,19,E,Q
-1.86,1csp_V20Q,1csp,V20Q,20,V,Q
-1.89,1csp_V20Q,1csp,V20Q,20,V,Q
-2.06,1csp_V20K,1csp,V20K,20,V,K
-1.91,1csp_V20K,1csp,V20K,20,V,K
-0.22,1csp_E21K,1csp,E21K,21,E,K
-0.36,1csp_E21Q,1csp,E21Q,21,E,Q
-0.48,1csp_D24K,1csp,D24K,24,D,K
-0.74,1csp_D24N,1csp,D24N,24,D,N
-1.41,1csp_D25K,1csp,D25K,25,D,K
-0.31,1csp_K39E,1csp,K39E,39,K,E
-0.1,1csp_K39Q,1csp,K39Q,39,K,Q
0.0,1csp_E42K,1csp,E42K,42,E,K
-0.19,1csp_E42Q,1csp,E42Q,42,E,Q
0.14,1csp_E43K,1csp,E43K,43,E,K
0.02,1csp_E43Q,1csp,E43Q,43,E,Q
-0.62,1csp_E50K,1csp,E50K,50,E,K
0.02,1csp_E50K,1csp,E50K,50,E,K
-0.24,1csp_E53K,1csp,E53K,53,E,K
0.14,1csp_E53Q,1csp,E53Q,53,E,Q
-0.12,1csp_N55K,1csp,N55K,55,N,K
0.43,1csp_N55D,1csp,N55D,55,N,D
-1.67,1csp_K65E,1csp,K65E,65,K,E
-1.36,1csp_K65E,1csp,K65E,65,K,E
-0.74,1csp_K65Q,1csp,K65Q,65,K,Q
-0.53,1csp_K65Q,1csp,K65Q,65,K,Q
-2.58,1csp_K5E,1csp,K5E,5,K,E
-2.25,1csp_K5E,1csp,K5E,5,K,E
-1.63,1csp_K5Q,1csp,K5Q,5,K,Q
-1.36,1csp_K5Q,1csp,K5Q,5,K,Q
-1.53,1csp_N10K,1csp,N10K,10,N,K
-0.48,1csp_E12K,1csp,E12K,12,E,K
-0.38,1csp_K13E,1csp,K13E,13,K,E
-0.24,1csp_K13Q,1csp,K13Q,13,K,Q
-0.72,1csp_E19K,1csp,E19K,19,E,K
-0.31,1csp_E19Q,1csp,E19Q,19,E,Q
-1.89,1csp_V20Q,1csp,V20Q,20,V,Q
-2.01,1csp_V20Q,1csp,V20Q,20,V,Q
-2.13,1csp_V20K,1csp,V20K,20,V,K
-2.08,1csp_V20K,1csp,V20K,20,V,K
-0.19,1csp_E21K,1csp,E21K,21,E,K
-0.41,1csp_E21Q,1csp,E21Q,21,E,Q
-0.45,1csp_D24K,1csp,D24K,24,D,K
-0.74,1csp_D24N,1csp,D24N,24,D,N
-1.39,1csp_D25K,1csp,D25K,25,D,K
-0.31,1csp_K39E,1csp,K39E,39,K,E
-0.14,1csp_K39Q,1csp,K39Q,39,K,Q
-0.02,1csp_E42K,1csp,E42K,42,E,K
-0.14,1csp_E42Q,1csp,E42Q,42,E,Q
0.17,1csp_E43K,1csp,E43K,43,E,K
-0.02,1csp_E43Q,1csp,E43Q,43,E,Q
-0.65,1csp_E50K,1csp,E50K,50,E,K
-0.05,1csp_E50K,1csp,E50K,50,E,K
-0.24,1csp_E53K,1csp,E53K,53,E,K
0.12,1csp_E53Q,1csp,E53Q,53,E,Q
-0.1,1csp_N55K,1csp,N55K,55,N,K
0.38,1csp_N55D,1csp,N55D,55,N,D
-1.48,1csp_K65E,1csp,K65E,65,K,E
-1.36,1csp_K65E,1csp,K65E,65,K,E
-0.67,1csp_K65Q,1csp,K65Q,65,K,Q
-0.48,1csp_K65Q,1csp,K65Q,65,K,Q
-1.94,1csp_K5E,1csp,K5E,5,K,E
-1.6,1csp_K5E,1csp,K5E,5,K,E
-1.12,1csp_K5Q,1csp,K5Q,5,K,Q
-1.0,1csp_K5Q,1csp,K5Q,5,K,Q
-1.39,1csp_N10K,1csp,N10K,10,N,K
-0.29,1csp_E12K,1csp,E12K,12,E,K
-0.43,1csp_K13E,1csp,K13E,13,K,E
-0.17,1csp_K13Q,1csp,K13Q,13,K,Q
-0.65,1csp_E19K,1csp,E19K,19,E,K
-0.31,1csp_E19Q,1csp,E19Q,19,E,Q
-1.84,1csp_V20Q,1csp,V20Q,20,V,Q
-2.01,1csp_V20Q,1csp,V20Q,20,V,Q
-2.1,1csp_V20K,1csp,V20K,20,V,K
-2.1,1csp_V20K,1csp,V20K,20,V,K
-0.17,1csp_E21K,1csp,E21K,21,E,K
-0.31,1csp_E21Q,1csp,E21Q,21,E,Q
-0.36,1csp_D24K,1csp,D24K,24,D,K
-0.55,1csp_D24N,1csp,D24N,24,D,N
-1.15,1csp_D25K,1csp,D25K,25,D,K
-0.17,1csp_K39E,1csp,K39E,39,K,E
-0.07,1csp_K39Q,1csp,K39Q,39,K,Q
0.12,1csp_E42K,1csp,E42K,42,E,K
-0.17,1csp_E42Q,1csp,E42Q,42,E,Q
0.29,1csp_E43K,1csp,E43K,43,E,K
0.07,1csp_E43Q,1csp,E43Q,43,E,Q
-0.45,1csp_E50K,1csp,E50K,50,E,K
-0.07,1csp_E50K,1csp,E50K,50,E,K
-0.14,1csp_E53K,1csp,E53K,53,E,K
0.29,1csp_E53Q,1csp,E53Q,53,E,Q
0.1,1csp_N55K,1csp,N55K,55,N,K
0.45,1csp_N55D,1csp,N55D,55,N,D
-1.17,1csp_K65E,1csp,K65E,65,K,E
-1.08,1csp_K65E,1csp,K65E,65,K,E
-0.45,1csp_K65Q,1csp,K65Q,65,K,Q
-0.31,1csp_K65Q,1csp,K65Q,65,K,Q
-1.29,1csp_K5E,1csp,K5E,5,K,E
-1.05,1csp_K5E,1csp,K5E,5,K,E
-0.74,1csp_K5Q,1csp,K5Q,5,K,Q
-0.6,1csp_K5Q,1csp,K5Q,5,K,Q
-1.36,1csp_N10K,1csp,N10K,10,N,K
-0.19,1csp_E12K,1csp,E12K,12,E,K
-0.43,1csp_K13E,1csp,K13E,13,K,E
-0.07,1csp_K13Q,1csp,K13Q,13,K,Q
-0.62,1csp_E19K,1csp,E19K,19,E,K
-0.31,1csp_E19Q,1csp,E19Q,19,E,Q
-1.79,1csp_V20Q,1csp,V20Q,20,V,Q
-2.01,1csp_V20Q,1csp,V20Q,20,V,Q
-2.1,1csp_V20K,1csp,V20K,20,V,K
-2.2,1csp_V20K,1csp,V20K,20,V,K
-0.12,1csp_E21K,1csp,E21K,21,E,K
-0.33,1csp_E21Q,1csp,E21Q,21,E,Q
-0.41,1csp_D24K,1csp,D24K,24,D,K
-0.45,1csp_D24N,1csp,D24N,24,D,N
-1.08,1csp_D25K,1csp,D25K,25,D,K
-0.05,1csp_K39E,1csp,K39E,39,K,E
0.0,1csp_K39Q,1csp,K39Q,39,K,Q
0.19,1csp_E42K,1csp,E42K,42,E,K
-0.19,1csp_E42Q,1csp,E42Q,42,E,Q
0.38,1csp_E43K,1csp,E43K,43,E,K
0.17,1csp_E43Q,1csp,E43Q,43,E,Q
-0.41,1csp_E50K,1csp,E50K,50,E,K
0.02,1csp_E50K,1csp,E50K,50,E,K
-0.05,1csp_E53K,1csp,E53K,53,E,K
0.31,1csp_E53Q,1csp,E53Q,53,E,Q
0.19,1csp_N55K,1csp,N55K,55,N,K
0.53,1csp_N55D,1csp,N55D,55,N,D
-0.93,1csp_K65E,1csp,K65E,65,K,E
-0.79,1csp_K65E,1csp,K65E,65,K,E
-0.29,1csp_K65Q,1csp,K65Q,65,K,Q
-0.12,1csp_K65Q,1csp,K65Q,65,K,Q
-2.7,1rtb_P93A,1rtb,P93A,93,P,A
-2.1,1rtb_P93S,1rtb,P93S,93,P,S
-3.2,1rtb_P114A,1rtb,P114A,114,P,A
-2.8,1rtb_P114G,1rtb,P114G,114,P,G
-3.54,1rtb_Y97F,1rtb,Y97F,97,Y,F
-12.0,1rtb_Y97A,1rtb,Y97A,97,Y,A
-11.7,1rtb_Y97G,1rtb,Y97G,97,Y,G
-2.2,1rtb_P93G,1rtb,P93G,93,P,G
-3.3,1rtb_P114G,1rtb,P114G,114,P,G
-2.6,1rtb_P93G,1rtb,P93G,93,P,G
-3.6,1rtb_P114G,1rtb,P114G,114,P,G
-3.2,1rtb_F46L,1rtb,F46L,46,F,L
-4.54,1rtb_F46V,1rtb,F46V,46,F,V
-6.36,1rtb_F46A,1rtb,F46A,46,F,A
-0.22,1rtb_A4S,1rtb,A4S,4,A,S
0.08,1rtb_A5S,1rtb,A5S,5,A,S
1.14,1rtb_S123A,1rtb,S123A,123,S,A
-0.57,1rtb_A4S,1rtb,A4S,4,A,S
-0.37,1rtb_A5S,1rtb,A5S,5,A,S
0.46,1rtb_S123A,1rtb,S123A,123,S,A
-0.62,1rtb_A4S,1rtb,A4S,4,A,S
-0.52,1rtb_A5S,1rtb,A5S,5,A,S
0.47,1rtb_S123A,1rtb,S123A,123,S,A
-3.8,1rtb_V47A,1rtb,V47A,47,V,A
-7.34,1rtb_V47G,1rtb,V47G,47,V,G
-2.58,1rtb_V54A,1rtb,V54A,54,V,A
-4.87,1rtb_V54G,1rtb,V54G,54,V,G
-2.85,1rtb_V57A,1rtb,V57A,57,V,A
-5.52,1rtb_V57G,1rtb,V57G,57,V,G
-2.02,1rtb_V63A,1rtb,V63A,63,V,A
-3.5,1rtb_V63G,1rtb,V63G,63,V,G
-0.43,1rtb_A64G,1rtb,A64G,64,A,G
-0.43,1rtb_I81V,1rtb,I81V,81,I,V
-2.99,1rtb_I81A,1rtb,I81A,81,I,A
-4.8,1rtb_I81G,1rtb,I81G,81,I,G
-0.8,1rtb_I106V,1rtb,I106V,106,I,V
-4.37,1rtb_I106A,1rtb,I106A,106,I,A
-0.08,1rtb_I107V,1rtb,I107V,107,I,V
-2.84,1rtb_I107A,1rtb,I107A,107,I,A
-4.2,1rtb_V108A,1rtb,V108A,108,V,A
-7.28,1rtb_V108G,1rtb,V108G,108,V,G
-0.43,1rtb_A109G,1rtb,A109G,109,A,G
-0.66,1rtb_V116A,1rtb,V116A,116,V,A
-1.18,1rtb_V116G,1rtb,V116G,116,V,G
-1.92,1rtb_V118A,1rtb,V118A,118,V,A
-2.77,1rtb_V118G,1rtb,V118G,118,V,G
-1.79,1rtb_I106L,1rtb,I106L,106,I,L
-2.19,1rtb_I107L,1rtb,I107L,107,I,L
-1.09,1rtb_V54L,1rtb,V54L,54,V,L
-1.95,1rtb_V54I,1rtb,V54I,54,V,I
-2.37,1rtb_V57L,1rtb,V57L,57,V,L
-1.3,1rtb_V57I,1rtb,V57I,57,V,I
-0.7,1rtb_V108L,1rtb,V108L,108,V,L
-0.43,1rtb_V108I,1rtb,V108I,108,V,I
-2.5,1rtb_S75A,1rtb,S75A,75,S,A
-2.8,1rtb_S75T,1rtb,S75T,75,S,T
-1.3,1c2r_K12D,1c2r,K12D,12,K,D
-1.3,1c2r_K14E,1c2r,K14E,14,K,E
0.2,1c2r_K32E,1c2r,K32E,32,K,E
